2025-08-16T08:29:19.508+08:00  INFO 17588 --- [skyBackend] [main] c.sky.skybackend.SkyBackendApplication   : Starting SkyBackendApplication using Java 21.0.4 with PID 17588 (D:\software\GitProject\skyBackend\target\classes started by W71one in D:\software\GitProject\skyBackend)
2025-08-16T08:29:19.514+08:00  INFO 17588 --- [skyBackend] [main] c.sky.skybackend.SkyBackendApplication   : No active profile set, falling back to 1 default profile: "default"
2025-08-16T08:29:20.245+08:00  INFO 17588 --- [skyBackend] [main] .s.d.r.c.RepositoryConfigurationDelegate : Multiple Spring Data modules found, entering strict repository configuration mode
2025-08-16T08:29:20.247+08:00  INFO 17588 --- [skyBackend] [main] .s.d.r.c.RepositoryConfigurationDelegate : Bootstrapping Spring Data Redis repositories in DEFAULT mode.
2025-08-16T08:29:20.275+08:00  INFO 17588 --- [skyBackend] [main] .s.d.r.c.RepositoryConfigurationDelegate : Finished Spring Data repository scanning in 12 ms. Found 0 Redis repository interfaces.
2025-08-16T08:29:20.775+08:00  INFO 17588 --- [skyBackend] [main] o.s.b.w.embedded.tomcat.TomcatWebServer  : Tomcat initialized with port 8081 (http)
2025-08-16T08:29:20.788+08:00  INFO 17588 --- [skyBackend] [main] o.apache.catalina.core.StandardService   : Starting service [Tomcat]
2025-08-16T08:29:20.789+08:00  INFO 17588 --- [skyBackend] [main] o.apache.catalina.core.StandardEngine    : Starting Servlet engine: [Apache Tomcat/10.1.43]
2025-08-16T08:29:20.837+08:00  INFO 17588 --- [skyBackend] [main] o.a.c.c.C.[Tomcat].[localhost].[/]       : Initializing Spring embedded WebApplicationContext
2025-08-16T08:29:20.838+08:00  INFO 17588 --- [skyBackend] [main] w.s.c.ServletWebServerApplicationContext : Root WebApplicationContext: initialization completed in 1280 ms
2025-08-16T08:29:21.913+08:00  INFO 17588 --- [skyBackend] [main] com.sky.skybackend.config.RedisConfig    : RedisTemplate配置完成
2025-08-16T08:29:22.644+08:00  INFO 17588 --- [skyBackend] [main] o.s.b.w.embedded.tomcat.TomcatWebServer  : Tomcat started on port 8081 (http) with context path '/'
2025-08-16T08:29:22.653+08:00  INFO 17588 --- [skyBackend] [main] c.sky.skybackend.SkyBackendApplication   : Started SkyBackendApplication in 3.735 seconds (process running for 4.465)
2025-08-16T08:29:28.397+08:00  INFO 17588 --- [skyBackend] [http-nio-8081-exec-1] o.a.c.c.C.[Tomcat].[localhost].[/]       : Initializing Spring DispatcherServlet 'dispatcherServlet'
2025-08-16T08:29:28.397+08:00  INFO 17588 --- [skyBackend] [http-nio-8081-exec-1] o.s.web.servlet.DispatcherServlet        : Initializing Servlet 'dispatcherServlet'
2025-08-16T08:29:28.398+08:00  INFO 17588 --- [skyBackend] [http-nio-8081-exec-1] o.s.web.servlet.DispatcherServlet        : Completed initialization in 1 ms
2025-08-16T08:29:28.486+08:00 DEBUG 17588 --- [skyBackend] [http-nio-8081-exec-1] o.s.jdbc.support.JdbcTransactionManager  : Creating new transaction with name [com.sky.skybackend.service.ServiceImpl.SlidingWindowTagScorerService.recordUserAction]: PROPAGATION_REQUIRED,ISOLATION_DEFAULT
2025-08-16T08:29:28.487+08:00  INFO 17588 --- [skyBackend] [http-nio-8081-exec-1] com.zaxxer.hikari.HikariDataSource       : HikariPool-1 - Starting...
2025-08-16T08:29:28.765+08:00  INFO 17588 --- [skyBackend] [http-nio-8081-exec-1] com.zaxxer.hikari.pool.HikariPool        : HikariPool-1 - Added connection com.mysql.cj.jdbc.ConnectionImpl@4251573b
2025-08-16T08:29:28.766+08:00  INFO 17588 --- [skyBackend] [http-nio-8081-exec-1] com.zaxxer.hikari.HikariDataSource       : HikariPool-1 - Start completed.
2025-08-16T08:29:28.770+08:00 DEBUG 17588 --- [skyBackend] [http-nio-8081-exec-1] o.s.jdbc.support.JdbcTransactionManager  : Acquired Connection [HikariProxyConnection@1573376113 wrapping com.mysql.cj.jdbc.ConnectionImpl@4251573b] for JDBC transaction
2025-08-16T08:29:28.772+08:00 DEBUG 17588 --- [skyBackend] [http-nio-8081-exec-1] o.s.jdbc.support.JdbcTransactionManager  : Switching JDBC Connection [HikariProxyConnection@1573376113 wrapping com.mysql.cj.jdbc.ConnectionImpl@4251573b] to manual commit
2025-08-16T08:29:28.839+08:00  INFO 17588 --- [skyBackend] [http-nio-8081-exec-1] c.s.s.s.S.SlidingWindowTagScorerService  : 用户行为存在，删除：UserAction(id=242094082, userId=1, videoId=-1322381310, type=1, createTime=2025-08-15T19:27:46)
2025-08-16T08:29:28.892+08:00 DEBUG 17588 --- [skyBackend] [http-nio-8081-exec-1] o.s.jdbc.support.JdbcTransactionManager  : Initiating transaction commit
2025-08-16T08:29:28.892+08:00 DEBUG 17588 --- [skyBackend] [http-nio-8081-exec-1] o.s.jdbc.support.JdbcTransactionManager  : Committing JDBC transaction on Connection [HikariProxyConnection@1573376113 wrapping com.mysql.cj.jdbc.ConnectionImpl@4251573b]
2025-08-16T08:29:28.896+08:00 DEBUG 17588 --- [skyBackend] [http-nio-8081-exec-1] o.s.jdbc.support.JdbcTransactionManager  : Releasing JDBC Connection [HikariProxyConnection@1573376113 wrapping com.mysql.cj.jdbc.ConnectionImpl@4251573b] after transaction
2025-08-16T08:30:39.894+08:00  INFO 17588 --- [skyBackend] [http-nio-8081-exec-4] c.s.s.s.ServiceImpl.VideoServiceImpl     : 用户ID: 2, 关注状态: null
2025-08-16T08:30:39.895+08:00  INFO 17588 --- [skyBackend] [http-nio-8081-exec-4] c.s.s.s.ServiceImpl.VideoServiceImpl     : 用户ID: 2, 关注状态: null
2025-08-16T08:30:39.895+08:00  INFO 17588 --- [skyBackend] [http-nio-8081-exec-4] c.s.s.s.ServiceImpl.VideoServiceImpl     : 用户ID: 2, 关注状态: null
2025-08-16T08:34:59.218+08:00  INFO 17588 --- [skyBackend] [SpringApplicationShutdownHook] o.s.b.w.e.tomcat.GracefulShutdown        : Commencing graceful shutdown. Waiting for active requests to complete
2025-08-16T08:34:59.227+08:00  INFO 17588 --- [skyBackend] [tomcat-shutdown] o.s.b.w.e.tomcat.GracefulShutdown        : Graceful shutdown complete
2025-08-16T08:34:59.240+08:00  INFO 17588 --- [skyBackend] [SpringApplicationShutdownHook] com.zaxxer.hikari.HikariDataSource       : HikariPool-1 - Shutdown initiated...
2025-08-16T08:34:59.245+08:00  INFO 17588 --- [skyBackend] [SpringApplicationShutdownHook] com.zaxxer.hikari.HikariDataSource       : HikariPool-1 - Shutdown completed.
2025-08-16T08:35:01.257+08:00  INFO 7036 --- [skyBackend] [main] c.sky.skybackend.SkyBackendApplication   : Starting SkyBackendApplication using Java 21.0.4 with PID 7036 (D:\software\GitProject\skyBackend\target\classes started by W71one in D:\software\GitProject\skyBackend)
2025-08-16T08:35:01.259+08:00  INFO 7036 --- [skyBackend] [main] c.sky.skybackend.SkyBackendApplication   : No active profile set, falling back to 1 default profile: "default"
2025-08-16T08:35:01.853+08:00  INFO 7036 --- [skyBackend] [main] .s.d.r.c.RepositoryConfigurationDelegate : Multiple Spring Data modules found, entering strict repository configuration mode
2025-08-16T08:35:01.855+08:00  INFO 7036 --- [skyBackend] [main] .s.d.r.c.RepositoryConfigurationDelegate : Bootstrapping Spring Data Redis repositories in DEFAULT mode.
2025-08-16T08:35:01.877+08:00  INFO 7036 --- [skyBackend] [main] .s.d.r.c.RepositoryConfigurationDelegate : Finished Spring Data repository scanning in 9 ms. Found 0 Redis repository interfaces.
2025-08-16T08:35:02.278+08:00  INFO 7036 --- [skyBackend] [main] o.s.b.w.embedded.tomcat.TomcatWebServer  : Tomcat initialized with port 8081 (http)
2025-08-16T08:35:02.289+08:00  INFO 7036 --- [skyBackend] [main] o.apache.catalina.core.StandardService   : Starting service [Tomcat]
2025-08-16T08:35:02.290+08:00  INFO 7036 --- [skyBackend] [main] o.apache.catalina.core.StandardEngine    : Starting Servlet engine: [Apache Tomcat/10.1.43]
2025-08-16T08:35:02.332+08:00  INFO 7036 --- [skyBackend] [main] o.a.c.c.C.[Tomcat].[localhost].[/]       : Initializing Spring embedded WebApplicationContext
2025-08-16T08:35:02.333+08:00  INFO 7036 --- [skyBackend] [main] w.s.c.ServletWebServerApplicationContext : Root WebApplicationContext: initialization completed in 1045 ms
2025-08-16T08:35:03.241+08:00  INFO 7036 --- [skyBackend] [main] com.sky.skybackend.config.RedisConfig    : RedisTemplate配置完成
2025-08-16T08:35:03.767+08:00  INFO 7036 --- [skyBackend] [main] o.s.b.w.embedded.tomcat.TomcatWebServer  : Tomcat started on port 8081 (http) with context path '/'
2025-08-16T08:35:03.774+08:00  INFO 7036 --- [skyBackend] [main] c.sky.skybackend.SkyBackendApplication   : Started SkyBackendApplication in 2.895 seconds (process running for 3.46)
2025-08-16T08:35:07.559+08:00  INFO 7036 --- [skyBackend] [http-nio-8081-exec-1] o.a.c.c.C.[Tomcat].[localhost].[/]       : Initializing Spring DispatcherServlet 'dispatcherServlet'
2025-08-16T08:35:07.559+08:00  INFO 7036 --- [skyBackend] [http-nio-8081-exec-1] o.s.web.servlet.DispatcherServlet        : Initializing Servlet 'dispatcherServlet'
2025-08-16T08:35:07.560+08:00  INFO 7036 --- [skyBackend] [http-nio-8081-exec-1] o.s.web.servlet.DispatcherServlet        : Completed initialization in 0 ms
2025-08-16T08:35:07.911+08:00  INFO 7036 --- [skyBackend] [http-nio-8081-exec-1] com.zaxxer.hikari.HikariDataSource       : HikariPool-1 - Starting...
2025-08-16T08:35:08.115+08:00  INFO 7036 --- [skyBackend] [http-nio-8081-exec-1] com.zaxxer.hikari.pool.HikariPool        : HikariPool-1 - Added connection com.mysql.cj.jdbc.ConnectionImpl@3011ff24
2025-08-16T08:35:08.116+08:00  INFO 7036 --- [skyBackend] [http-nio-8081-exec-1] com.zaxxer.hikari.HikariDataSource       : HikariPool-1 - Start completed.
2025-08-16T08:35:08.221+08:00  INFO 7036 --- [skyBackend] [http-nio-8081-exec-1] c.s.s.s.ServiceImpl.VideoServiceImpl     : 用户ID: 2, 关注状态: null
2025-08-16T08:35:08.221+08:00  INFO 7036 --- [skyBackend] [http-nio-8081-exec-1] c.s.s.s.ServiceImpl.VideoServiceImpl     : 用户ID: 2, 关注状态: null
2025-08-16T08:36:09.139+08:00  INFO 7036 --- [skyBackend] [SpringApplicationShutdownHook] o.s.b.w.e.tomcat.GracefulShutdown        : Commencing graceful shutdown. Waiting for active requests to complete
2025-08-16T08:36:09.148+08:00  INFO 7036 --- [skyBackend] [tomcat-shutdown] o.s.b.w.e.tomcat.GracefulShutdown        : Graceful shutdown complete
2025-08-16T08:36:09.161+08:00  INFO 7036 --- [skyBackend] [SpringApplicationShutdownHook] com.zaxxer.hikari.HikariDataSource       : HikariPool-1 - Shutdown initiated...
2025-08-16T08:36:09.165+08:00  INFO 7036 --- [skyBackend] [SpringApplicationShutdownHook] com.zaxxer.hikari.HikariDataSource       : HikariPool-1 - Shutdown completed.
2025-08-16T08:36:13.377+08:00  INFO 16416 --- [skyBackend] [main] c.sky.skybackend.SkyBackendApplication   : Starting SkyBackendApplication using Java 21.0.4 with PID 16416 (D:\software\GitProject\skyBackend\target\classes started by W71one in D:\software\GitProject\skyBackend)
2025-08-16T08:36:13.379+08:00  INFO 16416 --- [skyBackend] [main] c.sky.skybackend.SkyBackendApplication   : No active profile set, falling back to 1 default profile: "default"
2025-08-16T08:36:13.990+08:00  INFO 16416 --- [skyBackend] [main] .s.d.r.c.RepositoryConfigurationDelegate : Multiple Spring Data modules found, entering strict repository configuration mode
2025-08-16T08:36:13.992+08:00  INFO 16416 --- [skyBackend] [main] .s.d.r.c.RepositoryConfigurationDelegate : Bootstrapping Spring Data Redis repositories in DEFAULT mode.
2025-08-16T08:36:14.014+08:00  INFO 16416 --- [skyBackend] [main] .s.d.r.c.RepositoryConfigurationDelegate : Finished Spring Data repository scanning in 9 ms. Found 0 Redis repository interfaces.
2025-08-16T08:36:14.421+08:00  INFO 16416 --- [skyBackend] [main] o.s.b.w.embedded.tomcat.TomcatWebServer  : Tomcat initialized with port 8081 (http)
2025-08-16T08:36:14.433+08:00  INFO 16416 --- [skyBackend] [main] o.apache.catalina.core.StandardService   : Starting service [Tomcat]
2025-08-16T08:36:14.433+08:00  INFO 16416 --- [skyBackend] [main] o.apache.catalina.core.StandardEngine    : Starting Servlet engine: [Apache Tomcat/10.1.43]
2025-08-16T08:36:14.476+08:00  INFO 16416 --- [skyBackend] [main] o.a.c.c.C.[Tomcat].[localhost].[/]       : Initializing Spring embedded WebApplicationContext
2025-08-16T08:36:14.476+08:00  INFO 16416 --- [skyBackend] [main] w.s.c.ServletWebServerApplicationContext : Root WebApplicationContext: initialization completed in 1067 ms
2025-08-16T08:36:15.327+08:00  INFO 16416 --- [skyBackend] [main] com.sky.skybackend.config.RedisConfig    : RedisTemplate配置完成
2025-08-16T08:36:15.842+08:00  INFO 16416 --- [skyBackend] [main] o.s.b.w.embedded.tomcat.TomcatWebServer  : Tomcat started on port 8081 (http) with context path '/'
2025-08-16T08:36:15.849+08:00  INFO 16416 --- [skyBackend] [main] c.sky.skybackend.SkyBackendApplication   : Started SkyBackendApplication in 2.884 seconds (process running for 3.403)
2025-08-16T08:36:18.766+08:00  INFO 16416 --- [skyBackend] [http-nio-8081-exec-2] o.a.c.c.C.[Tomcat].[localhost].[/]       : Initializing Spring DispatcherServlet 'dispatcherServlet'
2025-08-16T08:36:18.766+08:00  INFO 16416 --- [skyBackend] [http-nio-8081-exec-2] o.s.web.servlet.DispatcherServlet        : Initializing Servlet 'dispatcherServlet'
2025-08-16T08:36:18.767+08:00  INFO 16416 --- [skyBackend] [http-nio-8081-exec-2] o.s.web.servlet.DispatcherServlet        : Completed initialization in 1 ms
2025-08-16T08:36:19.117+08:00  INFO 16416 --- [skyBackend] [http-nio-8081-exec-2] com.zaxxer.hikari.HikariDataSource       : HikariPool-1 - Starting...
2025-08-16T08:36:19.321+08:00  INFO 16416 --- [skyBackend] [http-nio-8081-exec-2] com.zaxxer.hikari.pool.HikariPool        : HikariPool-1 - Added connection com.mysql.cj.jdbc.ConnectionImpl@3280971b
2025-08-16T08:36:19.323+08:00  INFO 16416 --- [skyBackend] [http-nio-8081-exec-2] com.zaxxer.hikari.HikariDataSource       : HikariPool-1 - Start completed.
2025-08-16T08:36:19.425+08:00  INFO 16416 --- [skyBackend] [http-nio-8081-exec-2] c.s.s.s.ServiceImpl.VideoServiceImpl     : 用户ID: 2, 关注状态: null
2025-08-16T08:36:19.425+08:00  INFO 16416 --- [skyBackend] [http-nio-8081-exec-2] c.s.s.s.ServiceImpl.VideoServiceImpl     : 用户ID: 2, 关注状态: null
2025-08-16T08:36:19.425+08:00  INFO 16416 --- [skyBackend] [http-nio-8081-exec-2] c.s.s.s.ServiceImpl.VideoServiceImpl     : 用户ID: 2, 关注状态: null
2025-08-16T08:36:19.425+08:00  INFO 16416 --- [skyBackend] [http-nio-8081-exec-2] c.s.s.s.ServiceImpl.VideoServiceImpl     : 用户ID: 2, 关注状态: null
2025-08-16T08:37:26.594+08:00  INFO 16416 --- [skyBackend] [SpringApplicationShutdownHook] o.s.b.w.e.tomcat.GracefulShutdown        : Commencing graceful shutdown. Waiting for active requests to complete
2025-08-16T08:37:26.603+08:00  INFO 16416 --- [skyBackend] [tomcat-shutdown] o.s.b.w.e.tomcat.GracefulShutdown        : Graceful shutdown complete
2025-08-16T08:37:26.615+08:00  INFO 16416 --- [skyBackend] [SpringApplicationShutdownHook] com.zaxxer.hikari.HikariDataSource       : HikariPool-1 - Shutdown initiated...
2025-08-16T08:37:26.619+08:00  INFO 16416 --- [skyBackend] [SpringApplicationShutdownHook] com.zaxxer.hikari.HikariDataSource       : HikariPool-1 - Shutdown completed.
2025-08-16T08:37:32.213+08:00  INFO 16652 --- [skyBackend] [main] c.sky.skybackend.SkyBackendApplication   : Starting SkyBackendApplication using Java 21.0.4 with PID 16652 (D:\software\GitProject\skyBackend\target\classes started by W71one in D:\software\GitProject\skyBackend)
2025-08-16T08:37:32.215+08:00  INFO 16652 --- [skyBackend] [main] c.sky.skybackend.SkyBackendApplication   : No active profile set, falling back to 1 default profile: "default"
2025-08-16T08:37:32.873+08:00  INFO 16652 --- [skyBackend] [main] .s.d.r.c.RepositoryConfigurationDelegate : Multiple Spring Data modules found, entering strict repository configuration mode
2025-08-16T08:37:32.876+08:00  INFO 16652 --- [skyBackend] [main] .s.d.r.c.RepositoryConfigurationDelegate : Bootstrapping Spring Data Redis repositories in DEFAULT mode.
2025-08-16T08:37:32.899+08:00  INFO 16652 --- [skyBackend] [main] .s.d.r.c.RepositoryConfigurationDelegate : Finished Spring Data repository scanning in 9 ms. Found 0 Redis repository interfaces.
2025-08-16T08:37:33.344+08:00  INFO 16652 --- [skyBackend] [main] o.s.b.w.embedded.tomcat.TomcatWebServer  : Tomcat initialized with port 8081 (http)
2025-08-16T08:37:33.356+08:00  INFO 16652 --- [skyBackend] [main] o.apache.catalina.core.StandardService   : Starting service [Tomcat]
2025-08-16T08:37:33.356+08:00  INFO 16652 --- [skyBackend] [main] o.apache.catalina.core.StandardEngine    : Starting Servlet engine: [Apache Tomcat/10.1.43]
2025-08-16T08:37:33.401+08:00  INFO 16652 --- [skyBackend] [main] o.a.c.c.C.[Tomcat].[localhost].[/]       : Initializing Spring embedded WebApplicationContext
2025-08-16T08:37:33.401+08:00  INFO 16652 --- [skyBackend] [main] w.s.c.ServletWebServerApplicationContext : Root WebApplicationContext: initialization completed in 1148 ms
2025-08-16T08:37:34.311+08:00  INFO 16652 --- [skyBackend] [main] com.sky.skybackend.config.RedisConfig    : RedisTemplate配置完成
2025-08-16T08:37:34.860+08:00  INFO 16652 --- [skyBackend] [main] o.s.b.w.embedded.tomcat.TomcatWebServer  : Tomcat started on port 8081 (http) with context path '/'
2025-08-16T08:37:34.873+08:00  INFO 16652 --- [skyBackend] [main] c.sky.skybackend.SkyBackendApplication   : Started SkyBackendApplication in 3.05 seconds (process running for 4.16)
2025-08-16T08:38:50.170+08:00  INFO 16652 --- [skyBackend] [http-nio-8081-exec-1] o.a.c.c.C.[Tomcat].[localhost].[/]       : Initializing Spring DispatcherServlet 'dispatcherServlet'
2025-08-16T08:38:50.170+08:00  INFO 16652 --- [skyBackend] [http-nio-8081-exec-1] o.s.web.servlet.DispatcherServlet        : Initializing Servlet 'dispatcherServlet'
2025-08-16T08:38:50.171+08:00  INFO 16652 --- [skyBackend] [http-nio-8081-exec-1] o.s.web.servlet.DispatcherServlet        : Completed initialization in 1 ms
2025-08-16T08:38:50.570+08:00  INFO 16652 --- [skyBackend] [http-nio-8081-exec-1] com.zaxxer.hikari.HikariDataSource       : HikariPool-1 - Starting...
2025-08-16T08:38:50.792+08:00  INFO 16652 --- [skyBackend] [http-nio-8081-exec-1] com.zaxxer.hikari.pool.HikariPool        : HikariPool-1 - Added connection com.mysql.cj.jdbc.ConnectionImpl@11718b58
2025-08-16T08:38:50.793+08:00  INFO 16652 --- [skyBackend] [http-nio-8081-exec-1] com.zaxxer.hikari.HikariDataSource       : HikariPool-1 - Start completed.
2025-08-16T08:38:50.907+08:00  INFO 16652 --- [skyBackend] [http-nio-8081-exec-1] c.s.s.s.ServiceImpl.VideoServiceImpl     : 用户ID: 2, 关注状态: null
2025-08-16T08:38:50.907+08:00  INFO 16652 --- [skyBackend] [http-nio-8081-exec-1] c.s.s.s.ServiceImpl.VideoServiceImpl     : 用户ID: 2, 关注状态: null
2025-08-16T08:38:50.907+08:00  INFO 16652 --- [skyBackend] [http-nio-8081-exec-1] c.s.s.s.ServiceImpl.VideoServiceImpl     : 用户ID: 2, 关注状态: null
2025-08-16T08:38:50.907+08:00  INFO 16652 --- [skyBackend] [http-nio-8081-exec-1] c.s.s.s.ServiceImpl.VideoServiceImpl     : 用户ID: 2, 关注状态: null
2025-08-16T08:39:09.951+08:00  INFO 16652 --- [skyBackend] [SpringApplicationShutdownHook] o.s.b.w.e.tomcat.GracefulShutdown        : Commencing graceful shutdown. Waiting for active requests to complete
2025-08-16T08:39:09.960+08:00  INFO 16652 --- [skyBackend] [tomcat-shutdown] o.s.b.w.e.tomcat.GracefulShutdown        : Graceful shutdown complete
2025-08-16T08:39:09.975+08:00  INFO 16652 --- [skyBackend] [SpringApplicationShutdownHook] com.zaxxer.hikari.HikariDataSource       : HikariPool-1 - Shutdown initiated...
2025-08-16T08:39:09.981+08:00  INFO 16652 --- [skyBackend] [SpringApplicationShutdownHook] com.zaxxer.hikari.HikariDataSource       : HikariPool-1 - Shutdown completed.
2025-08-16T08:39:12.289+08:00  INFO 16580 --- [skyBackend] [main] c.sky.skybackend.SkyBackendApplication   : Starting SkyBackendApplication using Java 21.0.4 with PID 16580 (D:\software\GitProject\skyBackend\target\classes started by W71one in D:\software\GitProject\skyBackend)
2025-08-16T08:39:12.291+08:00  INFO 16580 --- [skyBackend] [main] c.sky.skybackend.SkyBackendApplication   : No active profile set, falling back to 1 default profile: "default"
2025-08-16T08:39:12.954+08:00  INFO 16580 --- [skyBackend] [main] .s.d.r.c.RepositoryConfigurationDelegate : Multiple Spring Data modules found, entering strict repository configuration mode
2025-08-16T08:39:12.957+08:00  INFO 16580 --- [skyBackend] [main] .s.d.r.c.RepositoryConfigurationDelegate : Bootstrapping Spring Data Redis repositories in DEFAULT mode.
2025-08-16T08:39:12.983+08:00  INFO 16580 --- [skyBackend] [main] .s.d.r.c.RepositoryConfigurationDelegate : Finished Spring Data repository scanning in 11 ms. Found 0 Redis repository interfaces.
2025-08-16T08:39:13.938+08:00  INFO 16580 --- [skyBackend] [main] o.s.b.w.embedded.tomcat.TomcatWebServer  : Tomcat initialized with port 8081 (http)
2025-08-16T08:39:13.961+08:00  INFO 16580 --- [skyBackend] [main] o.apache.catalina.core.StandardService   : Starting service [Tomcat]
2025-08-16T08:39:13.961+08:00  INFO 16580 --- [skyBackend] [main] o.apache.catalina.core.StandardEngine    : Starting Servlet engine: [Apache Tomcat/10.1.43]
2025-08-16T08:39:14.029+08:00  INFO 16580 --- [skyBackend] [main] o.a.c.c.C.[Tomcat].[localhost].[/]       : Initializing Spring embedded WebApplicationContext
2025-08-16T08:39:14.029+08:00  INFO 16580 --- [skyBackend] [main] w.s.c.ServletWebServerApplicationContext : Root WebApplicationContext: initialization completed in 1707 ms
2025-08-16T08:39:15.649+08:00  INFO 16580 --- [skyBackend] [main] com.sky.skybackend.config.RedisConfig    : RedisTemplate配置完成
2025-08-16T08:39:16.746+08:00  INFO 16580 --- [skyBackend] [main] o.s.b.w.embedded.tomcat.TomcatWebServer  : Tomcat started on port 8081 (http) with context path '/'
2025-08-16T08:39:16.759+08:00  INFO 16580 --- [skyBackend] [main] c.sky.skybackend.SkyBackendApplication   : Started SkyBackendApplication in 4.872 seconds (process running for 5.665)
2025-08-16T08:39:19.316+08:00  INFO 16580 --- [skyBackend] [http-nio-8081-exec-1] o.a.c.c.C.[Tomcat].[localhost].[/]       : Initializing Spring DispatcherServlet 'dispatcherServlet'
2025-08-16T08:39:19.316+08:00  INFO 16580 --- [skyBackend] [http-nio-8081-exec-1] o.s.web.servlet.DispatcherServlet        : Initializing Servlet 'dispatcherServlet'
2025-08-16T08:39:19.317+08:00  INFO 16580 --- [skyBackend] [http-nio-8081-exec-1] o.s.web.servlet.DispatcherServlet        : Completed initialization in 1 ms
2025-08-16T08:39:19.970+08:00  INFO 16580 --- [skyBackend] [http-nio-8081-exec-1] com.zaxxer.hikari.HikariDataSource       : HikariPool-1 - Starting...
2025-08-16T08:39:20.408+08:00  INFO 16580 --- [skyBackend] [http-nio-8081-exec-1] com.zaxxer.hikari.pool.HikariPool        : HikariPool-1 - Added connection com.mysql.cj.jdbc.ConnectionImpl@3ccd16a6
2025-08-16T08:39:20.411+08:00  INFO 16580 --- [skyBackend] [http-nio-8081-exec-1] com.zaxxer.hikari.HikariDataSource       : HikariPool-1 - Start completed.
2025-08-16T08:41:35.452+08:00  WARN 16580 --- [skyBackend] [HikariPool-1:housekeeper] com.zaxxer.hikari.pool.HikariPool        : HikariPool-1 - Thread starvation or clock leap detected (housekeeper delta=2m14s930ms495µs800ns).
2025-08-16T08:41:35.469+08:00  INFO 16580 --- [skyBackend] [http-nio-8081-exec-1] c.s.s.s.ServiceImpl.VideoServiceImpl     : 用户ID: 2, 关注状态: null
2025-08-16T08:41:35.481+08:00  INFO 16580 --- [skyBackend] [SpringApplicationShutdownHook] o.s.b.w.e.tomcat.GracefulShutdown        : Commencing graceful shutdown. Waiting for active requests to complete
2025-08-16T08:41:35.546+08:00  INFO 16580 --- [skyBackend] [tomcat-shutdown] o.s.b.w.e.tomcat.GracefulShutdown        : Graceful shutdown complete
2025-08-16T08:41:35.560+08:00  INFO 16580 --- [skyBackend] [SpringApplicationShutdownHook] com.zaxxer.hikari.HikariDataSource       : HikariPool-1 - Shutdown initiated...
2025-08-16T08:41:35.579+08:00  INFO 16580 --- [skyBackend] [SpringApplicationShutdownHook] com.zaxxer.hikari.HikariDataSource       : HikariPool-1 - Shutdown completed.
2025-08-16T08:41:39.830+08:00  INFO 11548 --- [skyBackend] [main] c.sky.skybackend.SkyBackendApplication   : Starting SkyBackendApplication using Java 21.0.4 with PID 11548 (D:\software\GitProject\skyBackend\target\classes started by W71one in D:\software\GitProject\skyBackend)
2025-08-16T08:41:39.832+08:00  INFO 11548 --- [skyBackend] [main] c.sky.skybackend.SkyBackendApplication   : No active profile set, falling back to 1 default profile: "default"
2025-08-16T08:41:40.460+08:00  INFO 11548 --- [skyBackend] [main] .s.d.r.c.RepositoryConfigurationDelegate : Multiple Spring Data modules found, entering strict repository configuration mode
2025-08-16T08:41:40.462+08:00  INFO 11548 --- [skyBackend] [main] .s.d.r.c.RepositoryConfigurationDelegate : Bootstrapping Spring Data Redis repositories in DEFAULT mode.
2025-08-16T08:41:40.486+08:00  INFO 11548 --- [skyBackend] [main] .s.d.r.c.RepositoryConfigurationDelegate : Finished Spring Data repository scanning in 10 ms. Found 0 Redis repository interfaces.
2025-08-16T08:41:40.893+08:00  INFO 11548 --- [skyBackend] [main] o.s.b.w.embedded.tomcat.TomcatWebServer  : Tomcat initialized with port 8081 (http)
2025-08-16T08:41:40.905+08:00  INFO 11548 --- [skyBackend] [main] o.apache.catalina.core.StandardService   : Starting service [Tomcat]
2025-08-16T08:41:40.906+08:00  INFO 11548 --- [skyBackend] [main] o.apache.catalina.core.StandardEngine    : Starting Servlet engine: [Apache Tomcat/10.1.43]
2025-08-16T08:41:40.949+08:00  INFO 11548 --- [skyBackend] [main] o.a.c.c.C.[Tomcat].[localhost].[/]       : Initializing Spring embedded WebApplicationContext
2025-08-16T08:41:40.949+08:00  INFO 11548 --- [skyBackend] [main] w.s.c.ServletWebServerApplicationContext : Root WebApplicationContext: initialization completed in 1089 ms
2025-08-16T08:41:41.820+08:00  INFO 11548 --- [skyBackend] [main] com.sky.skybackend.config.RedisConfig    : RedisTemplate配置完成
2025-08-16T08:41:42.344+08:00  INFO 11548 --- [skyBackend] [main] o.s.b.w.embedded.tomcat.TomcatWebServer  : Tomcat started on port 8081 (http) with context path '/'
2025-08-16T08:41:42.351+08:00  INFO 11548 --- [skyBackend] [main] c.sky.skybackend.SkyBackendApplication   : Started SkyBackendApplication in 2.923 seconds (process running for 3.428)
2025-08-16T08:41:45.045+08:00  INFO 11548 --- [skyBackend] [http-nio-8081-exec-1] o.a.c.c.C.[Tomcat].[localhost].[/]       : Initializing Spring DispatcherServlet 'dispatcherServlet'
2025-08-16T08:41:45.045+08:00  INFO 11548 --- [skyBackend] [http-nio-8081-exec-1] o.s.web.servlet.DispatcherServlet        : Initializing Servlet 'dispatcherServlet'
2025-08-16T08:41:45.046+08:00  INFO 11548 --- [skyBackend] [http-nio-8081-exec-1] o.s.web.servlet.DispatcherServlet        : Completed initialization in 0 ms
2025-08-16T08:41:45.429+08:00  INFO 11548 --- [skyBackend] [http-nio-8081-exec-1] com.zaxxer.hikari.HikariDataSource       : HikariPool-1 - Starting...
2025-08-16T08:41:45.631+08:00  INFO 11548 --- [skyBackend] [http-nio-8081-exec-1] com.zaxxer.hikari.pool.HikariPool        : HikariPool-1 - Added connection com.mysql.cj.jdbc.ConnectionImpl@39393534
2025-08-16T08:41:45.633+08:00  INFO 11548 --- [skyBackend] [http-nio-8081-exec-1] com.zaxxer.hikari.HikariDataSource       : HikariPool-1 - Start completed.
2025-08-16T08:41:45.714+08:00  INFO 11548 --- [skyBackend] [http-nio-8081-exec-1] c.s.s.s.ServiceImpl.VideoServiceImpl     : 视频发布者ID: [1, 2, 3]
2025-08-16T08:41:45.737+08:00  INFO 11548 --- [skyBackend] [http-nio-8081-exec-1] c.s.s.s.ServiceImpl.VideoServiceImpl     : 用户ID: 2, 关注状态: null
2025-08-16T08:41:45.737+08:00  INFO 11548 --- [skyBackend] [http-nio-8081-exec-1] c.s.s.s.ServiceImpl.VideoServiceImpl     : 用户ID: 2, 关注状态: null
2025-08-16T08:41:45.737+08:00  INFO 11548 --- [skyBackend] [http-nio-8081-exec-1] c.s.s.s.ServiceImpl.VideoServiceImpl     : 用户ID: 2, 关注状态: null
2025-08-16T08:41:45.737+08:00  INFO 11548 --- [skyBackend] [http-nio-8081-exec-1] c.s.s.s.ServiceImpl.VideoServiceImpl     : 用户ID: 2, 关注状态: null
2025-08-16T08:44:04.155+08:00  INFO 11548 --- [skyBackend] [SpringApplicationShutdownHook] o.s.b.w.e.tomcat.GracefulShutdown        : Commencing graceful shutdown. Waiting for active requests to complete
2025-08-16T08:44:04.164+08:00  INFO 11548 --- [skyBackend] [tomcat-shutdown] o.s.b.w.e.tomcat.GracefulShutdown        : Graceful shutdown complete
2025-08-16T08:44:04.176+08:00  INFO 11548 --- [skyBackend] [SpringApplicationShutdownHook] com.zaxxer.hikari.HikariDataSource       : HikariPool-1 - Shutdown initiated...
2025-08-16T08:44:04.181+08:00  INFO 11548 --- [skyBackend] [SpringApplicationShutdownHook] com.zaxxer.hikari.HikariDataSource       : HikariPool-1 - Shutdown completed.
2025-08-16T08:44:07.557+08:00  INFO 14580 --- [skyBackend] [main] c.sky.skybackend.SkyBackendApplication   : Starting SkyBackendApplication using Java 21.0.4 with PID 14580 (D:\software\GitProject\skyBackend\target\classes started by W71one in D:\software\GitProject\skyBackend)
2025-08-16T08:44:07.559+08:00  INFO 14580 --- [skyBackend] [main] c.sky.skybackend.SkyBackendApplication   : No active profile set, falling back to 1 default profile: "default"
2025-08-16T08:44:08.212+08:00  INFO 14580 --- [skyBackend] [main] .s.d.r.c.RepositoryConfigurationDelegate : Multiple Spring Data modules found, entering strict repository configuration mode
2025-08-16T08:44:08.214+08:00  INFO 14580 --- [skyBackend] [main] .s.d.r.c.RepositoryConfigurationDelegate : Bootstrapping Spring Data Redis repositories in DEFAULT mode.
2025-08-16T08:44:08.238+08:00  INFO 14580 --- [skyBackend] [main] .s.d.r.c.RepositoryConfigurationDelegate : Finished Spring Data repository scanning in 10 ms. Found 0 Redis repository interfaces.
2025-08-16T08:44:08.686+08:00  INFO 14580 --- [skyBackend] [main] o.s.b.w.embedded.tomcat.TomcatWebServer  : Tomcat initialized with port 8081 (http)
2025-08-16T08:44:08.699+08:00  INFO 14580 --- [skyBackend] [main] o.apache.catalina.core.StandardService   : Starting service [Tomcat]
2025-08-16T08:44:08.699+08:00  INFO 14580 --- [skyBackend] [main] o.apache.catalina.core.StandardEngine    : Starting Servlet engine: [Apache Tomcat/10.1.43]
2025-08-16T08:44:08.749+08:00  INFO 14580 --- [skyBackend] [main] o.a.c.c.C.[Tomcat].[localhost].[/]       : Initializing Spring embedded WebApplicationContext
2025-08-16T08:44:08.750+08:00  INFO 14580 --- [skyBackend] [main] w.s.c.ServletWebServerApplicationContext : Root WebApplicationContext: initialization completed in 1161 ms
2025-08-16T08:44:09.651+08:00  INFO 14580 --- [skyBackend] [main] com.sky.skybackend.config.RedisConfig    : RedisTemplate配置完成
2025-08-16T08:44:10.183+08:00  INFO 14580 --- [skyBackend] [main] o.s.b.w.embedded.tomcat.TomcatWebServer  : Tomcat started on port 8081 (http) with context path '/'
2025-08-16T08:44:10.190+08:00  INFO 14580 --- [skyBackend] [main] c.sky.skybackend.SkyBackendApplication   : Started SkyBackendApplication in 3.014 seconds (process running for 3.509)
2025-08-16T08:44:37.356+08:00  INFO 14580 --- [skyBackend] [SpringApplicationShutdownHook] o.s.b.w.e.tomcat.GracefulShutdown        : Commencing graceful shutdown. Waiting for active requests to complete
2025-08-16T08:44:37.365+08:00  INFO 14580 --- [skyBackend] [tomcat-shutdown] o.s.b.w.e.tomcat.GracefulShutdown        : Graceful shutdown complete
2025-08-16T08:44:40.782+08:00  INFO 17616 --- [skyBackend] [main] c.sky.skybackend.SkyBackendApplication   : Starting SkyBackendApplication using Java 21.0.4 with PID 17616 (D:\software\GitProject\skyBackend\target\classes started by W71one in D:\software\GitProject\skyBackend)
2025-08-16T08:44:40.783+08:00  INFO 17616 --- [skyBackend] [main] c.sky.skybackend.SkyBackendApplication   : No active profile set, falling back to 1 default profile: "default"
2025-08-16T08:44:41.399+08:00  INFO 17616 --- [skyBackend] [main] .s.d.r.c.RepositoryConfigurationDelegate : Multiple Spring Data modules found, entering strict repository configuration mode
2025-08-16T08:44:41.401+08:00  INFO 17616 --- [skyBackend] [main] .s.d.r.c.RepositoryConfigurationDelegate : Bootstrapping Spring Data Redis repositories in DEFAULT mode.
2025-08-16T08:44:41.424+08:00  INFO 17616 --- [skyBackend] [main] .s.d.r.c.RepositoryConfigurationDelegate : Finished Spring Data repository scanning in 9 ms. Found 0 Redis repository interfaces.
2025-08-16T08:44:41.831+08:00  INFO 17616 --- [skyBackend] [main] o.s.b.w.embedded.tomcat.TomcatWebServer  : Tomcat initialized with port 8081 (http)
2025-08-16T08:44:41.843+08:00  INFO 17616 --- [skyBackend] [main] o.apache.catalina.core.StandardService   : Starting service [Tomcat]
2025-08-16T08:44:41.843+08:00  INFO 17616 --- [skyBackend] [main] o.apache.catalina.core.StandardEngine    : Starting Servlet engine: [Apache Tomcat/10.1.43]
2025-08-16T08:44:41.886+08:00  INFO 17616 --- [skyBackend] [main] o.a.c.c.C.[Tomcat].[localhost].[/]       : Initializing Spring embedded WebApplicationContext
2025-08-16T08:44:41.887+08:00  INFO 17616 --- [skyBackend] [main] w.s.c.ServletWebServerApplicationContext : Root WebApplicationContext: initialization completed in 1076 ms
2025-08-16T08:44:42.720+08:00  INFO 17616 --- [skyBackend] [main] com.sky.skybackend.config.RedisConfig    : RedisTemplate配置完成
2025-08-16T08:44:43.229+08:00  INFO 17616 --- [skyBackend] [main] o.s.b.w.embedded.tomcat.TomcatWebServer  : Tomcat started on port 8081 (http) with context path '/'
2025-08-16T08:44:43.236+08:00  INFO 17616 --- [skyBackend] [main] c.sky.skybackend.SkyBackendApplication   : Started SkyBackendApplication in 2.82 seconds (process running for 3.298)
2025-08-16T08:45:28.087+08:00  INFO 17616 --- [skyBackend] [SpringApplicationShutdownHook] o.s.b.w.e.tomcat.GracefulShutdown        : Commencing graceful shutdown. Waiting for active requests to complete
2025-08-16T08:45:28.096+08:00  INFO 17616 --- [skyBackend] [tomcat-shutdown] o.s.b.w.e.tomcat.GracefulShutdown        : Graceful shutdown complete
2025-08-16T08:45:31.552+08:00  INFO 6576 --- [skyBackend] [main] c.sky.skybackend.SkyBackendApplication   : Starting SkyBackendApplication using Java 21.0.4 with PID 6576 (D:\software\GitProject\skyBackend\target\classes started by W71one in D:\software\GitProject\skyBackend)
2025-08-16T08:45:31.554+08:00  INFO 6576 --- [skyBackend] [main] c.sky.skybackend.SkyBackendApplication   : No active profile set, falling back to 1 default profile: "default"
2025-08-16T08:45:32.207+08:00  INFO 6576 --- [skyBackend] [main] .s.d.r.c.RepositoryConfigurationDelegate : Multiple Spring Data modules found, entering strict repository configuration mode
2025-08-16T08:45:32.209+08:00  INFO 6576 --- [skyBackend] [main] .s.d.r.c.RepositoryConfigurationDelegate : Bootstrapping Spring Data Redis repositories in DEFAULT mode.
2025-08-16T08:45:32.232+08:00  INFO 6576 --- [skyBackend] [main] .s.d.r.c.RepositoryConfigurationDelegate : Finished Spring Data repository scanning in 9 ms. Found 0 Redis repository interfaces.
2025-08-16T08:45:32.648+08:00  INFO 6576 --- [skyBackend] [main] o.s.b.w.embedded.tomcat.TomcatWebServer  : Tomcat initialized with port 8081 (http)
2025-08-16T08:45:32.660+08:00  INFO 6576 --- [skyBackend] [main] o.apache.catalina.core.StandardService   : Starting service [Tomcat]
2025-08-16T08:45:32.660+08:00  INFO 6576 --- [skyBackend] [main] o.apache.catalina.core.StandardEngine    : Starting Servlet engine: [Apache Tomcat/10.1.43]
2025-08-16T08:45:32.705+08:00  INFO 6576 --- [skyBackend] [main] o.a.c.c.C.[Tomcat].[localhost].[/]       : Initializing Spring embedded WebApplicationContext
2025-08-16T08:45:32.706+08:00  INFO 6576 --- [skyBackend] [main] w.s.c.ServletWebServerApplicationContext : Root WebApplicationContext: initialization completed in 1121 ms
2025-08-16T08:45:33.552+08:00  INFO 6576 --- [skyBackend] [main] com.sky.skybackend.config.RedisConfig    : RedisTemplate配置完成
2025-08-16T08:45:34.086+08:00  INFO 6576 --- [skyBackend] [main] o.s.b.w.embedded.tomcat.TomcatWebServer  : Tomcat started on port 8081 (http) with context path '/'
2025-08-16T08:45:34.094+08:00  INFO 6576 --- [skyBackend] [main] c.sky.skybackend.SkyBackendApplication   : Started SkyBackendApplication in 2.936 seconds (process running for 3.43)
2025-08-16T08:45:36.103+08:00  INFO 6576 --- [skyBackend] [http-nio-8081-exec-1] o.a.c.c.C.[Tomcat].[localhost].[/]       : Initializing Spring DispatcherServlet 'dispatcherServlet'
2025-08-16T08:45:36.103+08:00  INFO 6576 --- [skyBackend] [http-nio-8081-exec-1] o.s.web.servlet.DispatcherServlet        : Initializing Servlet 'dispatcherServlet'
2025-08-16T08:45:36.104+08:00  INFO 6576 --- [skyBackend] [http-nio-8081-exec-1] o.s.web.servlet.DispatcherServlet        : Completed initialization in 1 ms
2025-08-16T08:45:36.456+08:00  INFO 6576 --- [skyBackend] [http-nio-8081-exec-1] com.zaxxer.hikari.HikariDataSource       : HikariPool-1 - Starting...
2025-08-16T08:45:36.665+08:00  INFO 6576 --- [skyBackend] [http-nio-8081-exec-1] com.zaxxer.hikari.pool.HikariPool        : HikariPool-1 - Added connection com.mysql.cj.jdbc.ConnectionImpl@1491423d
2025-08-16T08:45:36.666+08:00  INFO 6576 --- [skyBackend] [http-nio-8081-exec-1] com.zaxxer.hikari.HikariDataSource       : HikariPool-1 - Start completed.
2025-08-16T08:45:36.747+08:00  INFO 6576 --- [skyBackend] [http-nio-8081-exec-1] c.s.s.s.ServiceImpl.VideoServiceImpl     : 视频列表[VideoVO(nickName=null, avatar=null, isCollect=null, isFollow=null, isLike=null), VideoVO(nickName=null, avatar=null, isCollect=null, isFollow=null, isLike=null), VideoVO(nickName=null, avatar=null, isCollect=null, isFollow=null, isLike=null), VideoVO(nickName=null, avatar=null, isCollect=null, isFollow=null, isLike=null)]
2025-08-16T08:45:36.747+08:00  INFO 6576 --- [skyBackend] [http-nio-8081-exec-1] c.s.s.s.ServiceImpl.VideoServiceImpl     : 视频发布者ID: [1, 2, 3]
2025-08-16T08:45:36.771+08:00  INFO 6576 --- [skyBackend] [http-nio-8081-exec-1] c.s.s.s.ServiceImpl.VideoServiceImpl     : 视频Id2
2025-08-16T08:45:36.771+08:00  INFO 6576 --- [skyBackend] [http-nio-8081-exec-1] c.s.s.s.ServiceImpl.VideoServiceImpl     : 用户ID: 2, 关注状态: null
2025-08-16T08:45:36.771+08:00  INFO 6576 --- [skyBackend] [http-nio-8081-exec-1] c.s.s.s.ServiceImpl.VideoServiceImpl     : 视频Id1
2025-08-16T08:45:36.771+08:00  INFO 6576 --- [skyBackend] [http-nio-8081-exec-1] c.s.s.s.ServiceImpl.VideoServiceImpl     : 用户ID: 2, 关注状态: null
2025-08-16T08:45:36.772+08:00  INFO 6576 --- [skyBackend] [http-nio-8081-exec-1] c.s.s.s.ServiceImpl.VideoServiceImpl     : 视频Id1
2025-08-16T08:45:36.772+08:00  INFO 6576 --- [skyBackend] [http-nio-8081-exec-1] c.s.s.s.ServiceImpl.VideoServiceImpl     : 用户ID: 2, 关注状态: null
2025-08-16T08:45:36.772+08:00  INFO 6576 --- [skyBackend] [http-nio-8081-exec-1] c.s.s.s.ServiceImpl.VideoServiceImpl     : 视频Id3
2025-08-16T08:45:36.772+08:00  INFO 6576 --- [skyBackend] [http-nio-8081-exec-1] c.s.s.s.ServiceImpl.VideoServiceImpl     : 用户ID: 2, 关注状态: null
2025-08-16T08:46:34.815+08:00  INFO 6576 --- [skyBackend] [SpringApplicationShutdownHook] o.s.b.w.e.tomcat.GracefulShutdown        : Commencing graceful shutdown. Waiting for active requests to complete
2025-08-16T08:46:34.825+08:00  INFO 6576 --- [skyBackend] [tomcat-shutdown] o.s.b.w.e.tomcat.GracefulShutdown        : Graceful shutdown complete
2025-08-16T08:46:34.839+08:00  INFO 6576 --- [skyBackend] [SpringApplicationShutdownHook] com.zaxxer.hikari.HikariDataSource       : HikariPool-1 - Shutdown initiated...
2025-08-16T08:46:34.844+08:00  INFO 6576 --- [skyBackend] [SpringApplicationShutdownHook] com.zaxxer.hikari.HikariDataSource       : HikariPool-1 - Shutdown completed.
2025-08-16T08:46:38.197+08:00  INFO 17148 --- [skyBackend] [main] c.sky.skybackend.SkyBackendApplication   : Starting SkyBackendApplication using Java 21.0.4 with PID 17148 (D:\software\GitProject\skyBackend\target\classes started by W71one in D:\software\GitProject\skyBackend)
2025-08-16T08:46:38.199+08:00  INFO 17148 --- [skyBackend] [main] c.sky.skybackend.SkyBackendApplication   : No active profile set, falling back to 1 default profile: "default"
2025-08-16T08:46:38.833+08:00  INFO 17148 --- [skyBackend] [main] .s.d.r.c.RepositoryConfigurationDelegate : Multiple Spring Data modules found, entering strict repository configuration mode
2025-08-16T08:46:38.836+08:00  INFO 17148 --- [skyBackend] [main] .s.d.r.c.RepositoryConfigurationDelegate : Bootstrapping Spring Data Redis repositories in DEFAULT mode.
2025-08-16T08:46:38.862+08:00  INFO 17148 --- [skyBackend] [main] .s.d.r.c.RepositoryConfigurationDelegate : Finished Spring Data repository scanning in 11 ms. Found 0 Redis repository interfaces.
2025-08-16T08:46:39.266+08:00  INFO 17148 --- [skyBackend] [main] o.s.b.w.embedded.tomcat.TomcatWebServer  : Tomcat initialized with port 8081 (http)
2025-08-16T08:46:39.278+08:00  INFO 17148 --- [skyBackend] [main] o.apache.catalina.core.StandardService   : Starting service [Tomcat]
2025-08-16T08:46:39.278+08:00  INFO 17148 --- [skyBackend] [main] o.apache.catalina.core.StandardEngine    : Starting Servlet engine: [Apache Tomcat/10.1.43]
2025-08-16T08:46:39.321+08:00  INFO 17148 --- [skyBackend] [main] o.a.c.c.C.[Tomcat].[localhost].[/]       : Initializing Spring embedded WebApplicationContext
2025-08-16T08:46:39.321+08:00  INFO 17148 --- [skyBackend] [main] w.s.c.ServletWebServerApplicationContext : Root WebApplicationContext: initialization completed in 1092 ms
2025-08-16T08:46:40.162+08:00  INFO 17148 --- [skyBackend] [main] com.sky.skybackend.config.RedisConfig    : RedisTemplate配置完成
2025-08-16T08:46:40.659+08:00  INFO 17148 --- [skyBackend] [main] o.s.b.w.embedded.tomcat.TomcatWebServer  : Tomcat started on port 8081 (http) with context path '/'
2025-08-16T08:46:40.666+08:00  INFO 17148 --- [skyBackend] [main] c.sky.skybackend.SkyBackendApplication   : Started SkyBackendApplication in 2.844 seconds (process running for 3.329)
2025-08-16T08:46:43.691+08:00  INFO 17148 --- [skyBackend] [http-nio-8081-exec-1] o.a.c.c.C.[Tomcat].[localhost].[/]       : Initializing Spring DispatcherServlet 'dispatcherServlet'
2025-08-16T08:46:43.691+08:00  INFO 17148 --- [skyBackend] [http-nio-8081-exec-1] o.s.web.servlet.DispatcherServlet        : Initializing Servlet 'dispatcherServlet'
2025-08-16T08:46:43.692+08:00  INFO 17148 --- [skyBackend] [http-nio-8081-exec-1] o.s.web.servlet.DispatcherServlet        : Completed initialization in 1 ms
2025-08-16T08:46:44.054+08:00  INFO 17148 --- [skyBackend] [http-nio-8081-exec-1] com.zaxxer.hikari.HikariDataSource       : HikariPool-1 - Starting...
2025-08-16T08:46:44.255+08:00  INFO 17148 --- [skyBackend] [http-nio-8081-exec-1] com.zaxxer.hikari.pool.HikariPool        : HikariPool-1 - Added connection com.mysql.cj.jdbc.ConnectionImpl@4cfcbb7a
2025-08-16T08:46:44.257+08:00  INFO 17148 --- [skyBackend] [http-nio-8081-exec-1] com.zaxxer.hikari.HikariDataSource       : HikariPool-1 - Start completed.
2025-08-16T08:46:44.337+08:00  INFO 17148 --- [skyBackend] [http-nio-8081-exec-1] c.s.s.s.ServiceImpl.VideoServiceImpl     : 视频列表[VideoVO(nickName=null, avatar=null, isCollect=null, isFollow=null, isLike=null), VideoVO(nickName=null, avatar=null, isCollect=null, isFollow=null, isLike=null), VideoVO(nickName=null, avatar=null, isCollect=null, isFollow=null, isLike=null)]
2025-08-16T08:46:44.337+08:00  INFO 17148 --- [skyBackend] [http-nio-8081-exec-1] c.s.s.s.ServiceImpl.VideoServiceImpl     : 视频发布者ID: [1, 2]
2025-08-16T08:46:44.359+08:00  INFO 17148 --- [skyBackend] [http-nio-8081-exec-1] c.s.s.s.ServiceImpl.VideoServiceImpl     : 视频Id2
2025-08-16T08:46:44.360+08:00  INFO 17148 --- [skyBackend] [http-nio-8081-exec-1] c.s.s.s.ServiceImpl.VideoServiceImpl     : Map: {1={followedUserId=1, isFollowed=1}}
2025-08-16T08:46:44.360+08:00  INFO 17148 --- [skyBackend] [http-nio-8081-exec-1] c.s.s.s.ServiceImpl.VideoServiceImpl     : 用户ID: 2, 关注状态: null
2025-08-16T08:46:44.360+08:00  INFO 17148 --- [skyBackend] [http-nio-8081-exec-1] c.s.s.s.ServiceImpl.VideoServiceImpl     : 视频Id1
2025-08-16T08:46:44.360+08:00  INFO 17148 --- [skyBackend] [http-nio-8081-exec-1] c.s.s.s.ServiceImpl.VideoServiceImpl     : Map: {1={followedUserId=1, isFollowed=1}}
2025-08-16T08:46:44.360+08:00  INFO 17148 --- [skyBackend] [http-nio-8081-exec-1] c.s.s.s.ServiceImpl.VideoServiceImpl     : 用户ID: 2, 关注状态: null
2025-08-16T08:46:44.360+08:00  INFO 17148 --- [skyBackend] [http-nio-8081-exec-1] c.s.s.s.ServiceImpl.VideoServiceImpl     : 视频Id1
2025-08-16T08:46:44.360+08:00  INFO 17148 --- [skyBackend] [http-nio-8081-exec-1] c.s.s.s.ServiceImpl.VideoServiceImpl     : Map: {1={followedUserId=1, isFollowed=1}}
2025-08-16T08:46:44.360+08:00  INFO 17148 --- [skyBackend] [http-nio-8081-exec-1] c.s.s.s.ServiceImpl.VideoServiceImpl     : 用户ID: 2, 关注状态: null
2025-08-16T08:48:53.258+08:00  INFO 17148 --- [skyBackend] [SpringApplicationShutdownHook] o.s.b.w.e.tomcat.GracefulShutdown        : Commencing graceful shutdown. Waiting for active requests to complete
2025-08-16T08:48:53.268+08:00  INFO 17148 --- [skyBackend] [tomcat-shutdown] o.s.b.w.e.tomcat.GracefulShutdown        : Graceful shutdown complete
2025-08-16T08:48:53.284+08:00  INFO 17148 --- [skyBackend] [SpringApplicationShutdownHook] com.zaxxer.hikari.HikariDataSource       : HikariPool-1 - Shutdown initiated...
2025-08-16T08:48:53.289+08:00  INFO 17148 --- [skyBackend] [SpringApplicationShutdownHook] com.zaxxer.hikari.HikariDataSource       : HikariPool-1 - Shutdown completed.
2025-08-16T08:48:55.282+08:00  INFO 17868 --- [skyBackend] [main] c.sky.skybackend.SkyBackendApplication   : Starting SkyBackendApplication using Java 21.0.4 with PID 17868 (D:\software\GitProject\skyBackend\target\classes started by W71one in D:\software\GitProject\skyBackend)
2025-08-16T08:48:55.283+08:00  INFO 17868 --- [skyBackend] [main] c.sky.skybackend.SkyBackendApplication   : No active profile set, falling back to 1 default profile: "default"
2025-08-16T08:48:55.908+08:00  INFO 17868 --- [skyBackend] [main] .s.d.r.c.RepositoryConfigurationDelegate : Multiple Spring Data modules found, entering strict repository configuration mode
2025-08-16T08:48:55.910+08:00  INFO 17868 --- [skyBackend] [main] .s.d.r.c.RepositoryConfigurationDelegate : Bootstrapping Spring Data Redis repositories in DEFAULT mode.
2025-08-16T08:48:55.933+08:00  INFO 17868 --- [skyBackend] [main] .s.d.r.c.RepositoryConfigurationDelegate : Finished Spring Data repository scanning in 9 ms. Found 0 Redis repository interfaces.
2025-08-16T08:48:56.342+08:00  INFO 17868 --- [skyBackend] [main] o.s.b.w.embedded.tomcat.TomcatWebServer  : Tomcat initialized with port 8081 (http)
2025-08-16T08:48:56.354+08:00  INFO 17868 --- [skyBackend] [main] o.apache.catalina.core.StandardService   : Starting service [Tomcat]
2025-08-16T08:48:56.354+08:00  INFO 17868 --- [skyBackend] [main] o.apache.catalina.core.StandardEngine    : Starting Servlet engine: [Apache Tomcat/10.1.43]
2025-08-16T08:48:56.397+08:00  INFO 17868 --- [skyBackend] [main] o.a.c.c.C.[Tomcat].[localhost].[/]       : Initializing Spring embedded WebApplicationContext
2025-08-16T08:48:56.397+08:00  INFO 17868 --- [skyBackend] [main] w.s.c.ServletWebServerApplicationContext : Root WebApplicationContext: initialization completed in 1083 ms
2025-08-16T08:48:57.246+08:00  INFO 17868 --- [skyBackend] [main] com.sky.skybackend.config.RedisConfig    : RedisTemplate配置完成
2025-08-16T08:48:57.771+08:00  INFO 17868 --- [skyBackend] [main] o.s.b.w.embedded.tomcat.TomcatWebServer  : Tomcat started on port 8081 (http) with context path '/'
2025-08-16T08:48:57.777+08:00  INFO 17868 --- [skyBackend] [main] c.sky.skybackend.SkyBackendApplication   : Started SkyBackendApplication in 2.888 seconds (process running for 3.398)
2025-08-16T08:49:00.462+08:00  INFO 17868 --- [skyBackend] [http-nio-8081-exec-1] o.a.c.c.C.[Tomcat].[localhost].[/]       : Initializing Spring DispatcherServlet 'dispatcherServlet'
2025-08-16T08:49:00.463+08:00  INFO 17868 --- [skyBackend] [http-nio-8081-exec-1] o.s.web.servlet.DispatcherServlet        : Initializing Servlet 'dispatcherServlet'
2025-08-16T08:49:00.463+08:00  INFO 17868 --- [skyBackend] [http-nio-8081-exec-1] o.s.web.servlet.DispatcherServlet        : Completed initialization in 0 ms
2025-08-16T08:49:00.830+08:00  INFO 17868 --- [skyBackend] [http-nio-8081-exec-1] com.zaxxer.hikari.HikariDataSource       : HikariPool-1 - Starting...
2025-08-16T08:49:01.030+08:00  INFO 17868 --- [skyBackend] [http-nio-8081-exec-1] com.zaxxer.hikari.pool.HikariPool        : HikariPool-1 - Added connection com.mysql.cj.jdbc.ConnectionImpl@2862b2bd
2025-08-16T08:49:01.032+08:00  INFO 17868 --- [skyBackend] [http-nio-8081-exec-1] com.zaxxer.hikari.HikariDataSource       : HikariPool-1 - Start completed.
2025-08-16T08:49:01.111+08:00  INFO 17868 --- [skyBackend] [http-nio-8081-exec-1] c.s.s.s.ServiceImpl.VideoServiceImpl     : 视频列表[VideoVO(nickName=null, avatar=null, isCollect=null, isFollow=null, isLike=null), VideoVO(nickName=null, avatar=null, isCollect=null, isFollow=null, isLike=null), VideoVO(nickName=null, avatar=null, isCollect=null, isFollow=null, isLike=null), VideoVO(nickName=null, avatar=null, isCollect=null, isFollow=null, isLike=null)]
2025-08-16T08:49:01.112+08:00  INFO 17868 --- [skyBackend] [http-nio-8081-exec-1] c.s.s.s.ServiceImpl.VideoServiceImpl     : 视频发布者ID: [1, 2, 3]
2025-08-16T08:49:01.139+08:00 ERROR 17868 --- [skyBackend] [http-nio-8081-exec-1] o.a.c.c.C.[.[.[/].[dispatcherServlet]    : Servlet.service() for servlet [dispatcherServlet] in context with path [] threw exception [Request processing failed: org.mybatis.spring.MyBatisSystemException] with root cause

org.apache.ibatis.reflection.ReflectionException: There is no getter for property named 'followedUserId' in 'class java.lang.Boolean'
	at org.apache.ibatis.reflection.Reflector.getGetInvoker(Reflector.java:385) ~[mybatis-3.5.16.jar:3.5.16]
	at org.apache.ibatis.reflection.MetaClass.getGetInvoker(MetaClass.java:160) ~[mybatis-3.5.16.jar:3.5.16]
	at org.apache.ibatis.reflection.wrapper.BeanWrapper.getBeanProperty(BeanWrapper.java:156) ~[mybatis-3.5.16.jar:3.5.16]
	at org.apache.ibatis.reflection.wrapper.BeanWrapper.get(BeanWrapper.java:50) ~[mybatis-3.5.16.jar:3.5.16]
	at org.apache.ibatis.reflection.MetaObject.getValue(MetaObject.java:115) ~[mybatis-3.5.16.jar:3.5.16]
	at org.apache.ibatis.executor.result.DefaultMapResultHandler.handleResult(DefaultMapResultHandler.java:53) ~[mybatis-3.5.16.jar:3.5.16]
	at org.apache.ibatis.session.defaults.DefaultSqlSession.selectMap(DefaultSqlSession.java:105) ~[mybatis-3.5.16.jar:3.5.16]
	at org.apache.ibatis.session.defaults.DefaultSqlSession.selectMap(DefaultSqlSession.java:94) ~[mybatis-3.5.16.jar:3.5.16]
	at java.base/jdk.internal.reflect.DirectMethodHandleAccessor.invoke(DirectMethodHandleAccessor.java:103) ~[na:na]
	at java.base/java.lang.reflect.Method.invoke(Method.java:580) ~[na:na]
	at org.mybatis.spring.SqlSessionTemplate$SqlSessionInterceptor.invoke(SqlSessionTemplate.java:425) ~[mybatis-spring-3.0.3.jar:3.0.3]
	at jdk.proxy2/jdk.proxy2.$Proxy70.selectMap(Unknown Source) ~[na:na]
	at org.mybatis.spring.SqlSessionTemplate.selectMap(SqlSessionTemplate.java:176) ~[mybatis-spring-3.0.3.jar:3.0.3]
	at com.baomidou.mybatisplus.core.override.MybatisMapperMethod.executeForMap(MybatisMapperMethod.java:216) ~[mybatis-plus-core-3.5.7.jar:3.5.7]
	at com.baomidou.mybatisplus.core.override.MybatisMapperMethod.execute(MybatisMapperMethod.java:79) ~[mybatis-plus-core-3.5.7.jar:3.5.7]
	at com.baomidou.mybatisplus.core.override.MybatisMapperProxy$PlainMethodInvoker.invoke(MybatisMapperProxy.java:152) ~[mybatis-plus-core-3.5.7.jar:3.5.7]
	at com.baomidou.mybatisplus.core.override.MybatisMapperProxy.invoke(MybatisMapperProxy.java:89) ~[mybatis-plus-core-3.5.7.jar:3.5.7]
	at jdk.proxy2/jdk.proxy2.$Proxy81.batchCheckIsFollow(Unknown Source) ~[na:na]
	at com.sky.skybackend.service.ServiceImpl.VideoServiceImpl.queryMoreVideo(VideoServiceImpl.java:68) ~[classes/:na]
	at java.base/jdk.internal.reflect.DirectMethodHandleAccessor.invoke(DirectMethodHandleAccessor.java:103) ~[na:na]
	at java.base/java.lang.reflect.Method.invoke(Method.java:580) ~[na:na]
	at org.springframework.aop.support.AopUtils.invokeJoinpointUsingReflection(AopUtils.java:360) ~[spring-aop-6.2.9.jar:6.2.9]
	at org.springframework.aop.framework.CglibAopProxy$DynamicAdvisedInterceptor.intercept(CglibAopProxy.java:724) ~[spring-aop-6.2.9.jar:6.2.9]
	at com.sky.skybackend.service.ServiceImpl.VideoServiceImpl$$SpringCGLIB$$0.queryMoreVideo(<generated>) ~[classes/:na]
	at com.sky.skybackend.controller.VideoController.getCard(VideoController.java:65) ~[classes/:na]
	at java.base/jdk.internal.reflect.DirectMethodHandleAccessor.invoke(DirectMethodHandleAccessor.java:103) ~[na:na]
	at java.base/java.lang.reflect.Method.invoke(Method.java:580) ~[na:na]
	at org.springframework.web.method.support.InvocableHandlerMethod.doInvoke(InvocableHandlerMethod.java:258) ~[spring-web-6.2.9.jar:6.2.9]
	at org.springframework.web.method.support.InvocableHandlerMethod.invokeForRequest(InvocableHandlerMethod.java:191) ~[spring-web-6.2.9.jar:6.2.9]
	at org.springframework.web.servlet.mvc.method.annotation.ServletInvocableHandlerMethod.invokeAndHandle(ServletInvocableHandlerMethod.java:118) ~[spring-webmvc-6.2.9.jar:6.2.9]
	at org.springframework.web.servlet.mvc.method.annotation.RequestMappingHandlerAdapter.invokeHandlerMethod(RequestMappingHandlerAdapter.java:991) ~[spring-webmvc-6.2.9.jar:6.2.9]
	at org.springframework.web.servlet.mvc.method.annotation.RequestMappingHandlerAdapter.handleInternal(RequestMappingHandlerAdapter.java:896) ~[spring-webmvc-6.2.9.jar:6.2.9]
	at org.springframework.web.servlet.mvc.method.AbstractHandlerMethodAdapter.handle(AbstractHandlerMethodAdapter.java:87) ~[spring-webmvc-6.2.9.jar:6.2.9]
	at org.springframework.web.servlet.DispatcherServlet.doDispatch(DispatcherServlet.java:1089) ~[spring-webmvc-6.2.9.jar:6.2.9]
	at org.springframework.web.servlet.DispatcherServlet.doService(DispatcherServlet.java:979) ~[spring-webmvc-6.2.9.jar:6.2.9]
	at org.springframework.web.servlet.FrameworkServlet.processRequest(FrameworkServlet.java:1014) ~[spring-webmvc-6.2.9.jar:6.2.9]
	at org.springframework.web.servlet.FrameworkServlet.doGet(FrameworkServlet.java:903) ~[spring-webmvc-6.2.9.jar:6.2.9]
	at jakarta.servlet.http.HttpServlet.service(HttpServlet.java:564) ~[tomcat-embed-core-10.1.43.jar:6.0]
	at org.springframework.web.servlet.FrameworkServlet.service(FrameworkServlet.java:885) ~[spring-webmvc-6.2.9.jar:6.2.9]
	at jakarta.servlet.http.HttpServlet.service(HttpServlet.java:658) ~[tomcat-embed-core-10.1.43.jar:6.0]
	at org.apache.catalina.core.ApplicationFilterChain.internalDoFilter(ApplicationFilterChain.java:195) ~[tomcat-embed-core-10.1.43.jar:10.1.43]
	at org.apache.catalina.core.ApplicationFilterChain.doFilter(ApplicationFilterChain.java:140) ~[tomcat-embed-core-10.1.43.jar:10.1.43]
	at org.apache.tomcat.websocket.server.WsFilter.doFilter(WsFilter.java:51) ~[tomcat-embed-websocket-10.1.43.jar:10.1.43]
	at org.apache.catalina.core.ApplicationFilterChain.internalDoFilter(ApplicationFilterChain.java:164) ~[tomcat-embed-core-10.1.43.jar:10.1.43]
	at org.apache.catalina.core.ApplicationFilterChain.doFilter(ApplicationFilterChain.java:140) ~[tomcat-embed-core-10.1.43.jar:10.1.43]
	at org.springframework.web.filter.RequestContextFilter.doFilterInternal(RequestContextFilter.java:100) ~[spring-web-6.2.9.jar:6.2.9]
	at org.springframework.web.filter.OncePerRequestFilter.doFilter(OncePerRequestFilter.java:116) ~[spring-web-6.2.9.jar:6.2.9]
	at org.apache.catalina.core.ApplicationFilterChain.internalDoFilter(ApplicationFilterChain.java:164) ~[tomcat-embed-core-10.1.43.jar:10.1.43]
	at org.apache.catalina.core.ApplicationFilterChain.doFilter(ApplicationFilterChain.java:140) ~[tomcat-embed-core-10.1.43.jar:10.1.43]
	at org.springframework.web.filter.FormContentFilter.doFilterInternal(FormContentFilter.java:93) ~[spring-web-6.2.9.jar:6.2.9]
	at org.springframework.web.filter.OncePerRequestFilter.doFilter(OncePerRequestFilter.java:116) ~[spring-web-6.2.9.jar:6.2.9]
	at org.apache.catalina.core.ApplicationFilterChain.internalDoFilter(ApplicationFilterChain.java:164) ~[tomcat-embed-core-10.1.43.jar:10.1.43]
	at org.apache.catalina.core.ApplicationFilterChain.doFilter(ApplicationFilterChain.java:140) ~[tomcat-embed-core-10.1.43.jar:10.1.43]
	at org.springframework.web.filter.CharacterEncodingFilter.doFilterInternal(CharacterEncodingFilter.java:201) ~[spring-web-6.2.9.jar:6.2.9]
	at org.springframework.web.filter.OncePerRequestFilter.doFilter(OncePerRequestFilter.java:116) ~[spring-web-6.2.9.jar:6.2.9]
	at org.apache.catalina.core.ApplicationFilterChain.internalDoFilter(ApplicationFilterChain.java:164) ~[tomcat-embed-core-10.1.43.jar:10.1.43]
	at org.apache.catalina.core.ApplicationFilterChain.doFilter(ApplicationFilterChain.java:140) ~[tomcat-embed-core-10.1.43.jar:10.1.43]
	at org.apache.catalina.core.StandardWrapperValve.invoke(StandardWrapperValve.java:167) ~[tomcat-embed-core-10.1.43.jar:10.1.43]
	at org.apache.catalina.core.StandardContextValve.invoke(StandardContextValve.java:90) ~[tomcat-embed-core-10.1.43.jar:10.1.43]
	at org.apache.catalina.authenticator.AuthenticatorBase.invoke(AuthenticatorBase.java:483) ~[tomcat-embed-core-10.1.43.jar:10.1.43]
	at org.apache.catalina.core.StandardHostValve.invoke(StandardHostValve.java:116) ~[tomcat-embed-core-10.1.43.jar:10.1.43]
	at org.apache.catalina.valves.ErrorReportValve.invoke(ErrorReportValve.java:93) ~[tomcat-embed-core-10.1.43.jar:10.1.43]
	at org.apache.catalina.core.StandardEngineValve.invoke(StandardEngineValve.java:74) ~[tomcat-embed-core-10.1.43.jar:10.1.43]
	at org.apache.catalina.connector.CoyoteAdapter.service(CoyoteAdapter.java:344) ~[tomcat-embed-core-10.1.43.jar:10.1.43]
	at org.apache.coyote.http11.Http11Processor.service(Http11Processor.java:398) ~[tomcat-embed-core-10.1.43.jar:10.1.43]
	at org.apache.coyote.AbstractProcessorLight.process(AbstractProcessorLight.java:63) ~[tomcat-embed-core-10.1.43.jar:10.1.43]
	at org.apache.coyote.AbstractProtocol$ConnectionHandler.process(AbstractProtocol.java:903) ~[tomcat-embed-core-10.1.43.jar:10.1.43]
	at org.apache.tomcat.util.net.NioEndpoint$SocketProcessor.doRun(NioEndpoint.java:1769) ~[tomcat-embed-core-10.1.43.jar:10.1.43]
	at org.apache.tomcat.util.net.SocketProcessorBase.run(SocketProcessorBase.java:52) ~[tomcat-embed-core-10.1.43.jar:10.1.43]
	at org.apache.tomcat.util.threads.ThreadPoolExecutor.runWorker(ThreadPoolExecutor.java:1189) ~[tomcat-embed-core-10.1.43.jar:10.1.43]
	at org.apache.tomcat.util.threads.ThreadPoolExecutor$Worker.run(ThreadPoolExecutor.java:658) ~[tomcat-embed-core-10.1.43.jar:10.1.43]
	at org.apache.tomcat.util.threads.TaskThread$WrappingRunnable.run(TaskThread.java:63) ~[tomcat-embed-core-10.1.43.jar:10.1.43]
	at java.base/java.lang.Thread.run(Thread.java:1583) ~[na:na]

2025-08-16T08:49:47.794+08:00  INFO 17868 --- [skyBackend] [SpringApplicationShutdownHook] o.s.b.w.e.tomcat.GracefulShutdown        : Commencing graceful shutdown. Waiting for active requests to complete
2025-08-16T08:49:47.804+08:00  INFO 17868 --- [skyBackend] [tomcat-shutdown] o.s.b.w.e.tomcat.GracefulShutdown        : Graceful shutdown complete
2025-08-16T08:49:47.817+08:00  INFO 17868 --- [skyBackend] [SpringApplicationShutdownHook] com.zaxxer.hikari.HikariDataSource       : HikariPool-1 - Shutdown initiated...
2025-08-16T08:49:47.821+08:00  INFO 17868 --- [skyBackend] [SpringApplicationShutdownHook] com.zaxxer.hikari.HikariDataSource       : HikariPool-1 - Shutdown completed.
2025-08-16T08:49:49.774+08:00  INFO 16748 --- [skyBackend] [main] c.sky.skybackend.SkyBackendApplication   : Starting SkyBackendApplication using Java 21.0.4 with PID 16748 (D:\software\GitProject\skyBackend\target\classes started by W71one in D:\software\GitProject\skyBackend)
2025-08-16T08:49:49.776+08:00  INFO 16748 --- [skyBackend] [main] c.sky.skybackend.SkyBackendApplication   : No active profile set, falling back to 1 default profile: "default"
2025-08-16T08:49:50.354+08:00  INFO 16748 --- [skyBackend] [main] .s.d.r.c.RepositoryConfigurationDelegate : Multiple Spring Data modules found, entering strict repository configuration mode
2025-08-16T08:49:50.356+08:00  INFO 16748 --- [skyBackend] [main] .s.d.r.c.RepositoryConfigurationDelegate : Bootstrapping Spring Data Redis repositories in DEFAULT mode.
2025-08-16T08:49:50.377+08:00  INFO 16748 --- [skyBackend] [main] .s.d.r.c.RepositoryConfigurationDelegate : Finished Spring Data repository scanning in 9 ms. Found 0 Redis repository interfaces.
2025-08-16T08:49:50.768+08:00  INFO 16748 --- [skyBackend] [main] o.s.b.w.embedded.tomcat.TomcatWebServer  : Tomcat initialized with port 8081 (http)
2025-08-16T08:49:50.779+08:00  INFO 16748 --- [skyBackend] [main] o.apache.catalina.core.StandardService   : Starting service [Tomcat]
2025-08-16T08:49:50.780+08:00  INFO 16748 --- [skyBackend] [main] o.apache.catalina.core.StandardEngine    : Starting Servlet engine: [Apache Tomcat/10.1.43]
2025-08-16T08:49:50.822+08:00  INFO 16748 --- [skyBackend] [main] o.a.c.c.C.[Tomcat].[localhost].[/]       : Initializing Spring embedded WebApplicationContext
2025-08-16T08:49:50.822+08:00  INFO 16748 --- [skyBackend] [main] w.s.c.ServletWebServerApplicationContext : Root WebApplicationContext: initialization completed in 1018 ms
2025-08-16T08:49:51.653+08:00  INFO 16748 --- [skyBackend] [main] com.sky.skybackend.config.RedisConfig    : RedisTemplate配置完成
2025-08-16T08:49:52.146+08:00  INFO 16748 --- [skyBackend] [main] o.s.b.w.embedded.tomcat.TomcatWebServer  : Tomcat started on port 8081 (http) with context path '/'
2025-08-16T08:49:52.152+08:00  INFO 16748 --- [skyBackend] [main] c.sky.skybackend.SkyBackendApplication   : Started SkyBackendApplication in 2.747 seconds (process running for 3.248)
2025-08-16T08:49:56.029+08:00  INFO 16748 --- [skyBackend] [http-nio-8081-exec-1] o.a.c.c.C.[Tomcat].[localhost].[/]       : Initializing Spring DispatcherServlet 'dispatcherServlet'
2025-08-16T08:49:56.029+08:00  INFO 16748 --- [skyBackend] [http-nio-8081-exec-1] o.s.web.servlet.DispatcherServlet        : Initializing Servlet 'dispatcherServlet'
2025-08-16T08:49:56.031+08:00  INFO 16748 --- [skyBackend] [http-nio-8081-exec-1] o.s.web.servlet.DispatcherServlet        : Completed initialization in 1 ms
2025-08-16T08:49:56.386+08:00  INFO 16748 --- [skyBackend] [http-nio-8081-exec-1] com.zaxxer.hikari.HikariDataSource       : HikariPool-1 - Starting...
2025-08-16T08:49:56.582+08:00  INFO 16748 --- [skyBackend] [http-nio-8081-exec-1] com.zaxxer.hikari.pool.HikariPool        : HikariPool-1 - Added connection com.mysql.cj.jdbc.ConnectionImpl@35c8b8fc
2025-08-16T08:49:56.583+08:00  INFO 16748 --- [skyBackend] [http-nio-8081-exec-1] com.zaxxer.hikari.HikariDataSource       : HikariPool-1 - Start completed.
2025-08-16T08:49:56.662+08:00  INFO 16748 --- [skyBackend] [http-nio-8081-exec-1] c.s.s.s.ServiceImpl.VideoServiceImpl     : 视频列表[VideoVO(nickName=null, avatar=null, isCollect=null, isFollow=null, isLike=null), VideoVO(nickName=null, avatar=null, isCollect=null, isFollow=null, isLike=null), VideoVO(nickName=null, avatar=null, isCollect=null, isFollow=null, isLike=null), VideoVO(nickName=null, avatar=null, isCollect=null, isFollow=null, isLike=null)]
2025-08-16T08:49:56.663+08:00  INFO 16748 --- [skyBackend] [http-nio-8081-exec-1] c.s.s.s.ServiceImpl.VideoServiceImpl     : 视频发布者ID: [1, 2, 3]
2025-08-16T08:49:56.688+08:00 ERROR 16748 --- [skyBackend] [http-nio-8081-exec-1] o.a.c.c.C.[.[.[/].[dispatcherServlet]    : Servlet.service() for servlet [dispatcherServlet] in context with path [] threw exception [Request processing failed: org.mybatis.spring.MyBatisSystemException] with root cause

org.apache.ibatis.reflection.ReflectionException: There is no getter for property named 'followedUserId' in 'class java.lang.Boolean'
	at org.apache.ibatis.reflection.Reflector.getGetInvoker(Reflector.java:385) ~[mybatis-3.5.16.jar:3.5.16]
	at org.apache.ibatis.reflection.MetaClass.getGetInvoker(MetaClass.java:160) ~[mybatis-3.5.16.jar:3.5.16]
	at org.apache.ibatis.reflection.wrapper.BeanWrapper.getBeanProperty(BeanWrapper.java:156) ~[mybatis-3.5.16.jar:3.5.16]
	at org.apache.ibatis.reflection.wrapper.BeanWrapper.get(BeanWrapper.java:50) ~[mybatis-3.5.16.jar:3.5.16]
	at org.apache.ibatis.reflection.MetaObject.getValue(MetaObject.java:115) ~[mybatis-3.5.16.jar:3.5.16]
	at org.apache.ibatis.executor.result.DefaultMapResultHandler.handleResult(DefaultMapResultHandler.java:53) ~[mybatis-3.5.16.jar:3.5.16]
	at org.apache.ibatis.session.defaults.DefaultSqlSession.selectMap(DefaultSqlSession.java:105) ~[mybatis-3.5.16.jar:3.5.16]
	at org.apache.ibatis.session.defaults.DefaultSqlSession.selectMap(DefaultSqlSession.java:94) ~[mybatis-3.5.16.jar:3.5.16]
	at java.base/jdk.internal.reflect.DirectMethodHandleAccessor.invoke(DirectMethodHandleAccessor.java:103) ~[na:na]
	at java.base/java.lang.reflect.Method.invoke(Method.java:580) ~[na:na]
	at org.mybatis.spring.SqlSessionTemplate$SqlSessionInterceptor.invoke(SqlSessionTemplate.java:425) ~[mybatis-spring-3.0.3.jar:3.0.3]
	at jdk.proxy2/jdk.proxy2.$Proxy70.selectMap(Unknown Source) ~[na:na]
	at org.mybatis.spring.SqlSessionTemplate.selectMap(SqlSessionTemplate.java:176) ~[mybatis-spring-3.0.3.jar:3.0.3]
	at com.baomidou.mybatisplus.core.override.MybatisMapperMethod.executeForMap(MybatisMapperMethod.java:216) ~[mybatis-plus-core-3.5.7.jar:3.5.7]
	at com.baomidou.mybatisplus.core.override.MybatisMapperMethod.execute(MybatisMapperMethod.java:79) ~[mybatis-plus-core-3.5.7.jar:3.5.7]
	at com.baomidou.mybatisplus.core.override.MybatisMapperProxy$PlainMethodInvoker.invoke(MybatisMapperProxy.java:152) ~[mybatis-plus-core-3.5.7.jar:3.5.7]
	at com.baomidou.mybatisplus.core.override.MybatisMapperProxy.invoke(MybatisMapperProxy.java:89) ~[mybatis-plus-core-3.5.7.jar:3.5.7]
	at jdk.proxy2/jdk.proxy2.$Proxy81.batchCheckIsFollow(Unknown Source) ~[na:na]
	at com.sky.skybackend.service.ServiceImpl.VideoServiceImpl.queryMoreVideo(VideoServiceImpl.java:68) ~[classes/:na]
	at java.base/jdk.internal.reflect.DirectMethodHandleAccessor.invoke(DirectMethodHandleAccessor.java:103) ~[na:na]
	at java.base/java.lang.reflect.Method.invoke(Method.java:580) ~[na:na]
	at org.springframework.aop.support.AopUtils.invokeJoinpointUsingReflection(AopUtils.java:360) ~[spring-aop-6.2.9.jar:6.2.9]
	at org.springframework.aop.framework.CglibAopProxy$DynamicAdvisedInterceptor.intercept(CglibAopProxy.java:724) ~[spring-aop-6.2.9.jar:6.2.9]
	at com.sky.skybackend.service.ServiceImpl.VideoServiceImpl$$SpringCGLIB$$0.queryMoreVideo(<generated>) ~[classes/:na]
	at com.sky.skybackend.controller.VideoController.getCard(VideoController.java:65) ~[classes/:na]
	at java.base/jdk.internal.reflect.DirectMethodHandleAccessor.invoke(DirectMethodHandleAccessor.java:103) ~[na:na]
	at java.base/java.lang.reflect.Method.invoke(Method.java:580) ~[na:na]
	at org.springframework.web.method.support.InvocableHandlerMethod.doInvoke(InvocableHandlerMethod.java:258) ~[spring-web-6.2.9.jar:6.2.9]
	at org.springframework.web.method.support.InvocableHandlerMethod.invokeForRequest(InvocableHandlerMethod.java:191) ~[spring-web-6.2.9.jar:6.2.9]
	at org.springframework.web.servlet.mvc.method.annotation.ServletInvocableHandlerMethod.invokeAndHandle(ServletInvocableHandlerMethod.java:118) ~[spring-webmvc-6.2.9.jar:6.2.9]
	at org.springframework.web.servlet.mvc.method.annotation.RequestMappingHandlerAdapter.invokeHandlerMethod(RequestMappingHandlerAdapter.java:991) ~[spring-webmvc-6.2.9.jar:6.2.9]
	at org.springframework.web.servlet.mvc.method.annotation.RequestMappingHandlerAdapter.handleInternal(RequestMappingHandlerAdapter.java:896) ~[spring-webmvc-6.2.9.jar:6.2.9]
	at org.springframework.web.servlet.mvc.method.AbstractHandlerMethodAdapter.handle(AbstractHandlerMethodAdapter.java:87) ~[spring-webmvc-6.2.9.jar:6.2.9]
	at org.springframework.web.servlet.DispatcherServlet.doDispatch(DispatcherServlet.java:1089) ~[spring-webmvc-6.2.9.jar:6.2.9]
	at org.springframework.web.servlet.DispatcherServlet.doService(DispatcherServlet.java:979) ~[spring-webmvc-6.2.9.jar:6.2.9]
	at org.springframework.web.servlet.FrameworkServlet.processRequest(FrameworkServlet.java:1014) ~[spring-webmvc-6.2.9.jar:6.2.9]
	at org.springframework.web.servlet.FrameworkServlet.doGet(FrameworkServlet.java:903) ~[spring-webmvc-6.2.9.jar:6.2.9]
	at jakarta.servlet.http.HttpServlet.service(HttpServlet.java:564) ~[tomcat-embed-core-10.1.43.jar:6.0]
	at org.springframework.web.servlet.FrameworkServlet.service(FrameworkServlet.java:885) ~[spring-webmvc-6.2.9.jar:6.2.9]
	at jakarta.servlet.http.HttpServlet.service(HttpServlet.java:658) ~[tomcat-embed-core-10.1.43.jar:6.0]
	at org.apache.catalina.core.ApplicationFilterChain.internalDoFilter(ApplicationFilterChain.java:195) ~[tomcat-embed-core-10.1.43.jar:10.1.43]
	at org.apache.catalina.core.ApplicationFilterChain.doFilter(ApplicationFilterChain.java:140) ~[tomcat-embed-core-10.1.43.jar:10.1.43]
	at org.apache.tomcat.websocket.server.WsFilter.doFilter(WsFilter.java:51) ~[tomcat-embed-websocket-10.1.43.jar:10.1.43]
	at org.apache.catalina.core.ApplicationFilterChain.internalDoFilter(ApplicationFilterChain.java:164) ~[tomcat-embed-core-10.1.43.jar:10.1.43]
	at org.apache.catalina.core.ApplicationFilterChain.doFilter(ApplicationFilterChain.java:140) ~[tomcat-embed-core-10.1.43.jar:10.1.43]
	at org.springframework.web.filter.RequestContextFilter.doFilterInternal(RequestContextFilter.java:100) ~[spring-web-6.2.9.jar:6.2.9]
	at org.springframework.web.filter.OncePerRequestFilter.doFilter(OncePerRequestFilter.java:116) ~[spring-web-6.2.9.jar:6.2.9]
	at org.apache.catalina.core.ApplicationFilterChain.internalDoFilter(ApplicationFilterChain.java:164) ~[tomcat-embed-core-10.1.43.jar:10.1.43]
	at org.apache.catalina.core.ApplicationFilterChain.doFilter(ApplicationFilterChain.java:140) ~[tomcat-embed-core-10.1.43.jar:10.1.43]
	at org.springframework.web.filter.FormContentFilter.doFilterInternal(FormContentFilter.java:93) ~[spring-web-6.2.9.jar:6.2.9]
	at org.springframework.web.filter.OncePerRequestFilter.doFilter(OncePerRequestFilter.java:116) ~[spring-web-6.2.9.jar:6.2.9]
	at org.apache.catalina.core.ApplicationFilterChain.internalDoFilter(ApplicationFilterChain.java:164) ~[tomcat-embed-core-10.1.43.jar:10.1.43]
	at org.apache.catalina.core.ApplicationFilterChain.doFilter(ApplicationFilterChain.java:140) ~[tomcat-embed-core-10.1.43.jar:10.1.43]
	at org.springframework.web.filter.CharacterEncodingFilter.doFilterInternal(CharacterEncodingFilter.java:201) ~[spring-web-6.2.9.jar:6.2.9]
	at org.springframework.web.filter.OncePerRequestFilter.doFilter(OncePerRequestFilter.java:116) ~[spring-web-6.2.9.jar:6.2.9]
	at org.apache.catalina.core.ApplicationFilterChain.internalDoFilter(ApplicationFilterChain.java:164) ~[tomcat-embed-core-10.1.43.jar:10.1.43]
	at org.apache.catalina.core.ApplicationFilterChain.doFilter(ApplicationFilterChain.java:140) ~[tomcat-embed-core-10.1.43.jar:10.1.43]
	at org.apache.catalina.core.StandardWrapperValve.invoke(StandardWrapperValve.java:167) ~[tomcat-embed-core-10.1.43.jar:10.1.43]
	at org.apache.catalina.core.StandardContextValve.invoke(StandardContextValve.java:90) ~[tomcat-embed-core-10.1.43.jar:10.1.43]
	at org.apache.catalina.authenticator.AuthenticatorBase.invoke(AuthenticatorBase.java:483) ~[tomcat-embed-core-10.1.43.jar:10.1.43]
	at org.apache.catalina.core.StandardHostValve.invoke(StandardHostValve.java:116) ~[tomcat-embed-core-10.1.43.jar:10.1.43]
	at org.apache.catalina.valves.ErrorReportValve.invoke(ErrorReportValve.java:93) ~[tomcat-embed-core-10.1.43.jar:10.1.43]
	at org.apache.catalina.core.StandardEngineValve.invoke(StandardEngineValve.java:74) ~[tomcat-embed-core-10.1.43.jar:10.1.43]
	at org.apache.catalina.connector.CoyoteAdapter.service(CoyoteAdapter.java:344) ~[tomcat-embed-core-10.1.43.jar:10.1.43]
	at org.apache.coyote.http11.Http11Processor.service(Http11Processor.java:398) ~[tomcat-embed-core-10.1.43.jar:10.1.43]
	at org.apache.coyote.AbstractProcessorLight.process(AbstractProcessorLight.java:63) ~[tomcat-embed-core-10.1.43.jar:10.1.43]
	at org.apache.coyote.AbstractProtocol$ConnectionHandler.process(AbstractProtocol.java:903) ~[tomcat-embed-core-10.1.43.jar:10.1.43]
	at org.apache.tomcat.util.net.NioEndpoint$SocketProcessor.doRun(NioEndpoint.java:1769) ~[tomcat-embed-core-10.1.43.jar:10.1.43]
	at org.apache.tomcat.util.net.SocketProcessorBase.run(SocketProcessorBase.java:52) ~[tomcat-embed-core-10.1.43.jar:10.1.43]
	at org.apache.tomcat.util.threads.ThreadPoolExecutor.runWorker(ThreadPoolExecutor.java:1189) ~[tomcat-embed-core-10.1.43.jar:10.1.43]
	at org.apache.tomcat.util.threads.ThreadPoolExecutor$Worker.run(ThreadPoolExecutor.java:658) ~[tomcat-embed-core-10.1.43.jar:10.1.43]
	at org.apache.tomcat.util.threads.TaskThread$WrappingRunnable.run(TaskThread.java:63) ~[tomcat-embed-core-10.1.43.jar:10.1.43]
	at java.base/java.lang.Thread.run(Thread.java:1583) ~[na:na]

2025-08-16T08:53:12.365+08:00  INFO 16748 --- [skyBackend] [SpringApplicationShutdownHook] o.s.b.w.e.tomcat.GracefulShutdown        : Commencing graceful shutdown. Waiting for active requests to complete
2025-08-16T08:53:12.374+08:00  INFO 16748 --- [skyBackend] [tomcat-shutdown] o.s.b.w.e.tomcat.GracefulShutdown        : Graceful shutdown complete
2025-08-16T08:53:12.386+08:00  INFO 16748 --- [skyBackend] [SpringApplicationShutdownHook] com.zaxxer.hikari.HikariDataSource       : HikariPool-1 - Shutdown initiated...
2025-08-16T08:53:12.391+08:00  INFO 16748 --- [skyBackend] [SpringApplicationShutdownHook] com.zaxxer.hikari.HikariDataSource       : HikariPool-1 - Shutdown completed.
2025-08-16T08:53:14.385+08:00  INFO 10708 --- [skyBackend] [main] c.sky.skybackend.SkyBackendApplication   : Starting SkyBackendApplication using Java 21.0.4 with PID 10708 (D:\software\GitProject\skyBackend\target\classes started by W71one in D:\software\GitProject\skyBackend)
2025-08-16T08:53:14.387+08:00  INFO 10708 --- [skyBackend] [main] c.sky.skybackend.SkyBackendApplication   : No active profile set, falling back to 1 default profile: "default"
2025-08-16T08:53:14.998+08:00  INFO 10708 --- [skyBackend] [main] .s.d.r.c.RepositoryConfigurationDelegate : Multiple Spring Data modules found, entering strict repository configuration mode
2025-08-16T08:53:15.000+08:00  INFO 10708 --- [skyBackend] [main] .s.d.r.c.RepositoryConfigurationDelegate : Bootstrapping Spring Data Redis repositories in DEFAULT mode.
2025-08-16T08:53:15.023+08:00  INFO 10708 --- [skyBackend] [main] .s.d.r.c.RepositoryConfigurationDelegate : Finished Spring Data repository scanning in 9 ms. Found 0 Redis repository interfaces.
2025-08-16T08:53:15.442+08:00  INFO 10708 --- [skyBackend] [main] o.s.b.w.embedded.tomcat.TomcatWebServer  : Tomcat initialized with port 8081 (http)
2025-08-16T08:53:15.455+08:00  INFO 10708 --- [skyBackend] [main] o.apache.catalina.core.StandardService   : Starting service [Tomcat]
2025-08-16T08:53:15.455+08:00  INFO 10708 --- [skyBackend] [main] o.apache.catalina.core.StandardEngine    : Starting Servlet engine: [Apache Tomcat/10.1.43]
2025-08-16T08:53:15.499+08:00  INFO 10708 --- [skyBackend] [main] o.a.c.c.C.[Tomcat].[localhost].[/]       : Initializing Spring embedded WebApplicationContext
2025-08-16T08:53:15.499+08:00  INFO 10708 --- [skyBackend] [main] w.s.c.ServletWebServerApplicationContext : Root WebApplicationContext: initialization completed in 1083 ms
2025-08-16T08:53:16.370+08:00  INFO 10708 --- [skyBackend] [main] com.sky.skybackend.config.RedisConfig    : RedisTemplate配置完成
2025-08-16T08:53:16.901+08:00  INFO 10708 --- [skyBackend] [main] o.s.b.w.embedded.tomcat.TomcatWebServer  : Tomcat started on port 8081 (http) with context path '/'
2025-08-16T08:53:16.909+08:00  INFO 10708 --- [skyBackend] [main] c.sky.skybackend.SkyBackendApplication   : Started SkyBackendApplication in 2.929 seconds (process running for 3.42)
2025-08-16T08:53:18.503+08:00  INFO 10708 --- [skyBackend] [http-nio-8081-exec-1] o.a.c.c.C.[Tomcat].[localhost].[/]       : Initializing Spring DispatcherServlet 'dispatcherServlet'
2025-08-16T08:53:18.503+08:00  INFO 10708 --- [skyBackend] [http-nio-8081-exec-1] o.s.web.servlet.DispatcherServlet        : Initializing Servlet 'dispatcherServlet'
2025-08-16T08:53:18.504+08:00  INFO 10708 --- [skyBackend] [http-nio-8081-exec-1] o.s.web.servlet.DispatcherServlet        : Completed initialization in 1 ms
2025-08-16T08:53:18.862+08:00  INFO 10708 --- [skyBackend] [http-nio-8081-exec-1] com.zaxxer.hikari.HikariDataSource       : HikariPool-1 - Starting...
2025-08-16T08:53:19.067+08:00  INFO 10708 --- [skyBackend] [http-nio-8081-exec-1] com.zaxxer.hikari.pool.HikariPool        : HikariPool-1 - Added connection com.mysql.cj.jdbc.ConnectionImpl@6aef705d
2025-08-16T08:53:19.069+08:00  INFO 10708 --- [skyBackend] [http-nio-8081-exec-1] com.zaxxer.hikari.HikariDataSource       : HikariPool-1 - Start completed.
2025-08-16T08:53:19.149+08:00  INFO 10708 --- [skyBackend] [http-nio-8081-exec-1] c.s.s.s.ServiceImpl.VideoServiceImpl     : 视频列表[VideoVO(nickName=null, avatar=null, isCollect=null, isFollow=null, isLike=null), VideoVO(nickName=null, avatar=null, isCollect=null, isFollow=null, isLike=null)]
2025-08-16T08:53:19.149+08:00  INFO 10708 --- [skyBackend] [http-nio-8081-exec-1] c.s.s.s.ServiceImpl.VideoServiceImpl     : 视频发布者ID: [1, 2]
2025-08-16T08:53:19.177+08:00  INFO 10708 --- [skyBackend] [http-nio-8081-exec-1] c.s.s.s.ServiceImpl.VideoServiceImpl     : 视频Id2
2025-08-16T08:53:19.177+08:00  INFO 10708 --- [skyBackend] [http-nio-8081-exec-1] c.s.s.s.ServiceImpl.VideoServiceImpl     : Map: {1={followedUserId=1, isFollowed=1}}
2025-08-16T08:53:19.177+08:00  INFO 10708 --- [skyBackend] [http-nio-8081-exec-1] c.s.s.s.ServiceImpl.VideoServiceImpl     : 用户ID: 2, 关注状态: null
2025-08-16T08:53:19.177+08:00  INFO 10708 --- [skyBackend] [http-nio-8081-exec-1] c.s.s.s.ServiceImpl.VideoServiceImpl     : 视频Id1
2025-08-16T08:53:19.177+08:00  INFO 10708 --- [skyBackend] [http-nio-8081-exec-1] c.s.s.s.ServiceImpl.VideoServiceImpl     : Map: {1={followedUserId=1, isFollowed=1}}
2025-08-16T08:53:19.177+08:00  INFO 10708 --- [skyBackend] [http-nio-8081-exec-1] c.s.s.s.ServiceImpl.VideoServiceImpl     : 用户ID: 2, 关注状态: null
2025-08-16T08:54:45.716+08:00  INFO 10708 --- [skyBackend] [SpringApplicationShutdownHook] o.s.b.w.e.tomcat.GracefulShutdown        : Commencing graceful shutdown. Waiting for active requests to complete
2025-08-16T08:54:45.724+08:00  INFO 10708 --- [skyBackend] [tomcat-shutdown] o.s.b.w.e.tomcat.GracefulShutdown        : Graceful shutdown complete
2025-08-16T08:54:45.738+08:00  INFO 10708 --- [skyBackend] [SpringApplicationShutdownHook] com.zaxxer.hikari.HikariDataSource       : HikariPool-1 - Shutdown initiated...
2025-08-16T08:54:45.743+08:00  INFO 10708 --- [skyBackend] [SpringApplicationShutdownHook] com.zaxxer.hikari.HikariDataSource       : HikariPool-1 - Shutdown completed.
2025-08-16T08:54:47.742+08:00  INFO 14340 --- [skyBackend] [main] c.sky.skybackend.SkyBackendApplication   : Starting SkyBackendApplication using Java 21.0.4 with PID 14340 (D:\software\GitProject\skyBackend\target\classes started by W71one in D:\software\GitProject\skyBackend)
2025-08-16T08:54:47.743+08:00  INFO 14340 --- [skyBackend] [main] c.sky.skybackend.SkyBackendApplication   : No active profile set, falling back to 1 default profile: "default"
2025-08-16T08:54:48.337+08:00  INFO 14340 --- [skyBackend] [main] .s.d.r.c.RepositoryConfigurationDelegate : Multiple Spring Data modules found, entering strict repository configuration mode
2025-08-16T08:54:48.339+08:00  INFO 14340 --- [skyBackend] [main] .s.d.r.c.RepositoryConfigurationDelegate : Bootstrapping Spring Data Redis repositories in DEFAULT mode.
2025-08-16T08:54:48.361+08:00  INFO 14340 --- [skyBackend] [main] .s.d.r.c.RepositoryConfigurationDelegate : Finished Spring Data repository scanning in 9 ms. Found 0 Redis repository interfaces.
2025-08-16T08:54:48.782+08:00  INFO 14340 --- [skyBackend] [main] o.s.b.w.embedded.tomcat.TomcatWebServer  : Tomcat initialized with port 8081 (http)
2025-08-16T08:54:48.795+08:00  INFO 14340 --- [skyBackend] [main] o.apache.catalina.core.StandardService   : Starting service [Tomcat]
2025-08-16T08:54:48.795+08:00  INFO 14340 --- [skyBackend] [main] o.apache.catalina.core.StandardEngine    : Starting Servlet engine: [Apache Tomcat/10.1.43]
2025-08-16T08:54:48.839+08:00  INFO 14340 --- [skyBackend] [main] o.a.c.c.C.[Tomcat].[localhost].[/]       : Initializing Spring embedded WebApplicationContext
2025-08-16T08:54:48.839+08:00  INFO 14340 --- [skyBackend] [main] w.s.c.ServletWebServerApplicationContext : Root WebApplicationContext: initialization completed in 1067 ms
2025-08-16T08:54:49.699+08:00  INFO 14340 --- [skyBackend] [main] com.sky.skybackend.config.RedisConfig    : RedisTemplate配置完成
2025-08-16T08:54:50.198+08:00  INFO 14340 --- [skyBackend] [main] o.s.b.w.embedded.tomcat.TomcatWebServer  : Tomcat started on port 8081 (http) with context path '/'
2025-08-16T08:54:50.204+08:00  INFO 14340 --- [skyBackend] [main] c.sky.skybackend.SkyBackendApplication   : Started SkyBackendApplication in 2.835 seconds (process running for 3.359)
2025-08-16T08:54:52.530+08:00  INFO 14340 --- [skyBackend] [http-nio-8081-exec-1] o.a.c.c.C.[Tomcat].[localhost].[/]       : Initializing Spring DispatcherServlet 'dispatcherServlet'
2025-08-16T08:54:52.530+08:00  INFO 14340 --- [skyBackend] [http-nio-8081-exec-1] o.s.web.servlet.DispatcherServlet        : Initializing Servlet 'dispatcherServlet'
2025-08-16T08:54:52.531+08:00  INFO 14340 --- [skyBackend] [http-nio-8081-exec-1] o.s.web.servlet.DispatcherServlet        : Completed initialization in 1 ms
2025-08-16T08:54:52.882+08:00  INFO 14340 --- [skyBackend] [http-nio-8081-exec-1] com.zaxxer.hikari.HikariDataSource       : HikariPool-1 - Starting...
2025-08-16T08:54:53.085+08:00  INFO 14340 --- [skyBackend] [http-nio-8081-exec-1] com.zaxxer.hikari.pool.HikariPool        : HikariPool-1 - Added connection com.mysql.cj.jdbc.ConnectionImpl@2862b2bd
2025-08-16T08:54:53.086+08:00  INFO 14340 --- [skyBackend] [http-nio-8081-exec-1] com.zaxxer.hikari.HikariDataSource       : HikariPool-1 - Start completed.
2025-08-16T08:54:53.165+08:00  INFO 14340 --- [skyBackend] [http-nio-8081-exec-1] c.s.s.s.ServiceImpl.VideoServiceImpl     : 视频列表[VideoVO(nickName=null, avatar=null, isCollect=null, isFollow=null, isLike=null), VideoVO(nickName=null, avatar=null, isCollect=null, isFollow=null, isLike=null), VideoVO(nickName=null, avatar=null, isCollect=null, isFollow=null, isLike=null), VideoVO(nickName=null, avatar=null, isCollect=null, isFollow=null, isLike=null)]
2025-08-16T08:54:53.165+08:00  INFO 14340 --- [skyBackend] [http-nio-8081-exec-1] c.s.s.s.ServiceImpl.VideoServiceImpl     : 视频发布者ID: [1, 2, 3]
2025-08-16T08:54:53.197+08:00 ERROR 14340 --- [skyBackend] [http-nio-8081-exec-1] o.a.c.c.C.[.[.[/].[dispatcherServlet]    : Servlet.service() for servlet [dispatcherServlet] in context with path [] threw exception [Request processing failed: org.mybatis.spring.MyBatisSystemException] with root cause

org.apache.ibatis.reflection.ReflectionException: There is no getter for property named 'followedUserId' in 'class java.lang.Boolean'
	at org.apache.ibatis.reflection.Reflector.getGetInvoker(Reflector.java:385) ~[mybatis-3.5.16.jar:3.5.16]
	at org.apache.ibatis.reflection.MetaClass.getGetInvoker(MetaClass.java:160) ~[mybatis-3.5.16.jar:3.5.16]
	at org.apache.ibatis.reflection.wrapper.BeanWrapper.getBeanProperty(BeanWrapper.java:156) ~[mybatis-3.5.16.jar:3.5.16]
	at org.apache.ibatis.reflection.wrapper.BeanWrapper.get(BeanWrapper.java:50) ~[mybatis-3.5.16.jar:3.5.16]
	at org.apache.ibatis.reflection.MetaObject.getValue(MetaObject.java:115) ~[mybatis-3.5.16.jar:3.5.16]
	at org.apache.ibatis.executor.result.DefaultMapResultHandler.handleResult(DefaultMapResultHandler.java:53) ~[mybatis-3.5.16.jar:3.5.16]
	at org.apache.ibatis.session.defaults.DefaultSqlSession.selectMap(DefaultSqlSession.java:105) ~[mybatis-3.5.16.jar:3.5.16]
	at org.apache.ibatis.session.defaults.DefaultSqlSession.selectMap(DefaultSqlSession.java:94) ~[mybatis-3.5.16.jar:3.5.16]
	at java.base/jdk.internal.reflect.DirectMethodHandleAccessor.invoke(DirectMethodHandleAccessor.java:103) ~[na:na]
	at java.base/java.lang.reflect.Method.invoke(Method.java:580) ~[na:na]
	at org.mybatis.spring.SqlSessionTemplate$SqlSessionInterceptor.invoke(SqlSessionTemplate.java:425) ~[mybatis-spring-3.0.3.jar:3.0.3]
	at jdk.proxy2/jdk.proxy2.$Proxy70.selectMap(Unknown Source) ~[na:na]
	at org.mybatis.spring.SqlSessionTemplate.selectMap(SqlSessionTemplate.java:176) ~[mybatis-spring-3.0.3.jar:3.0.3]
	at com.baomidou.mybatisplus.core.override.MybatisMapperMethod.executeForMap(MybatisMapperMethod.java:216) ~[mybatis-plus-core-3.5.7.jar:3.5.7]
	at com.baomidou.mybatisplus.core.override.MybatisMapperMethod.execute(MybatisMapperMethod.java:79) ~[mybatis-plus-core-3.5.7.jar:3.5.7]
	at com.baomidou.mybatisplus.core.override.MybatisMapperProxy$PlainMethodInvoker.invoke(MybatisMapperProxy.java:152) ~[mybatis-plus-core-3.5.7.jar:3.5.7]
	at com.baomidou.mybatisplus.core.override.MybatisMapperProxy.invoke(MybatisMapperProxy.java:89) ~[mybatis-plus-core-3.5.7.jar:3.5.7]
	at jdk.proxy2/jdk.proxy2.$Proxy81.batchCheckIsFollow(Unknown Source) ~[na:na]
	at com.sky.skybackend.service.ServiceImpl.VideoServiceImpl.queryMoreVideo(VideoServiceImpl.java:68) ~[classes/:na]
	at java.base/jdk.internal.reflect.DirectMethodHandleAccessor.invoke(DirectMethodHandleAccessor.java:103) ~[na:na]
	at java.base/java.lang.reflect.Method.invoke(Method.java:580) ~[na:na]
	at org.springframework.aop.support.AopUtils.invokeJoinpointUsingReflection(AopUtils.java:360) ~[spring-aop-6.2.9.jar:6.2.9]
	at org.springframework.aop.framework.CglibAopProxy$DynamicAdvisedInterceptor.intercept(CglibAopProxy.java:724) ~[spring-aop-6.2.9.jar:6.2.9]
	at com.sky.skybackend.service.ServiceImpl.VideoServiceImpl$$SpringCGLIB$$0.queryMoreVideo(<generated>) ~[classes/:na]
	at com.sky.skybackend.controller.VideoController.getCard(VideoController.java:65) ~[classes/:na]
	at java.base/jdk.internal.reflect.DirectMethodHandleAccessor.invoke(DirectMethodHandleAccessor.java:103) ~[na:na]
	at java.base/java.lang.reflect.Method.invoke(Method.java:580) ~[na:na]
	at org.springframework.web.method.support.InvocableHandlerMethod.doInvoke(InvocableHandlerMethod.java:258) ~[spring-web-6.2.9.jar:6.2.9]
	at org.springframework.web.method.support.InvocableHandlerMethod.invokeForRequest(InvocableHandlerMethod.java:191) ~[spring-web-6.2.9.jar:6.2.9]
	at org.springframework.web.servlet.mvc.method.annotation.ServletInvocableHandlerMethod.invokeAndHandle(ServletInvocableHandlerMethod.java:118) ~[spring-webmvc-6.2.9.jar:6.2.9]
	at org.springframework.web.servlet.mvc.method.annotation.RequestMappingHandlerAdapter.invokeHandlerMethod(RequestMappingHandlerAdapter.java:991) ~[spring-webmvc-6.2.9.jar:6.2.9]
	at org.springframework.web.servlet.mvc.method.annotation.RequestMappingHandlerAdapter.handleInternal(RequestMappingHandlerAdapter.java:896) ~[spring-webmvc-6.2.9.jar:6.2.9]
	at org.springframework.web.servlet.mvc.method.AbstractHandlerMethodAdapter.handle(AbstractHandlerMethodAdapter.java:87) ~[spring-webmvc-6.2.9.jar:6.2.9]
	at org.springframework.web.servlet.DispatcherServlet.doDispatch(DispatcherServlet.java:1089) ~[spring-webmvc-6.2.9.jar:6.2.9]
	at org.springframework.web.servlet.DispatcherServlet.doService(DispatcherServlet.java:979) ~[spring-webmvc-6.2.9.jar:6.2.9]
	at org.springframework.web.servlet.FrameworkServlet.processRequest(FrameworkServlet.java:1014) ~[spring-webmvc-6.2.9.jar:6.2.9]
	at org.springframework.web.servlet.FrameworkServlet.doGet(FrameworkServlet.java:903) ~[spring-webmvc-6.2.9.jar:6.2.9]
	at jakarta.servlet.http.HttpServlet.service(HttpServlet.java:564) ~[tomcat-embed-core-10.1.43.jar:6.0]
	at org.springframework.web.servlet.FrameworkServlet.service(FrameworkServlet.java:885) ~[spring-webmvc-6.2.9.jar:6.2.9]
	at jakarta.servlet.http.HttpServlet.service(HttpServlet.java:658) ~[tomcat-embed-core-10.1.43.jar:6.0]
	at org.apache.catalina.core.ApplicationFilterChain.internalDoFilter(ApplicationFilterChain.java:195) ~[tomcat-embed-core-10.1.43.jar:10.1.43]
	at org.apache.catalina.core.ApplicationFilterChain.doFilter(ApplicationFilterChain.java:140) ~[tomcat-embed-core-10.1.43.jar:10.1.43]
	at org.apache.tomcat.websocket.server.WsFilter.doFilter(WsFilter.java:51) ~[tomcat-embed-websocket-10.1.43.jar:10.1.43]
	at org.apache.catalina.core.ApplicationFilterChain.internalDoFilter(ApplicationFilterChain.java:164) ~[tomcat-embed-core-10.1.43.jar:10.1.43]
	at org.apache.catalina.core.ApplicationFilterChain.doFilter(ApplicationFilterChain.java:140) ~[tomcat-embed-core-10.1.43.jar:10.1.43]
	at org.springframework.web.filter.RequestContextFilter.doFilterInternal(RequestContextFilter.java:100) ~[spring-web-6.2.9.jar:6.2.9]
	at org.springframework.web.filter.OncePerRequestFilter.doFilter(OncePerRequestFilter.java:116) ~[spring-web-6.2.9.jar:6.2.9]
	at org.apache.catalina.core.ApplicationFilterChain.internalDoFilter(ApplicationFilterChain.java:164) ~[tomcat-embed-core-10.1.43.jar:10.1.43]
	at org.apache.catalina.core.ApplicationFilterChain.doFilter(ApplicationFilterChain.java:140) ~[tomcat-embed-core-10.1.43.jar:10.1.43]
	at org.springframework.web.filter.FormContentFilter.doFilterInternal(FormContentFilter.java:93) ~[spring-web-6.2.9.jar:6.2.9]
	at org.springframework.web.filter.OncePerRequestFilter.doFilter(OncePerRequestFilter.java:116) ~[spring-web-6.2.9.jar:6.2.9]
	at org.apache.catalina.core.ApplicationFilterChain.internalDoFilter(ApplicationFilterChain.java:164) ~[tomcat-embed-core-10.1.43.jar:10.1.43]
	at org.apache.catalina.core.ApplicationFilterChain.doFilter(ApplicationFilterChain.java:140) ~[tomcat-embed-core-10.1.43.jar:10.1.43]
	at org.springframework.web.filter.CharacterEncodingFilter.doFilterInternal(CharacterEncodingFilter.java:201) ~[spring-web-6.2.9.jar:6.2.9]
	at org.springframework.web.filter.OncePerRequestFilter.doFilter(OncePerRequestFilter.java:116) ~[spring-web-6.2.9.jar:6.2.9]
	at org.apache.catalina.core.ApplicationFilterChain.internalDoFilter(ApplicationFilterChain.java:164) ~[tomcat-embed-core-10.1.43.jar:10.1.43]
	at org.apache.catalina.core.ApplicationFilterChain.doFilter(ApplicationFilterChain.java:140) ~[tomcat-embed-core-10.1.43.jar:10.1.43]
	at org.apache.catalina.core.StandardWrapperValve.invoke(StandardWrapperValve.java:167) ~[tomcat-embed-core-10.1.43.jar:10.1.43]
	at org.apache.catalina.core.StandardContextValve.invoke(StandardContextValve.java:90) ~[tomcat-embed-core-10.1.43.jar:10.1.43]
	at org.apache.catalina.authenticator.AuthenticatorBase.invoke(AuthenticatorBase.java:483) ~[tomcat-embed-core-10.1.43.jar:10.1.43]
	at org.apache.catalina.core.StandardHostValve.invoke(StandardHostValve.java:116) ~[tomcat-embed-core-10.1.43.jar:10.1.43]
	at org.apache.catalina.valves.ErrorReportValve.invoke(ErrorReportValve.java:93) ~[tomcat-embed-core-10.1.43.jar:10.1.43]
	at org.apache.catalina.core.StandardEngineValve.invoke(StandardEngineValve.java:74) ~[tomcat-embed-core-10.1.43.jar:10.1.43]
	at org.apache.catalina.connector.CoyoteAdapter.service(CoyoteAdapter.java:344) ~[tomcat-embed-core-10.1.43.jar:10.1.43]
	at org.apache.coyote.http11.Http11Processor.service(Http11Processor.java:398) ~[tomcat-embed-core-10.1.43.jar:10.1.43]
	at org.apache.coyote.AbstractProcessorLight.process(AbstractProcessorLight.java:63) ~[tomcat-embed-core-10.1.43.jar:10.1.43]
	at org.apache.coyote.AbstractProtocol$ConnectionHandler.process(AbstractProtocol.java:903) ~[tomcat-embed-core-10.1.43.jar:10.1.43]
	at org.apache.tomcat.util.net.NioEndpoint$SocketProcessor.doRun(NioEndpoint.java:1769) ~[tomcat-embed-core-10.1.43.jar:10.1.43]
	at org.apache.tomcat.util.net.SocketProcessorBase.run(SocketProcessorBase.java:52) ~[tomcat-embed-core-10.1.43.jar:10.1.43]
	at org.apache.tomcat.util.threads.ThreadPoolExecutor.runWorker(ThreadPoolExecutor.java:1189) ~[tomcat-embed-core-10.1.43.jar:10.1.43]
	at org.apache.tomcat.util.threads.ThreadPoolExecutor$Worker.run(ThreadPoolExecutor.java:658) ~[tomcat-embed-core-10.1.43.jar:10.1.43]
	at org.apache.tomcat.util.threads.TaskThread$WrappingRunnable.run(TaskThread.java:63) ~[tomcat-embed-core-10.1.43.jar:10.1.43]
	at java.base/java.lang.Thread.run(Thread.java:1583) ~[na:na]

2025-08-16T08:59:26.753+08:00  INFO 14340 --- [skyBackend] [SpringApplicationShutdownHook] o.s.b.w.e.tomcat.GracefulShutdown        : Commencing graceful shutdown. Waiting for active requests to complete
2025-08-16T08:59:26.762+08:00  INFO 14340 --- [skyBackend] [tomcat-shutdown] o.s.b.w.e.tomcat.GracefulShutdown        : Graceful shutdown complete
2025-08-16T08:59:26.775+08:00  INFO 14340 --- [skyBackend] [SpringApplicationShutdownHook] com.zaxxer.hikari.HikariDataSource       : HikariPool-1 - Shutdown initiated...
2025-08-16T08:59:26.780+08:00  INFO 14340 --- [skyBackend] [SpringApplicationShutdownHook] com.zaxxer.hikari.HikariDataSource       : HikariPool-1 - Shutdown completed.
2025-08-16T08:59:28.714+08:00  INFO 3904 --- [skyBackend] [main] c.sky.skybackend.SkyBackendApplication   : Starting SkyBackendApplication using Java 21.0.4 with PID 3904 (D:\software\GitProject\skyBackend\target\classes started by W71one in D:\software\GitProject\skyBackend)
2025-08-16T08:59:28.716+08:00  INFO 3904 --- [skyBackend] [main] c.sky.skybackend.SkyBackendApplication   : No active profile set, falling back to 1 default profile: "default"
2025-08-16T08:59:29.312+08:00  INFO 3904 --- [skyBackend] [main] .s.d.r.c.RepositoryConfigurationDelegate : Multiple Spring Data modules found, entering strict repository configuration mode
2025-08-16T08:59:29.314+08:00  INFO 3904 --- [skyBackend] [main] .s.d.r.c.RepositoryConfigurationDelegate : Bootstrapping Spring Data Redis repositories in DEFAULT mode.
2025-08-16T08:59:29.336+08:00  INFO 3904 --- [skyBackend] [main] .s.d.r.c.RepositoryConfigurationDelegate : Finished Spring Data repository scanning in 9 ms. Found 0 Redis repository interfaces.
2025-08-16T08:59:29.738+08:00  INFO 3904 --- [skyBackend] [main] o.s.b.w.embedded.tomcat.TomcatWebServer  : Tomcat initialized with port 8081 (http)
2025-08-16T08:59:29.750+08:00  INFO 3904 --- [skyBackend] [main] o.apache.catalina.core.StandardService   : Starting service [Tomcat]
2025-08-16T08:59:29.750+08:00  INFO 3904 --- [skyBackend] [main] o.apache.catalina.core.StandardEngine    : Starting Servlet engine: [Apache Tomcat/10.1.43]
2025-08-16T08:59:29.793+08:00  INFO 3904 --- [skyBackend] [main] o.a.c.c.C.[Tomcat].[localhost].[/]       : Initializing Spring embedded WebApplicationContext
2025-08-16T08:59:29.793+08:00  INFO 3904 --- [skyBackend] [main] w.s.c.ServletWebServerApplicationContext : Root WebApplicationContext: initialization completed in 1049 ms
2025-08-16T08:59:30.625+08:00  INFO 3904 --- [skyBackend] [main] com.sky.skybackend.config.RedisConfig    : RedisTemplate配置完成
2025-08-16T08:59:31.119+08:00  INFO 3904 --- [skyBackend] [main] o.s.b.w.embedded.tomcat.TomcatWebServer  : Tomcat started on port 8081 (http) with context path '/'
2025-08-16T08:59:31.126+08:00  INFO 3904 --- [skyBackend] [main] c.sky.skybackend.SkyBackendApplication   : Started SkyBackendApplication in 2.779 seconds (process running for 3.305)
2025-08-16T08:59:54.679+08:00  INFO 3904 --- [skyBackend] [http-nio-8081-exec-1] o.a.c.c.C.[Tomcat].[localhost].[/]       : Initializing Spring DispatcherServlet 'dispatcherServlet'
2025-08-16T08:59:54.680+08:00  INFO 3904 --- [skyBackend] [http-nio-8081-exec-1] o.s.web.servlet.DispatcherServlet        : Initializing Servlet 'dispatcherServlet'
2025-08-16T08:59:54.681+08:00  INFO 3904 --- [skyBackend] [http-nio-8081-exec-1] o.s.web.servlet.DispatcherServlet        : Completed initialization in 1 ms
2025-08-16T08:59:55.032+08:00  INFO 3904 --- [skyBackend] [http-nio-8081-exec-1] com.zaxxer.hikari.HikariDataSource       : HikariPool-1 - Starting...
2025-08-16T08:59:55.232+08:00  INFO 3904 --- [skyBackend] [http-nio-8081-exec-1] com.zaxxer.hikari.pool.HikariPool        : HikariPool-1 - Added connection com.mysql.cj.jdbc.ConnectionImpl@2a9e5fb3
2025-08-16T08:59:55.234+08:00  INFO 3904 --- [skyBackend] [http-nio-8081-exec-1] com.zaxxer.hikari.HikariDataSource       : HikariPool-1 - Start completed.
2025-08-16T08:59:55.313+08:00  INFO 3904 --- [skyBackend] [http-nio-8081-exec-1] c.s.s.s.ServiceImpl.VideoServiceImpl     : 视频列表[VideoVO(nickName=null, avatar=null, isCollect=null, isFollow=null, isLike=null), VideoVO(nickName=null, avatar=null, isCollect=null, isFollow=null, isLike=null), VideoVO(nickName=null, avatar=null, isCollect=null, isFollow=null, isLike=null)]
2025-08-16T08:59:55.314+08:00  INFO 3904 --- [skyBackend] [http-nio-8081-exec-1] c.s.s.s.ServiceImpl.VideoServiceImpl     : 视频发布者ID: [1, 2]
2025-08-16T08:59:55.344+08:00 ERROR 3904 --- [skyBackend] [http-nio-8081-exec-1] o.a.c.c.C.[.[.[/].[dispatcherServlet]    : Servlet.service() for servlet [dispatcherServlet] in context with path [] threw exception [Request processing failed: org.mybatis.spring.MyBatisSystemException] with root cause

org.apache.ibatis.reflection.ReflectionException: There is no getter for property named 'followedUserId' in 'class java.lang.Boolean'
	at org.apache.ibatis.reflection.Reflector.getGetInvoker(Reflector.java:385) ~[mybatis-3.5.16.jar:3.5.16]
	at org.apache.ibatis.reflection.MetaClass.getGetInvoker(MetaClass.java:160) ~[mybatis-3.5.16.jar:3.5.16]
	at org.apache.ibatis.reflection.wrapper.BeanWrapper.getBeanProperty(BeanWrapper.java:156) ~[mybatis-3.5.16.jar:3.5.16]
	at org.apache.ibatis.reflection.wrapper.BeanWrapper.get(BeanWrapper.java:50) ~[mybatis-3.5.16.jar:3.5.16]
	at org.apache.ibatis.reflection.MetaObject.getValue(MetaObject.java:115) ~[mybatis-3.5.16.jar:3.5.16]
	at org.apache.ibatis.executor.result.DefaultMapResultHandler.handleResult(DefaultMapResultHandler.java:53) ~[mybatis-3.5.16.jar:3.5.16]
	at org.apache.ibatis.session.defaults.DefaultSqlSession.selectMap(DefaultSqlSession.java:105) ~[mybatis-3.5.16.jar:3.5.16]
	at org.apache.ibatis.session.defaults.DefaultSqlSession.selectMap(DefaultSqlSession.java:94) ~[mybatis-3.5.16.jar:3.5.16]
	at java.base/jdk.internal.reflect.DirectMethodHandleAccessor.invoke(DirectMethodHandleAccessor.java:103) ~[na:na]
	at java.base/java.lang.reflect.Method.invoke(Method.java:580) ~[na:na]
	at org.mybatis.spring.SqlSessionTemplate$SqlSessionInterceptor.invoke(SqlSessionTemplate.java:425) ~[mybatis-spring-3.0.3.jar:3.0.3]
	at jdk.proxy2/jdk.proxy2.$Proxy70.selectMap(Unknown Source) ~[na:na]
	at org.mybatis.spring.SqlSessionTemplate.selectMap(SqlSessionTemplate.java:176) ~[mybatis-spring-3.0.3.jar:3.0.3]
	at com.baomidou.mybatisplus.core.override.MybatisMapperMethod.executeForMap(MybatisMapperMethod.java:216) ~[mybatis-plus-core-3.5.7.jar:3.5.7]
	at com.baomidou.mybatisplus.core.override.MybatisMapperMethod.execute(MybatisMapperMethod.java:79) ~[mybatis-plus-core-3.5.7.jar:3.5.7]
	at com.baomidou.mybatisplus.core.override.MybatisMapperProxy$PlainMethodInvoker.invoke(MybatisMapperProxy.java:152) ~[mybatis-plus-core-3.5.7.jar:3.5.7]
	at com.baomidou.mybatisplus.core.override.MybatisMapperProxy.invoke(MybatisMapperProxy.java:89) ~[mybatis-plus-core-3.5.7.jar:3.5.7]
	at jdk.proxy2/jdk.proxy2.$Proxy81.batchCheckIsFollow(Unknown Source) ~[na:na]
	at com.sky.skybackend.service.ServiceImpl.VideoServiceImpl.queryMoreVideo(VideoServiceImpl.java:68) ~[classes/:na]
	at java.base/jdk.internal.reflect.DirectMethodHandleAccessor.invoke(DirectMethodHandleAccessor.java:103) ~[na:na]
	at java.base/java.lang.reflect.Method.invoke(Method.java:580) ~[na:na]
	at org.springframework.aop.support.AopUtils.invokeJoinpointUsingReflection(AopUtils.java:360) ~[spring-aop-6.2.9.jar:6.2.9]
	at org.springframework.aop.framework.CglibAopProxy$DynamicAdvisedInterceptor.intercept(CglibAopProxy.java:724) ~[spring-aop-6.2.9.jar:6.2.9]
	at com.sky.skybackend.service.ServiceImpl.VideoServiceImpl$$SpringCGLIB$$0.queryMoreVideo(<generated>) ~[classes/:na]
	at com.sky.skybackend.controller.VideoController.getCard(VideoController.java:65) ~[classes/:na]
	at java.base/jdk.internal.reflect.DirectMethodHandleAccessor.invoke(DirectMethodHandleAccessor.java:103) ~[na:na]
	at java.base/java.lang.reflect.Method.invoke(Method.java:580) ~[na:na]
	at org.springframework.web.method.support.InvocableHandlerMethod.doInvoke(InvocableHandlerMethod.java:258) ~[spring-web-6.2.9.jar:6.2.9]
	at org.springframework.web.method.support.InvocableHandlerMethod.invokeForRequest(InvocableHandlerMethod.java:191) ~[spring-web-6.2.9.jar:6.2.9]
	at org.springframework.web.servlet.mvc.method.annotation.ServletInvocableHandlerMethod.invokeAndHandle(ServletInvocableHandlerMethod.java:118) ~[spring-webmvc-6.2.9.jar:6.2.9]
	at org.springframework.web.servlet.mvc.method.annotation.RequestMappingHandlerAdapter.invokeHandlerMethod(RequestMappingHandlerAdapter.java:991) ~[spring-webmvc-6.2.9.jar:6.2.9]
	at org.springframework.web.servlet.mvc.method.annotation.RequestMappingHandlerAdapter.handleInternal(RequestMappingHandlerAdapter.java:896) ~[spring-webmvc-6.2.9.jar:6.2.9]
	at org.springframework.web.servlet.mvc.method.AbstractHandlerMethodAdapter.handle(AbstractHandlerMethodAdapter.java:87) ~[spring-webmvc-6.2.9.jar:6.2.9]
	at org.springframework.web.servlet.DispatcherServlet.doDispatch(DispatcherServlet.java:1089) ~[spring-webmvc-6.2.9.jar:6.2.9]
	at org.springframework.web.servlet.DispatcherServlet.doService(DispatcherServlet.java:979) ~[spring-webmvc-6.2.9.jar:6.2.9]
	at org.springframework.web.servlet.FrameworkServlet.processRequest(FrameworkServlet.java:1014) ~[spring-webmvc-6.2.9.jar:6.2.9]
	at org.springframework.web.servlet.FrameworkServlet.doGet(FrameworkServlet.java:903) ~[spring-webmvc-6.2.9.jar:6.2.9]
	at jakarta.servlet.http.HttpServlet.service(HttpServlet.java:564) ~[tomcat-embed-core-10.1.43.jar:6.0]
	at org.springframework.web.servlet.FrameworkServlet.service(FrameworkServlet.java:885) ~[spring-webmvc-6.2.9.jar:6.2.9]
	at jakarta.servlet.http.HttpServlet.service(HttpServlet.java:658) ~[tomcat-embed-core-10.1.43.jar:6.0]
	at org.apache.catalina.core.ApplicationFilterChain.internalDoFilter(ApplicationFilterChain.java:195) ~[tomcat-embed-core-10.1.43.jar:10.1.43]
	at org.apache.catalina.core.ApplicationFilterChain.doFilter(ApplicationFilterChain.java:140) ~[tomcat-embed-core-10.1.43.jar:10.1.43]
	at org.apache.tomcat.websocket.server.WsFilter.doFilter(WsFilter.java:51) ~[tomcat-embed-websocket-10.1.43.jar:10.1.43]
	at org.apache.catalina.core.ApplicationFilterChain.internalDoFilter(ApplicationFilterChain.java:164) ~[tomcat-embed-core-10.1.43.jar:10.1.43]
	at org.apache.catalina.core.ApplicationFilterChain.doFilter(ApplicationFilterChain.java:140) ~[tomcat-embed-core-10.1.43.jar:10.1.43]
	at org.springframework.web.filter.RequestContextFilter.doFilterInternal(RequestContextFilter.java:100) ~[spring-web-6.2.9.jar:6.2.9]
	at org.springframework.web.filter.OncePerRequestFilter.doFilter(OncePerRequestFilter.java:116) ~[spring-web-6.2.9.jar:6.2.9]
	at org.apache.catalina.core.ApplicationFilterChain.internalDoFilter(ApplicationFilterChain.java:164) ~[tomcat-embed-core-10.1.43.jar:10.1.43]
	at org.apache.catalina.core.ApplicationFilterChain.doFilter(ApplicationFilterChain.java:140) ~[tomcat-embed-core-10.1.43.jar:10.1.43]
	at org.springframework.web.filter.FormContentFilter.doFilterInternal(FormContentFilter.java:93) ~[spring-web-6.2.9.jar:6.2.9]
	at org.springframework.web.filter.OncePerRequestFilter.doFilter(OncePerRequestFilter.java:116) ~[spring-web-6.2.9.jar:6.2.9]
	at org.apache.catalina.core.ApplicationFilterChain.internalDoFilter(ApplicationFilterChain.java:164) ~[tomcat-embed-core-10.1.43.jar:10.1.43]
	at org.apache.catalina.core.ApplicationFilterChain.doFilter(ApplicationFilterChain.java:140) ~[tomcat-embed-core-10.1.43.jar:10.1.43]
	at org.springframework.web.filter.CharacterEncodingFilter.doFilterInternal(CharacterEncodingFilter.java:201) ~[spring-web-6.2.9.jar:6.2.9]
	at org.springframework.web.filter.OncePerRequestFilter.doFilter(OncePerRequestFilter.java:116) ~[spring-web-6.2.9.jar:6.2.9]
	at org.apache.catalina.core.ApplicationFilterChain.internalDoFilter(ApplicationFilterChain.java:164) ~[tomcat-embed-core-10.1.43.jar:10.1.43]
	at org.apache.catalina.core.ApplicationFilterChain.doFilter(ApplicationFilterChain.java:140) ~[tomcat-embed-core-10.1.43.jar:10.1.43]
	at org.apache.catalina.core.StandardWrapperValve.invoke(StandardWrapperValve.java:167) ~[tomcat-embed-core-10.1.43.jar:10.1.43]
	at org.apache.catalina.core.StandardContextValve.invoke(StandardContextValve.java:90) ~[tomcat-embed-core-10.1.43.jar:10.1.43]
	at org.apache.catalina.authenticator.AuthenticatorBase.invoke(AuthenticatorBase.java:483) ~[tomcat-embed-core-10.1.43.jar:10.1.43]
	at org.apache.catalina.core.StandardHostValve.invoke(StandardHostValve.java:116) ~[tomcat-embed-core-10.1.43.jar:10.1.43]
	at org.apache.catalina.valves.ErrorReportValve.invoke(ErrorReportValve.java:93) ~[tomcat-embed-core-10.1.43.jar:10.1.43]
	at org.apache.catalina.core.StandardEngineValve.invoke(StandardEngineValve.java:74) ~[tomcat-embed-core-10.1.43.jar:10.1.43]
	at org.apache.catalina.connector.CoyoteAdapter.service(CoyoteAdapter.java:344) ~[tomcat-embed-core-10.1.43.jar:10.1.43]
	at org.apache.coyote.http11.Http11Processor.service(Http11Processor.java:398) ~[tomcat-embed-core-10.1.43.jar:10.1.43]
	at org.apache.coyote.AbstractProcessorLight.process(AbstractProcessorLight.java:63) ~[tomcat-embed-core-10.1.43.jar:10.1.43]
	at org.apache.coyote.AbstractProtocol$ConnectionHandler.process(AbstractProtocol.java:903) ~[tomcat-embed-core-10.1.43.jar:10.1.43]
	at org.apache.tomcat.util.net.NioEndpoint$SocketProcessor.doRun(NioEndpoint.java:1769) ~[tomcat-embed-core-10.1.43.jar:10.1.43]
	at org.apache.tomcat.util.net.SocketProcessorBase.run(SocketProcessorBase.java:52) ~[tomcat-embed-core-10.1.43.jar:10.1.43]
	at org.apache.tomcat.util.threads.ThreadPoolExecutor.runWorker(ThreadPoolExecutor.java:1189) ~[tomcat-embed-core-10.1.43.jar:10.1.43]
	at org.apache.tomcat.util.threads.ThreadPoolExecutor$Worker.run(ThreadPoolExecutor.java:658) ~[tomcat-embed-core-10.1.43.jar:10.1.43]
	at org.apache.tomcat.util.threads.TaskThread$WrappingRunnable.run(TaskThread.java:63) ~[tomcat-embed-core-10.1.43.jar:10.1.43]
	at java.base/java.lang.Thread.run(Thread.java:1583) ~[na:na]

2025-08-16T09:02:38.358+08:00  INFO 3904 --- [skyBackend] [SpringApplicationShutdownHook] o.s.b.w.e.tomcat.GracefulShutdown        : Commencing graceful shutdown. Waiting for active requests to complete
2025-08-16T09:02:38.368+08:00  INFO 3904 --- [skyBackend] [tomcat-shutdown] o.s.b.w.e.tomcat.GracefulShutdown        : Graceful shutdown complete
2025-08-16T09:02:38.387+08:00  INFO 3904 --- [skyBackend] [SpringApplicationShutdownHook] com.zaxxer.hikari.HikariDataSource       : HikariPool-1 - Shutdown initiated...
2025-08-16T09:02:38.392+08:00  INFO 3904 --- [skyBackend] [SpringApplicationShutdownHook] com.zaxxer.hikari.HikariDataSource       : HikariPool-1 - Shutdown completed.
2025-08-16T09:02:40.388+08:00  INFO 1532 --- [skyBackend] [main] c.sky.skybackend.SkyBackendApplication   : Starting SkyBackendApplication using Java 21.0.4 with PID 1532 (D:\software\GitProject\skyBackend\target\classes started by W71one in D:\software\GitProject\skyBackend)
2025-08-16T09:02:40.390+08:00  INFO 1532 --- [skyBackend] [main] c.sky.skybackend.SkyBackendApplication   : No active profile set, falling back to 1 default profile: "default"
2025-08-16T09:02:41.019+08:00  INFO 1532 --- [skyBackend] [main] .s.d.r.c.RepositoryConfigurationDelegate : Multiple Spring Data modules found, entering strict repository configuration mode
2025-08-16T09:02:41.022+08:00  INFO 1532 --- [skyBackend] [main] .s.d.r.c.RepositoryConfigurationDelegate : Bootstrapping Spring Data Redis repositories in DEFAULT mode.
2025-08-16T09:02:41.045+08:00  INFO 1532 --- [skyBackend] [main] .s.d.r.c.RepositoryConfigurationDelegate : Finished Spring Data repository scanning in 10 ms. Found 0 Redis repository interfaces.
2025-08-16T09:02:41.449+08:00  INFO 1532 --- [skyBackend] [main] o.s.b.w.embedded.tomcat.TomcatWebServer  : Tomcat initialized with port 8081 (http)
2025-08-16T09:02:41.460+08:00  INFO 1532 --- [skyBackend] [main] o.apache.catalina.core.StandardService   : Starting service [Tomcat]
2025-08-16T09:02:41.461+08:00  INFO 1532 --- [skyBackend] [main] o.apache.catalina.core.StandardEngine    : Starting Servlet engine: [Apache Tomcat/10.1.43]
2025-08-16T09:02:41.503+08:00  INFO 1532 --- [skyBackend] [main] o.a.c.c.C.[Tomcat].[localhost].[/]       : Initializing Spring embedded WebApplicationContext
2025-08-16T09:02:41.503+08:00  INFO 1532 --- [skyBackend] [main] w.s.c.ServletWebServerApplicationContext : Root WebApplicationContext: initialization completed in 1084 ms
2025-08-16T09:02:42.360+08:00  INFO 1532 --- [skyBackend] [main] com.sky.skybackend.config.RedisConfig    : RedisTemplate配置完成
2025-08-16T09:02:42.870+08:00  INFO 1532 --- [skyBackend] [main] o.s.b.w.embedded.tomcat.TomcatWebServer  : Tomcat started on port 8081 (http) with context path '/'
2025-08-16T09:02:42.877+08:00  INFO 1532 --- [skyBackend] [main] c.sky.skybackend.SkyBackendApplication   : Started SkyBackendApplication in 2.856 seconds (process running for 3.365)
2025-08-16T09:04:05.638+08:00  INFO 1532 --- [skyBackend] [SpringApplicationShutdownHook] o.s.b.w.e.tomcat.GracefulShutdown        : Commencing graceful shutdown. Waiting for active requests to complete
2025-08-16T09:04:05.648+08:00  INFO 1532 --- [skyBackend] [tomcat-shutdown] o.s.b.w.e.tomcat.GracefulShutdown        : Graceful shutdown complete
2025-08-16T09:04:07.684+08:00  INFO 2168 --- [skyBackend] [main] c.sky.skybackend.SkyBackendApplication   : Starting SkyBackendApplication using Java 21.0.4 with PID 2168 (D:\software\GitProject\skyBackend\target\classes started by W71one in D:\software\GitProject\skyBackend)
2025-08-16T09:04:07.685+08:00  INFO 2168 --- [skyBackend] [main] c.sky.skybackend.SkyBackendApplication   : No active profile set, falling back to 1 default profile: "default"
2025-08-16T09:04:08.279+08:00  INFO 2168 --- [skyBackend] [main] .s.d.r.c.RepositoryConfigurationDelegate : Multiple Spring Data modules found, entering strict repository configuration mode
2025-08-16T09:04:08.281+08:00  INFO 2168 --- [skyBackend] [main] .s.d.r.c.RepositoryConfigurationDelegate : Bootstrapping Spring Data Redis repositories in DEFAULT mode.
2025-08-16T09:04:08.303+08:00  INFO 2168 --- [skyBackend] [main] .s.d.r.c.RepositoryConfigurationDelegate : Finished Spring Data repository scanning in 9 ms. Found 0 Redis repository interfaces.
2025-08-16T09:04:08.701+08:00  INFO 2168 --- [skyBackend] [main] o.s.b.w.embedded.tomcat.TomcatWebServer  : Tomcat initialized with port 8081 (http)
2025-08-16T09:04:08.713+08:00  INFO 2168 --- [skyBackend] [main] o.apache.catalina.core.StandardService   : Starting service [Tomcat]
2025-08-16T09:04:08.714+08:00  INFO 2168 --- [skyBackend] [main] o.apache.catalina.core.StandardEngine    : Starting Servlet engine: [Apache Tomcat/10.1.43]
2025-08-16T09:04:08.755+08:00  INFO 2168 --- [skyBackend] [main] o.a.c.c.C.[Tomcat].[localhost].[/]       : Initializing Spring embedded WebApplicationContext
2025-08-16T09:04:08.755+08:00  INFO 2168 --- [skyBackend] [main] w.s.c.ServletWebServerApplicationContext : Root WebApplicationContext: initialization completed in 1042 ms
2025-08-16T09:04:09.594+08:00  INFO 2168 --- [skyBackend] [main] com.sky.skybackend.config.RedisConfig    : RedisTemplate配置完成
2025-08-16T09:04:10.097+08:00  INFO 2168 --- [skyBackend] [main] o.s.b.w.embedded.tomcat.TomcatWebServer  : Tomcat started on port 8081 (http) with context path '/'
2025-08-16T09:04:10.104+08:00  INFO 2168 --- [skyBackend] [main] c.sky.skybackend.SkyBackendApplication   : Started SkyBackendApplication in 2.793 seconds (process running for 3.306)
2025-08-16T09:04:29.661+08:00  INFO 2168 --- [skyBackend] [http-nio-8081-exec-1] o.a.c.c.C.[Tomcat].[localhost].[/]       : Initializing Spring DispatcherServlet 'dispatcherServlet'
2025-08-16T09:04:29.661+08:00  INFO 2168 --- [skyBackend] [http-nio-8081-exec-1] o.s.web.servlet.DispatcherServlet        : Initializing Servlet 'dispatcherServlet'
2025-08-16T09:04:29.662+08:00  INFO 2168 --- [skyBackend] [http-nio-8081-exec-1] o.s.web.servlet.DispatcherServlet        : Completed initialization in 1 ms
2025-08-16T09:04:30.014+08:00  INFO 2168 --- [skyBackend] [http-nio-8081-exec-1] com.zaxxer.hikari.HikariDataSource       : HikariPool-1 - Starting...
2025-08-16T09:04:30.211+08:00  INFO 2168 --- [skyBackend] [http-nio-8081-exec-1] com.zaxxer.hikari.pool.HikariPool        : HikariPool-1 - Added connection com.mysql.cj.jdbc.ConnectionImpl@758d0803
2025-08-16T09:04:30.212+08:00  INFO 2168 --- [skyBackend] [http-nio-8081-exec-1] com.zaxxer.hikari.HikariDataSource       : HikariPool-1 - Start completed.
2025-08-16T09:04:30.292+08:00  INFO 2168 --- [skyBackend] [http-nio-8081-exec-1] c.s.s.s.ServiceImpl.VideoServiceImpl     : 视频列表[VideoVO(nickName=null, avatar=null, isCollect=null, isFollow=null, isLike=null), VideoVO(nickName=null, avatar=null, isCollect=null, isFollow=null, isLike=null), VideoVO(nickName=null, avatar=null, isCollect=null, isFollow=null, isLike=null)]
2025-08-16T09:04:30.292+08:00  INFO 2168 --- [skyBackend] [http-nio-8081-exec-1] c.s.s.s.ServiceImpl.VideoServiceImpl     : 视频发布者ID: [1, 2]
2025-08-16T09:04:30.321+08:00 ERROR 2168 --- [skyBackend] [http-nio-8081-exec-1] o.a.c.c.C.[.[.[/].[dispatcherServlet]    : Servlet.service() for servlet [dispatcherServlet] in context with path [] threw exception [Request processing failed: org.mybatis.spring.MyBatisSystemException] with root cause

java.lang.NoSuchMethodException: java.util.HashMap.<init>(java.lang.Integer,java.lang.Boolean)
	at java.base/java.lang.Class.getConstructor0(Class.java:3761) ~[na:na]
	at java.base/java.lang.Class.getDeclaredConstructor(Class.java:2930) ~[na:na]
	at org.apache.ibatis.reflection.factory.DefaultObjectFactory.instantiateClass(DefaultObjectFactory.java:71) ~[mybatis-3.5.16.jar:3.5.16]
	at org.apache.ibatis.reflection.factory.DefaultObjectFactory.create(DefaultObjectFactory.java:53) ~[mybatis-3.5.16.jar:3.5.16]
	at org.apache.ibatis.executor.resultset.DefaultResultSetHandler.createParameterizedResultObject(DefaultResultSetHandler.java:722) ~[mybatis-3.5.16.jar:3.5.16]
	at org.apache.ibatis.executor.resultset.DefaultResultSetHandler.createResultObject(DefaultResultSetHandler.java:684) ~[mybatis-3.5.16.jar:3.5.16]
	at org.apache.ibatis.executor.resultset.DefaultResultSetHandler.createResultObject(DefaultResultSetHandler.java:659) ~[mybatis-3.5.16.jar:3.5.16]
	at org.apache.ibatis.executor.resultset.DefaultResultSetHandler.getRowValue(DefaultResultSetHandler.java:411) ~[mybatis-3.5.16.jar:3.5.16]
	at org.apache.ibatis.executor.resultset.DefaultResultSetHandler.handleRowValuesForSimpleResultMap(DefaultResultSetHandler.java:366) ~[mybatis-3.5.16.jar:3.5.16]
	at org.apache.ibatis.executor.resultset.DefaultResultSetHandler.handleRowValues(DefaultResultSetHandler.java:337) ~[mybatis-3.5.16.jar:3.5.16]
	at org.apache.ibatis.executor.resultset.DefaultResultSetHandler.handleResultSet(DefaultResultSetHandler.java:310) ~[mybatis-3.5.16.jar:3.5.16]
	at org.apache.ibatis.executor.resultset.DefaultResultSetHandler.handleResultSets(DefaultResultSetHandler.java:202) ~[mybatis-3.5.16.jar:3.5.16]
	at org.apache.ibatis.executor.statement.PreparedStatementHandler.query(PreparedStatementHandler.java:66) ~[mybatis-3.5.16.jar:3.5.16]
	at org.apache.ibatis.executor.statement.RoutingStatementHandler.query(RoutingStatementHandler.java:80) ~[mybatis-3.5.16.jar:3.5.16]
	at org.apache.ibatis.executor.SimpleExecutor.doQuery(SimpleExecutor.java:65) ~[mybatis-3.5.16.jar:3.5.16]
	at org.apache.ibatis.executor.BaseExecutor.queryFromDatabase(BaseExecutor.java:336) ~[mybatis-3.5.16.jar:3.5.16]
	at org.apache.ibatis.executor.BaseExecutor.query(BaseExecutor.java:158) ~[mybatis-3.5.16.jar:3.5.16]
	at org.apache.ibatis.executor.CachingExecutor.query(CachingExecutor.java:110) ~[mybatis-3.5.16.jar:3.5.16]
	at org.apache.ibatis.executor.CachingExecutor.query(CachingExecutor.java:90) ~[mybatis-3.5.16.jar:3.5.16]
	at org.apache.ibatis.session.defaults.DefaultSqlSession.selectList(DefaultSqlSession.java:154) ~[mybatis-3.5.16.jar:3.5.16]
	at org.apache.ibatis.session.defaults.DefaultSqlSession.selectList(DefaultSqlSession.java:147) ~[mybatis-3.5.16.jar:3.5.16]
	at org.apache.ibatis.session.defaults.DefaultSqlSession.selectMap(DefaultSqlSession.java:99) ~[mybatis-3.5.16.jar:3.5.16]
	at org.apache.ibatis.session.defaults.DefaultSqlSession.selectMap(DefaultSqlSession.java:94) ~[mybatis-3.5.16.jar:3.5.16]
	at java.base/jdk.internal.reflect.DirectMethodHandleAccessor.invoke(DirectMethodHandleAccessor.java:103) ~[na:na]
	at java.base/java.lang.reflect.Method.invoke(Method.java:580) ~[na:na]
	at org.mybatis.spring.SqlSessionTemplate$SqlSessionInterceptor.invoke(SqlSessionTemplate.java:425) ~[mybatis-spring-3.0.3.jar:3.0.3]
	at jdk.proxy2/jdk.proxy2.$Proxy70.selectMap(Unknown Source) ~[na:na]
	at org.mybatis.spring.SqlSessionTemplate.selectMap(SqlSessionTemplate.java:176) ~[mybatis-spring-3.0.3.jar:3.0.3]
	at com.baomidou.mybatisplus.core.override.MybatisMapperMethod.executeForMap(MybatisMapperMethod.java:216) ~[mybatis-plus-core-3.5.7.jar:3.5.7]
	at com.baomidou.mybatisplus.core.override.MybatisMapperMethod.execute(MybatisMapperMethod.java:79) ~[mybatis-plus-core-3.5.7.jar:3.5.7]
	at com.baomidou.mybatisplus.core.override.MybatisMapperProxy$PlainMethodInvoker.invoke(MybatisMapperProxy.java:152) ~[mybatis-plus-core-3.5.7.jar:3.5.7]
	at com.baomidou.mybatisplus.core.override.MybatisMapperProxy.invoke(MybatisMapperProxy.java:89) ~[mybatis-plus-core-3.5.7.jar:3.5.7]
	at jdk.proxy2/jdk.proxy2.$Proxy81.batchCheckIsFollow(Unknown Source) ~[na:na]
	at com.sky.skybackend.service.ServiceImpl.VideoServiceImpl.queryMoreVideo(VideoServiceImpl.java:68) ~[classes/:na]
	at java.base/jdk.internal.reflect.DirectMethodHandleAccessor.invoke(DirectMethodHandleAccessor.java:103) ~[na:na]
	at java.base/java.lang.reflect.Method.invoke(Method.java:580) ~[na:na]
	at org.springframework.aop.support.AopUtils.invokeJoinpointUsingReflection(AopUtils.java:360) ~[spring-aop-6.2.9.jar:6.2.9]
	at org.springframework.aop.framework.CglibAopProxy$DynamicAdvisedInterceptor.intercept(CglibAopProxy.java:724) ~[spring-aop-6.2.9.jar:6.2.9]
	at com.sky.skybackend.service.ServiceImpl.VideoServiceImpl$$SpringCGLIB$$0.queryMoreVideo(<generated>) ~[classes/:na]
	at com.sky.skybackend.controller.VideoController.getCard(VideoController.java:65) ~[classes/:na]
	at java.base/jdk.internal.reflect.DirectMethodHandleAccessor.invoke(DirectMethodHandleAccessor.java:103) ~[na:na]
	at java.base/java.lang.reflect.Method.invoke(Method.java:580) ~[na:na]
	at org.springframework.web.method.support.InvocableHandlerMethod.doInvoke(InvocableHandlerMethod.java:258) ~[spring-web-6.2.9.jar:6.2.9]
	at org.springframework.web.method.support.InvocableHandlerMethod.invokeForRequest(InvocableHandlerMethod.java:191) ~[spring-web-6.2.9.jar:6.2.9]
	at org.springframework.web.servlet.mvc.method.annotation.ServletInvocableHandlerMethod.invokeAndHandle(ServletInvocableHandlerMethod.java:118) ~[spring-webmvc-6.2.9.jar:6.2.9]
	at org.springframework.web.servlet.mvc.method.annotation.RequestMappingHandlerAdapter.invokeHandlerMethod(RequestMappingHandlerAdapter.java:991) ~[spring-webmvc-6.2.9.jar:6.2.9]
	at org.springframework.web.servlet.mvc.method.annotation.RequestMappingHandlerAdapter.handleInternal(RequestMappingHandlerAdapter.java:896) ~[spring-webmvc-6.2.9.jar:6.2.9]
	at org.springframework.web.servlet.mvc.method.AbstractHandlerMethodAdapter.handle(AbstractHandlerMethodAdapter.java:87) ~[spring-webmvc-6.2.9.jar:6.2.9]
	at org.springframework.web.servlet.DispatcherServlet.doDispatch(DispatcherServlet.java:1089) ~[spring-webmvc-6.2.9.jar:6.2.9]
	at org.springframework.web.servlet.DispatcherServlet.doService(DispatcherServlet.java:979) ~[spring-webmvc-6.2.9.jar:6.2.9]
	at org.springframework.web.servlet.FrameworkServlet.processRequest(FrameworkServlet.java:1014) ~[spring-webmvc-6.2.9.jar:6.2.9]
	at org.springframework.web.servlet.FrameworkServlet.doGet(FrameworkServlet.java:903) ~[spring-webmvc-6.2.9.jar:6.2.9]
	at jakarta.servlet.http.HttpServlet.service(HttpServlet.java:564) ~[tomcat-embed-core-10.1.43.jar:6.0]
	at org.springframework.web.servlet.FrameworkServlet.service(FrameworkServlet.java:885) ~[spring-webmvc-6.2.9.jar:6.2.9]
	at jakarta.servlet.http.HttpServlet.service(HttpServlet.java:658) ~[tomcat-embed-core-10.1.43.jar:6.0]
	at org.apache.catalina.core.ApplicationFilterChain.internalDoFilter(ApplicationFilterChain.java:195) ~[tomcat-embed-core-10.1.43.jar:10.1.43]
	at org.apache.catalina.core.ApplicationFilterChain.doFilter(ApplicationFilterChain.java:140) ~[tomcat-embed-core-10.1.43.jar:10.1.43]
	at org.apache.tomcat.websocket.server.WsFilter.doFilter(WsFilter.java:51) ~[tomcat-embed-websocket-10.1.43.jar:10.1.43]
	at org.apache.catalina.core.ApplicationFilterChain.internalDoFilter(ApplicationFilterChain.java:164) ~[tomcat-embed-core-10.1.43.jar:10.1.43]
	at org.apache.catalina.core.ApplicationFilterChain.doFilter(ApplicationFilterChain.java:140) ~[tomcat-embed-core-10.1.43.jar:10.1.43]
	at org.springframework.web.filter.RequestContextFilter.doFilterInternal(RequestContextFilter.java:100) ~[spring-web-6.2.9.jar:6.2.9]
	at org.springframework.web.filter.OncePerRequestFilter.doFilter(OncePerRequestFilter.java:116) ~[spring-web-6.2.9.jar:6.2.9]
	at org.apache.catalina.core.ApplicationFilterChain.internalDoFilter(ApplicationFilterChain.java:164) ~[tomcat-embed-core-10.1.43.jar:10.1.43]
	at org.apache.catalina.core.ApplicationFilterChain.doFilter(ApplicationFilterChain.java:140) ~[tomcat-embed-core-10.1.43.jar:10.1.43]
	at org.springframework.web.filter.FormContentFilter.doFilterInternal(FormContentFilter.java:93) ~[spring-web-6.2.9.jar:6.2.9]
	at org.springframework.web.filter.OncePerRequestFilter.doFilter(OncePerRequestFilter.java:116) ~[spring-web-6.2.9.jar:6.2.9]
	at org.apache.catalina.core.ApplicationFilterChain.internalDoFilter(ApplicationFilterChain.java:164) ~[tomcat-embed-core-10.1.43.jar:10.1.43]
	at org.apache.catalina.core.ApplicationFilterChain.doFilter(ApplicationFilterChain.java:140) ~[tomcat-embed-core-10.1.43.jar:10.1.43]
	at org.springframework.web.filter.CharacterEncodingFilter.doFilterInternal(CharacterEncodingFilter.java:201) ~[spring-web-6.2.9.jar:6.2.9]
	at org.springframework.web.filter.OncePerRequestFilter.doFilter(OncePerRequestFilter.java:116) ~[spring-web-6.2.9.jar:6.2.9]
	at org.apache.catalina.core.ApplicationFilterChain.internalDoFilter(ApplicationFilterChain.java:164) ~[tomcat-embed-core-10.1.43.jar:10.1.43]
	at org.apache.catalina.core.ApplicationFilterChain.doFilter(ApplicationFilterChain.java:140) ~[tomcat-embed-core-10.1.43.jar:10.1.43]
	at org.apache.catalina.core.StandardWrapperValve.invoke(StandardWrapperValve.java:167) ~[tomcat-embed-core-10.1.43.jar:10.1.43]
	at org.apache.catalina.core.StandardContextValve.invoke(StandardContextValve.java:90) ~[tomcat-embed-core-10.1.43.jar:10.1.43]
	at org.apache.catalina.authenticator.AuthenticatorBase.invoke(AuthenticatorBase.java:483) ~[tomcat-embed-core-10.1.43.jar:10.1.43]
	at org.apache.catalina.core.StandardHostValve.invoke(StandardHostValve.java:116) ~[tomcat-embed-core-10.1.43.jar:10.1.43]
	at org.apache.catalina.valves.ErrorReportValve.invoke(ErrorReportValve.java:93) ~[tomcat-embed-core-10.1.43.jar:10.1.43]
	at org.apache.catalina.core.StandardEngineValve.invoke(StandardEngineValve.java:74) ~[tomcat-embed-core-10.1.43.jar:10.1.43]
	at org.apache.catalina.connector.CoyoteAdapter.service(CoyoteAdapter.java:344) ~[tomcat-embed-core-10.1.43.jar:10.1.43]
	at org.apache.coyote.http11.Http11Processor.service(Http11Processor.java:398) ~[tomcat-embed-core-10.1.43.jar:10.1.43]
	at org.apache.coyote.AbstractProcessorLight.process(AbstractProcessorLight.java:63) ~[tomcat-embed-core-10.1.43.jar:10.1.43]
	at org.apache.coyote.AbstractProtocol$ConnectionHandler.process(AbstractProtocol.java:903) ~[tomcat-embed-core-10.1.43.jar:10.1.43]
	at org.apache.tomcat.util.net.NioEndpoint$SocketProcessor.doRun(NioEndpoint.java:1769) ~[tomcat-embed-core-10.1.43.jar:10.1.43]
	at org.apache.tomcat.util.net.SocketProcessorBase.run(SocketProcessorBase.java:52) ~[tomcat-embed-core-10.1.43.jar:10.1.43]
	at org.apache.tomcat.util.threads.ThreadPoolExecutor.runWorker(ThreadPoolExecutor.java:1189) ~[tomcat-embed-core-10.1.43.jar:10.1.43]
	at org.apache.tomcat.util.threads.ThreadPoolExecutor$Worker.run(ThreadPoolExecutor.java:658) ~[tomcat-embed-core-10.1.43.jar:10.1.43]
	at org.apache.tomcat.util.threads.TaskThread$WrappingRunnable.run(TaskThread.java:63) ~[tomcat-embed-core-10.1.43.jar:10.1.43]
	at java.base/java.lang.Thread.run(Thread.java:1583) ~[na:na]

2025-08-16T09:07:01.351+08:00  INFO 2168 --- [skyBackend] [SpringApplicationShutdownHook] o.s.b.w.e.tomcat.GracefulShutdown        : Commencing graceful shutdown. Waiting for active requests to complete
2025-08-16T09:07:01.360+08:00  INFO 2168 --- [skyBackend] [tomcat-shutdown] o.s.b.w.e.tomcat.GracefulShutdown        : Graceful shutdown complete
2025-08-16T09:07:01.372+08:00  INFO 2168 --- [skyBackend] [SpringApplicationShutdownHook] com.zaxxer.hikari.HikariDataSource       : HikariPool-1 - Shutdown initiated...
2025-08-16T09:07:01.377+08:00  INFO 2168 --- [skyBackend] [SpringApplicationShutdownHook] com.zaxxer.hikari.HikariDataSource       : HikariPool-1 - Shutdown completed.
2025-08-16T09:07:04.462+08:00  INFO 3524 --- [skyBackend] [main] c.sky.skybackend.SkyBackendApplication   : Starting SkyBackendApplication using Java 21.0.4 with PID 3524 (D:\software\GitProject\skyBackend\target\classes started by W71one in D:\software\GitProject\skyBackend)
2025-08-16T09:07:04.464+08:00  INFO 3524 --- [skyBackend] [main] c.sky.skybackend.SkyBackendApplication   : No active profile set, falling back to 1 default profile: "default"
2025-08-16T09:07:05.058+08:00  INFO 3524 --- [skyBackend] [main] .s.d.r.c.RepositoryConfigurationDelegate : Multiple Spring Data modules found, entering strict repository configuration mode
2025-08-16T09:07:05.060+08:00  INFO 3524 --- [skyBackend] [main] .s.d.r.c.RepositoryConfigurationDelegate : Bootstrapping Spring Data Redis repositories in DEFAULT mode.
2025-08-16T09:07:05.082+08:00  INFO 3524 --- [skyBackend] [main] .s.d.r.c.RepositoryConfigurationDelegate : Finished Spring Data repository scanning in 9 ms. Found 0 Redis repository interfaces.
2025-08-16T09:07:05.520+08:00  INFO 3524 --- [skyBackend] [main] o.s.b.w.embedded.tomcat.TomcatWebServer  : Tomcat initialized with port 8081 (http)
2025-08-16T09:07:05.532+08:00  INFO 3524 --- [skyBackend] [main] o.apache.catalina.core.StandardService   : Starting service [Tomcat]
2025-08-16T09:07:05.532+08:00  INFO 3524 --- [skyBackend] [main] o.apache.catalina.core.StandardEngine    : Starting Servlet engine: [Apache Tomcat/10.1.43]
2025-08-16T09:07:05.576+08:00  INFO 3524 --- [skyBackend] [main] o.a.c.c.C.[Tomcat].[localhost].[/]       : Initializing Spring embedded WebApplicationContext
2025-08-16T09:07:05.577+08:00  INFO 3524 --- [skyBackend] [main] w.s.c.ServletWebServerApplicationContext : Root WebApplicationContext: initialization completed in 1081 ms
2025-08-16T09:07:06.440+08:00  INFO 3524 --- [skyBackend] [main] com.sky.skybackend.config.RedisConfig    : RedisTemplate配置完成
2025-08-16T09:07:06.946+08:00  INFO 3524 --- [skyBackend] [main] o.s.b.w.embedded.tomcat.TomcatWebServer  : Tomcat started on port 8081 (http) with context path '/'
2025-08-16T09:07:06.953+08:00  INFO 3524 --- [skyBackend] [main] c.sky.skybackend.SkyBackendApplication   : Started SkyBackendApplication in 2.89 seconds (process running for 3.378)
2025-08-16T09:07:08.946+08:00  INFO 3524 --- [skyBackend] [http-nio-8081-exec-1] o.a.c.c.C.[Tomcat].[localhost].[/]       : Initializing Spring DispatcherServlet 'dispatcherServlet'
2025-08-16T09:07:08.946+08:00  INFO 3524 --- [skyBackend] [http-nio-8081-exec-1] o.s.web.servlet.DispatcherServlet        : Initializing Servlet 'dispatcherServlet'
2025-08-16T09:07:08.947+08:00  INFO 3524 --- [skyBackend] [http-nio-8081-exec-1] o.s.web.servlet.DispatcherServlet        : Completed initialization in 0 ms
2025-08-16T09:07:09.311+08:00  INFO 3524 --- [skyBackend] [http-nio-8081-exec-1] com.zaxxer.hikari.HikariDataSource       : HikariPool-1 - Starting...
2025-08-16T09:07:09.512+08:00  INFO 3524 --- [skyBackend] [http-nio-8081-exec-1] com.zaxxer.hikari.pool.HikariPool        : HikariPool-1 - Added connection com.mysql.cj.jdbc.ConnectionImpl@2862b2bd
2025-08-16T09:07:09.514+08:00  INFO 3524 --- [skyBackend] [http-nio-8081-exec-1] com.zaxxer.hikari.HikariDataSource       : HikariPool-1 - Start completed.
2025-08-16T09:07:09.594+08:00  INFO 3524 --- [skyBackend] [http-nio-8081-exec-1] c.s.s.s.ServiceImpl.VideoServiceImpl     : 视频列表[VideoVO(nickName=null, avatar=null, isCollect=null, isFollow=null, isLike=null)]
2025-08-16T09:07:09.595+08:00  INFO 3524 --- [skyBackend] [http-nio-8081-exec-1] c.s.s.s.ServiceImpl.VideoServiceImpl     : 视频发布者ID: [3]
2025-08-16T09:07:09.621+08:00  INFO 3524 --- [skyBackend] [http-nio-8081-exec-1] c.s.s.s.ServiceImpl.VideoServiceImpl     : 视频Id3
2025-08-16T09:07:09.621+08:00  INFO 3524 --- [skyBackend] [http-nio-8081-exec-1] c.s.s.s.ServiceImpl.VideoServiceImpl     : Map: null
2025-08-16T09:07:09.632+08:00 ERROR 3524 --- [skyBackend] [http-nio-8081-exec-1] o.a.c.c.C.[.[.[/].[dispatcherServlet]    : Servlet.service() for servlet [dispatcherServlet] in context with path [] threw exception [Request processing failed: java.lang.NullPointerException: Cannot invoke "java.util.Map.get(Object)" because "followedStatusMap" is null] with root cause

java.lang.NullPointerException: Cannot invoke "java.util.Map.get(Object)" because "followedStatusMap" is null
	at com.sky.skybackend.service.ServiceImpl.VideoServiceImpl.queryMoreVideo(VideoServiceImpl.java:72) ~[classes/:na]
	at java.base/jdk.internal.reflect.DirectMethodHandleAccessor.invoke(DirectMethodHandleAccessor.java:103) ~[na:na]
	at java.base/java.lang.reflect.Method.invoke(Method.java:580) ~[na:na]
	at org.springframework.aop.support.AopUtils.invokeJoinpointUsingReflection(AopUtils.java:360) ~[spring-aop-6.2.9.jar:6.2.9]
	at org.springframework.aop.framework.CglibAopProxy$DynamicAdvisedInterceptor.intercept(CglibAopProxy.java:724) ~[spring-aop-6.2.9.jar:6.2.9]
	at com.sky.skybackend.service.ServiceImpl.VideoServiceImpl$$SpringCGLIB$$0.queryMoreVideo(<generated>) ~[classes/:na]
	at com.sky.skybackend.controller.VideoController.getCard(VideoController.java:65) ~[classes/:na]
	at java.base/jdk.internal.reflect.DirectMethodHandleAccessor.invoke(DirectMethodHandleAccessor.java:103) ~[na:na]
	at java.base/java.lang.reflect.Method.invoke(Method.java:580) ~[na:na]
	at org.springframework.web.method.support.InvocableHandlerMethod.doInvoke(InvocableHandlerMethod.java:258) ~[spring-web-6.2.9.jar:6.2.9]
	at org.springframework.web.method.support.InvocableHandlerMethod.invokeForRequest(InvocableHandlerMethod.java:191) ~[spring-web-6.2.9.jar:6.2.9]
	at org.springframework.web.servlet.mvc.method.annotation.ServletInvocableHandlerMethod.invokeAndHandle(ServletInvocableHandlerMethod.java:118) ~[spring-webmvc-6.2.9.jar:6.2.9]
	at org.springframework.web.servlet.mvc.method.annotation.RequestMappingHandlerAdapter.invokeHandlerMethod(RequestMappingHandlerAdapter.java:991) ~[spring-webmvc-6.2.9.jar:6.2.9]
	at org.springframework.web.servlet.mvc.method.annotation.RequestMappingHandlerAdapter.handleInternal(RequestMappingHandlerAdapter.java:896) ~[spring-webmvc-6.2.9.jar:6.2.9]
	at org.springframework.web.servlet.mvc.method.AbstractHandlerMethodAdapter.handle(AbstractHandlerMethodAdapter.java:87) ~[spring-webmvc-6.2.9.jar:6.2.9]
	at org.springframework.web.servlet.DispatcherServlet.doDispatch(DispatcherServlet.java:1089) ~[spring-webmvc-6.2.9.jar:6.2.9]
	at org.springframework.web.servlet.DispatcherServlet.doService(DispatcherServlet.java:979) ~[spring-webmvc-6.2.9.jar:6.2.9]
	at org.springframework.web.servlet.FrameworkServlet.processRequest(FrameworkServlet.java:1014) ~[spring-webmvc-6.2.9.jar:6.2.9]
	at org.springframework.web.servlet.FrameworkServlet.doGet(FrameworkServlet.java:903) ~[spring-webmvc-6.2.9.jar:6.2.9]
	at jakarta.servlet.http.HttpServlet.service(HttpServlet.java:564) ~[tomcat-embed-core-10.1.43.jar:6.0]
	at org.springframework.web.servlet.FrameworkServlet.service(FrameworkServlet.java:885) ~[spring-webmvc-6.2.9.jar:6.2.9]
	at jakarta.servlet.http.HttpServlet.service(HttpServlet.java:658) ~[tomcat-embed-core-10.1.43.jar:6.0]
	at org.apache.catalina.core.ApplicationFilterChain.internalDoFilter(ApplicationFilterChain.java:195) ~[tomcat-embed-core-10.1.43.jar:10.1.43]
	at org.apache.catalina.core.ApplicationFilterChain.doFilter(ApplicationFilterChain.java:140) ~[tomcat-embed-core-10.1.43.jar:10.1.43]
	at org.apache.tomcat.websocket.server.WsFilter.doFilter(WsFilter.java:51) ~[tomcat-embed-websocket-10.1.43.jar:10.1.43]
	at org.apache.catalina.core.ApplicationFilterChain.internalDoFilter(ApplicationFilterChain.java:164) ~[tomcat-embed-core-10.1.43.jar:10.1.43]
	at org.apache.catalina.core.ApplicationFilterChain.doFilter(ApplicationFilterChain.java:140) ~[tomcat-embed-core-10.1.43.jar:10.1.43]
	at org.springframework.web.filter.RequestContextFilter.doFilterInternal(RequestContextFilter.java:100) ~[spring-web-6.2.9.jar:6.2.9]
	at org.springframework.web.filter.OncePerRequestFilter.doFilter(OncePerRequestFilter.java:116) ~[spring-web-6.2.9.jar:6.2.9]
	at org.apache.catalina.core.ApplicationFilterChain.internalDoFilter(ApplicationFilterChain.java:164) ~[tomcat-embed-core-10.1.43.jar:10.1.43]
	at org.apache.catalina.core.ApplicationFilterChain.doFilter(ApplicationFilterChain.java:140) ~[tomcat-embed-core-10.1.43.jar:10.1.43]
	at org.springframework.web.filter.FormContentFilter.doFilterInternal(FormContentFilter.java:93) ~[spring-web-6.2.9.jar:6.2.9]
	at org.springframework.web.filter.OncePerRequestFilter.doFilter(OncePerRequestFilter.java:116) ~[spring-web-6.2.9.jar:6.2.9]
	at org.apache.catalina.core.ApplicationFilterChain.internalDoFilter(ApplicationFilterChain.java:164) ~[tomcat-embed-core-10.1.43.jar:10.1.43]
	at org.apache.catalina.core.ApplicationFilterChain.doFilter(ApplicationFilterChain.java:140) ~[tomcat-embed-core-10.1.43.jar:10.1.43]
	at org.springframework.web.filter.CharacterEncodingFilter.doFilterInternal(CharacterEncodingFilter.java:201) ~[spring-web-6.2.9.jar:6.2.9]
	at org.springframework.web.filter.OncePerRequestFilter.doFilter(OncePerRequestFilter.java:116) ~[spring-web-6.2.9.jar:6.2.9]
	at org.apache.catalina.core.ApplicationFilterChain.internalDoFilter(ApplicationFilterChain.java:164) ~[tomcat-embed-core-10.1.43.jar:10.1.43]
	at org.apache.catalina.core.ApplicationFilterChain.doFilter(ApplicationFilterChain.java:140) ~[tomcat-embed-core-10.1.43.jar:10.1.43]
	at org.apache.catalina.core.StandardWrapperValve.invoke(StandardWrapperValve.java:167) ~[tomcat-embed-core-10.1.43.jar:10.1.43]
	at org.apache.catalina.core.StandardContextValve.invoke(StandardContextValve.java:90) ~[tomcat-embed-core-10.1.43.jar:10.1.43]
	at org.apache.catalina.authenticator.AuthenticatorBase.invoke(AuthenticatorBase.java:483) ~[tomcat-embed-core-10.1.43.jar:10.1.43]
	at org.apache.catalina.core.StandardHostValve.invoke(StandardHostValve.java:116) ~[tomcat-embed-core-10.1.43.jar:10.1.43]
	at org.apache.catalina.valves.ErrorReportValve.invoke(ErrorReportValve.java:93) ~[tomcat-embed-core-10.1.43.jar:10.1.43]
	at org.apache.catalina.core.StandardEngineValve.invoke(StandardEngineValve.java:74) ~[tomcat-embed-core-10.1.43.jar:10.1.43]
	at org.apache.catalina.connector.CoyoteAdapter.service(CoyoteAdapter.java:344) ~[tomcat-embed-core-10.1.43.jar:10.1.43]
	at org.apache.coyote.http11.Http11Processor.service(Http11Processor.java:398) ~[tomcat-embed-core-10.1.43.jar:10.1.43]
	at org.apache.coyote.AbstractProcessorLight.process(AbstractProcessorLight.java:63) ~[tomcat-embed-core-10.1.43.jar:10.1.43]
	at org.apache.coyote.AbstractProtocol$ConnectionHandler.process(AbstractProtocol.java:903) ~[tomcat-embed-core-10.1.43.jar:10.1.43]
	at org.apache.tomcat.util.net.NioEndpoint$SocketProcessor.doRun(NioEndpoint.java:1769) ~[tomcat-embed-core-10.1.43.jar:10.1.43]
	at org.apache.tomcat.util.net.SocketProcessorBase.run(SocketProcessorBase.java:52) ~[tomcat-embed-core-10.1.43.jar:10.1.43]
	at org.apache.tomcat.util.threads.ThreadPoolExecutor.runWorker(ThreadPoolExecutor.java:1189) ~[tomcat-embed-core-10.1.43.jar:10.1.43]
	at org.apache.tomcat.util.threads.ThreadPoolExecutor$Worker.run(ThreadPoolExecutor.java:658) ~[tomcat-embed-core-10.1.43.jar:10.1.43]
	at org.apache.tomcat.util.threads.TaskThread$WrappingRunnable.run(TaskThread.java:63) ~[tomcat-embed-core-10.1.43.jar:10.1.43]
	at java.base/java.lang.Thread.run(Thread.java:1583) ~[na:na]

2025-08-16T09:14:06.018+08:00  INFO 3524 --- [skyBackend] [SpringApplicationShutdownHook] o.s.b.w.e.tomcat.GracefulShutdown        : Commencing graceful shutdown. Waiting for active requests to complete
2025-08-16T09:14:06.028+08:00  INFO 3524 --- [skyBackend] [tomcat-shutdown] o.s.b.w.e.tomcat.GracefulShutdown        : Graceful shutdown complete
2025-08-16T09:14:06.040+08:00  INFO 3524 --- [skyBackend] [SpringApplicationShutdownHook] com.zaxxer.hikari.HikariDataSource       : HikariPool-1 - Shutdown initiated...
2025-08-16T09:14:06.044+08:00  INFO 3524 --- [skyBackend] [SpringApplicationShutdownHook] com.zaxxer.hikari.HikariDataSource       : HikariPool-1 - Shutdown completed.
2025-08-16T09:14:10.197+08:00  INFO 17072 --- [skyBackend] [main] c.sky.skybackend.SkyBackendApplication   : Starting SkyBackendApplication using Java 21.0.4 with PID 17072 (D:\software\GitProject\skyBackend\target\classes started by W71one in D:\software\GitProject\skyBackend)
2025-08-16T09:14:10.199+08:00  INFO 17072 --- [skyBackend] [main] c.sky.skybackend.SkyBackendApplication   : No active profile set, falling back to 1 default profile: "default"
2025-08-16T09:14:10.789+08:00  INFO 17072 --- [skyBackend] [main] .s.d.r.c.RepositoryConfigurationDelegate : Multiple Spring Data modules found, entering strict repository configuration mode
2025-08-16T09:14:10.791+08:00  INFO 17072 --- [skyBackend] [main] .s.d.r.c.RepositoryConfigurationDelegate : Bootstrapping Spring Data Redis repositories in DEFAULT mode.
2025-08-16T09:14:10.813+08:00  INFO 17072 --- [skyBackend] [main] .s.d.r.c.RepositoryConfigurationDelegate : Finished Spring Data repository scanning in 9 ms. Found 0 Redis repository interfaces.
2025-08-16T09:14:11.226+08:00  INFO 17072 --- [skyBackend] [main] o.s.b.w.embedded.tomcat.TomcatWebServer  : Tomcat initialized with port 8081 (http)
2025-08-16T09:14:11.238+08:00  INFO 17072 --- [skyBackend] [main] o.apache.catalina.core.StandardService   : Starting service [Tomcat]
2025-08-16T09:14:11.238+08:00  INFO 17072 --- [skyBackend] [main] o.apache.catalina.core.StandardEngine    : Starting Servlet engine: [Apache Tomcat/10.1.43]
2025-08-16T09:14:11.281+08:00  INFO 17072 --- [skyBackend] [main] o.a.c.c.C.[Tomcat].[localhost].[/]       : Initializing Spring embedded WebApplicationContext
2025-08-16T09:14:11.281+08:00  INFO 17072 --- [skyBackend] [main] w.s.c.ServletWebServerApplicationContext : Root WebApplicationContext: initialization completed in 1053 ms
2025-08-16T09:14:12.115+08:00  INFO 17072 --- [skyBackend] [main] com.sky.skybackend.config.RedisConfig    : RedisTemplate配置完成
2025-08-16T09:14:12.648+08:00  INFO 17072 --- [skyBackend] [main] o.s.b.w.embedded.tomcat.TomcatWebServer  : Tomcat started on port 8081 (http) with context path '/'
2025-08-16T09:14:12.655+08:00  INFO 17072 --- [skyBackend] [main] c.sky.skybackend.SkyBackendApplication   : Started SkyBackendApplication in 2.887 seconds (process running for 3.38)
2025-08-16T09:14:28.561+08:00  INFO 17072 --- [skyBackend] [http-nio-8081-exec-1] o.a.c.c.C.[Tomcat].[localhost].[/]       : Initializing Spring DispatcherServlet 'dispatcherServlet'
2025-08-16T09:14:28.561+08:00  INFO 17072 --- [skyBackend] [http-nio-8081-exec-1] o.s.web.servlet.DispatcherServlet        : Initializing Servlet 'dispatcherServlet'
2025-08-16T09:14:28.562+08:00  INFO 17072 --- [skyBackend] [http-nio-8081-exec-1] o.s.web.servlet.DispatcherServlet        : Completed initialization in 1 ms
2025-08-16T09:14:28.911+08:00  INFO 17072 --- [skyBackend] [http-nio-8081-exec-1] com.zaxxer.hikari.HikariDataSource       : HikariPool-1 - Starting...
2025-08-16T09:14:29.111+08:00  INFO 17072 --- [skyBackend] [http-nio-8081-exec-1] com.zaxxer.hikari.pool.HikariPool        : HikariPool-1 - Added connection com.mysql.cj.jdbc.ConnectionImpl@ab3d369
2025-08-16T09:14:29.112+08:00  INFO 17072 --- [skyBackend] [http-nio-8081-exec-1] com.zaxxer.hikari.HikariDataSource       : HikariPool-1 - Start completed.
2025-08-16T09:14:29.190+08:00  INFO 17072 --- [skyBackend] [http-nio-8081-exec-1] c.s.s.s.ServiceImpl.VideoServiceImpl     : 视频列表[VideoVO(nickName=null, avatar=null, isCollect=null, isFollow=null, isLike=null), VideoVO(nickName=null, avatar=null, isCollect=null, isFollow=null, isLike=null), VideoVO(nickName=null, avatar=null, isCollect=null, isFollow=null, isLike=null), VideoVO(nickName=null, avatar=null, isCollect=null, isFollow=null, isLike=null)]
2025-08-16T09:14:29.191+08:00  INFO 17072 --- [skyBackend] [http-nio-8081-exec-1] c.s.s.s.ServiceImpl.VideoServiceImpl     : 视频发布者ID: [1, 2, 3]
2025-08-16T09:14:29.212+08:00  INFO 17072 --- [skyBackend] [http-nio-8081-exec-1] c.s.s.s.ServiceImpl.VideoServiceImpl     : 视频Id2
2025-08-16T09:14:29.212+08:00  INFO 17072 --- [skyBackend] [http-nio-8081-exec-1] c.s.s.s.ServiceImpl.VideoServiceImpl     : Map: {1=Status(userId=1, status=true)}
2025-08-16T09:14:29.213+08:00  INFO 17072 --- [skyBackend] [http-nio-8081-exec-1] c.s.s.s.ServiceImpl.VideoServiceImpl     : 用户ID: 2, 关注状态: null
2025-08-16T09:14:29.220+08:00 ERROR 17072 --- [skyBackend] [http-nio-8081-exec-1] o.a.c.c.C.[.[.[/].[dispatcherServlet]    : Servlet.service() for servlet [dispatcherServlet] in context with path [] threw exception [Request processing failed: java.lang.NullPointerException: Cannot invoke "com.sky.skybackend.domain.pojo.Status.getStatus()" because the return value of "java.util.Map.get(Object)" is null] with root cause

java.lang.NullPointerException: Cannot invoke "com.sky.skybackend.domain.pojo.Status.getStatus()" because the return value of "java.util.Map.get(Object)" is null
	at com.sky.skybackend.service.ServiceImpl.VideoServiceImpl.queryMoreVideo(VideoServiceImpl.java:75) ~[classes/:na]
	at java.base/jdk.internal.reflect.DirectMethodHandleAccessor.invoke(DirectMethodHandleAccessor.java:103) ~[na:na]
	at java.base/java.lang.reflect.Method.invoke(Method.java:580) ~[na:na]
	at org.springframework.aop.support.AopUtils.invokeJoinpointUsingReflection(AopUtils.java:360) ~[spring-aop-6.2.9.jar:6.2.9]
	at org.springframework.aop.framework.CglibAopProxy$DynamicAdvisedInterceptor.intercept(CglibAopProxy.java:724) ~[spring-aop-6.2.9.jar:6.2.9]
	at com.sky.skybackend.service.ServiceImpl.VideoServiceImpl$$SpringCGLIB$$0.queryMoreVideo(<generated>) ~[classes/:na]
	at com.sky.skybackend.controller.VideoController.getCard(VideoController.java:65) ~[classes/:na]
	at java.base/jdk.internal.reflect.DirectMethodHandleAccessor.invoke(DirectMethodHandleAccessor.java:103) ~[na:na]
	at java.base/java.lang.reflect.Method.invoke(Method.java:580) ~[na:na]
	at org.springframework.web.method.support.InvocableHandlerMethod.doInvoke(InvocableHandlerMethod.java:258) ~[spring-web-6.2.9.jar:6.2.9]
	at org.springframework.web.method.support.InvocableHandlerMethod.invokeForRequest(InvocableHandlerMethod.java:191) ~[spring-web-6.2.9.jar:6.2.9]
	at org.springframework.web.servlet.mvc.method.annotation.ServletInvocableHandlerMethod.invokeAndHandle(ServletInvocableHandlerMethod.java:118) ~[spring-webmvc-6.2.9.jar:6.2.9]
	at org.springframework.web.servlet.mvc.method.annotation.RequestMappingHandlerAdapter.invokeHandlerMethod(RequestMappingHandlerAdapter.java:991) ~[spring-webmvc-6.2.9.jar:6.2.9]
	at org.springframework.web.servlet.mvc.method.annotation.RequestMappingHandlerAdapter.handleInternal(RequestMappingHandlerAdapter.java:896) ~[spring-webmvc-6.2.9.jar:6.2.9]
	at org.springframework.web.servlet.mvc.method.AbstractHandlerMethodAdapter.handle(AbstractHandlerMethodAdapter.java:87) ~[spring-webmvc-6.2.9.jar:6.2.9]
	at org.springframework.web.servlet.DispatcherServlet.doDispatch(DispatcherServlet.java:1089) ~[spring-webmvc-6.2.9.jar:6.2.9]
	at org.springframework.web.servlet.DispatcherServlet.doService(DispatcherServlet.java:979) ~[spring-webmvc-6.2.9.jar:6.2.9]
	at org.springframework.web.servlet.FrameworkServlet.processRequest(FrameworkServlet.java:1014) ~[spring-webmvc-6.2.9.jar:6.2.9]
	at org.springframework.web.servlet.FrameworkServlet.doGet(FrameworkServlet.java:903) ~[spring-webmvc-6.2.9.jar:6.2.9]
	at jakarta.servlet.http.HttpServlet.service(HttpServlet.java:564) ~[tomcat-embed-core-10.1.43.jar:6.0]
	at org.springframework.web.servlet.FrameworkServlet.service(FrameworkServlet.java:885) ~[spring-webmvc-6.2.9.jar:6.2.9]
	at jakarta.servlet.http.HttpServlet.service(HttpServlet.java:658) ~[tomcat-embed-core-10.1.43.jar:6.0]
	at org.apache.catalina.core.ApplicationFilterChain.internalDoFilter(ApplicationFilterChain.java:195) ~[tomcat-embed-core-10.1.43.jar:10.1.43]
	at org.apache.catalina.core.ApplicationFilterChain.doFilter(ApplicationFilterChain.java:140) ~[tomcat-embed-core-10.1.43.jar:10.1.43]
	at org.apache.tomcat.websocket.server.WsFilter.doFilter(WsFilter.java:51) ~[tomcat-embed-websocket-10.1.43.jar:10.1.43]
	at org.apache.catalina.core.ApplicationFilterChain.internalDoFilter(ApplicationFilterChain.java:164) ~[tomcat-embed-core-10.1.43.jar:10.1.43]
	at org.apache.catalina.core.ApplicationFilterChain.doFilter(ApplicationFilterChain.java:140) ~[tomcat-embed-core-10.1.43.jar:10.1.43]
	at org.springframework.web.filter.RequestContextFilter.doFilterInternal(RequestContextFilter.java:100) ~[spring-web-6.2.9.jar:6.2.9]
	at org.springframework.web.filter.OncePerRequestFilter.doFilter(OncePerRequestFilter.java:116) ~[spring-web-6.2.9.jar:6.2.9]
	at org.apache.catalina.core.ApplicationFilterChain.internalDoFilter(ApplicationFilterChain.java:164) ~[tomcat-embed-core-10.1.43.jar:10.1.43]
	at org.apache.catalina.core.ApplicationFilterChain.doFilter(ApplicationFilterChain.java:140) ~[tomcat-embed-core-10.1.43.jar:10.1.43]
	at org.springframework.web.filter.FormContentFilter.doFilterInternal(FormContentFilter.java:93) ~[spring-web-6.2.9.jar:6.2.9]
	at org.springframework.web.filter.OncePerRequestFilter.doFilter(OncePerRequestFilter.java:116) ~[spring-web-6.2.9.jar:6.2.9]
	at org.apache.catalina.core.ApplicationFilterChain.internalDoFilter(ApplicationFilterChain.java:164) ~[tomcat-embed-core-10.1.43.jar:10.1.43]
	at org.apache.catalina.core.ApplicationFilterChain.doFilter(ApplicationFilterChain.java:140) ~[tomcat-embed-core-10.1.43.jar:10.1.43]
	at org.springframework.web.filter.CharacterEncodingFilter.doFilterInternal(CharacterEncodingFilter.java:201) ~[spring-web-6.2.9.jar:6.2.9]
	at org.springframework.web.filter.OncePerRequestFilter.doFilter(OncePerRequestFilter.java:116) ~[spring-web-6.2.9.jar:6.2.9]
	at org.apache.catalina.core.ApplicationFilterChain.internalDoFilter(ApplicationFilterChain.java:164) ~[tomcat-embed-core-10.1.43.jar:10.1.43]
	at org.apache.catalina.core.ApplicationFilterChain.doFilter(ApplicationFilterChain.java:140) ~[tomcat-embed-core-10.1.43.jar:10.1.43]
	at org.apache.catalina.core.StandardWrapperValve.invoke(StandardWrapperValve.java:167) ~[tomcat-embed-core-10.1.43.jar:10.1.43]
	at org.apache.catalina.core.StandardContextValve.invoke(StandardContextValve.java:90) ~[tomcat-embed-core-10.1.43.jar:10.1.43]
	at org.apache.catalina.authenticator.AuthenticatorBase.invoke(AuthenticatorBase.java:483) ~[tomcat-embed-core-10.1.43.jar:10.1.43]
	at org.apache.catalina.core.StandardHostValve.invoke(StandardHostValve.java:116) ~[tomcat-embed-core-10.1.43.jar:10.1.43]
	at org.apache.catalina.valves.ErrorReportValve.invoke(ErrorReportValve.java:93) ~[tomcat-embed-core-10.1.43.jar:10.1.43]
	at org.apache.catalina.core.StandardEngineValve.invoke(StandardEngineValve.java:74) ~[tomcat-embed-core-10.1.43.jar:10.1.43]
	at org.apache.catalina.connector.CoyoteAdapter.service(CoyoteAdapter.java:344) ~[tomcat-embed-core-10.1.43.jar:10.1.43]
	at org.apache.coyote.http11.Http11Processor.service(Http11Processor.java:398) ~[tomcat-embed-core-10.1.43.jar:10.1.43]
	at org.apache.coyote.AbstractProcessorLight.process(AbstractProcessorLight.java:63) ~[tomcat-embed-core-10.1.43.jar:10.1.43]
	at org.apache.coyote.AbstractProtocol$ConnectionHandler.process(AbstractProtocol.java:903) ~[tomcat-embed-core-10.1.43.jar:10.1.43]
	at org.apache.tomcat.util.net.NioEndpoint$SocketProcessor.doRun(NioEndpoint.java:1769) ~[tomcat-embed-core-10.1.43.jar:10.1.43]
	at org.apache.tomcat.util.net.SocketProcessorBase.run(SocketProcessorBase.java:52) ~[tomcat-embed-core-10.1.43.jar:10.1.43]
	at org.apache.tomcat.util.threads.ThreadPoolExecutor.runWorker(ThreadPoolExecutor.java:1189) ~[tomcat-embed-core-10.1.43.jar:10.1.43]
	at org.apache.tomcat.util.threads.ThreadPoolExecutor$Worker.run(ThreadPoolExecutor.java:658) ~[tomcat-embed-core-10.1.43.jar:10.1.43]
	at org.apache.tomcat.util.threads.TaskThread$WrappingRunnable.run(TaskThread.java:63) ~[tomcat-embed-core-10.1.43.jar:10.1.43]
	at java.base/java.lang.Thread.run(Thread.java:1583) ~[na:na]

2025-08-16T09:16:55.232+08:00  INFO 17072 --- [skyBackend] [SpringApplicationShutdownHook] o.s.b.w.e.tomcat.GracefulShutdown        : Commencing graceful shutdown. Waiting for active requests to complete
2025-08-16T09:16:55.241+08:00  INFO 17072 --- [skyBackend] [tomcat-shutdown] o.s.b.w.e.tomcat.GracefulShutdown        : Graceful shutdown complete
2025-08-16T09:16:55.254+08:00  INFO 17072 --- [skyBackend] [SpringApplicationShutdownHook] com.zaxxer.hikari.HikariDataSource       : HikariPool-1 - Shutdown initiated...
2025-08-16T09:16:55.258+08:00  INFO 17072 --- [skyBackend] [SpringApplicationShutdownHook] com.zaxxer.hikari.HikariDataSource       : HikariPool-1 - Shutdown completed.
2025-08-16T09:16:58.613+08:00  INFO 15848 --- [skyBackend] [main] c.sky.skybackend.SkyBackendApplication   : Starting SkyBackendApplication using Java 21.0.4 with PID 15848 (D:\software\GitProject\skyBackend\target\classes started by W71one in D:\software\GitProject\skyBackend)
2025-08-16T09:16:58.614+08:00  INFO 15848 --- [skyBackend] [main] c.sky.skybackend.SkyBackendApplication   : No active profile set, falling back to 1 default profile: "default"
2025-08-16T09:16:59.241+08:00  INFO 15848 --- [skyBackend] [main] .s.d.r.c.RepositoryConfigurationDelegate : Multiple Spring Data modules found, entering strict repository configuration mode
2025-08-16T09:16:59.244+08:00  INFO 15848 --- [skyBackend] [main] .s.d.r.c.RepositoryConfigurationDelegate : Bootstrapping Spring Data Redis repositories in DEFAULT mode.
2025-08-16T09:16:59.269+08:00  INFO 15848 --- [skyBackend] [main] .s.d.r.c.RepositoryConfigurationDelegate : Finished Spring Data repository scanning in 10 ms. Found 0 Redis repository interfaces.
2025-08-16T09:16:59.688+08:00  INFO 15848 --- [skyBackend] [main] o.s.b.w.embedded.tomcat.TomcatWebServer  : Tomcat initialized with port 8081 (http)
2025-08-16T09:16:59.699+08:00  INFO 15848 --- [skyBackend] [main] o.apache.catalina.core.StandardService   : Starting service [Tomcat]
2025-08-16T09:16:59.700+08:00  INFO 15848 --- [skyBackend] [main] o.apache.catalina.core.StandardEngine    : Starting Servlet engine: [Apache Tomcat/10.1.43]
2025-08-16T09:16:59.742+08:00  INFO 15848 --- [skyBackend] [main] o.a.c.c.C.[Tomcat].[localhost].[/]       : Initializing Spring embedded WebApplicationContext
2025-08-16T09:16:59.742+08:00  INFO 15848 --- [skyBackend] [main] w.s.c.ServletWebServerApplicationContext : Root WebApplicationContext: initialization completed in 1099 ms
2025-08-16T09:17:00.600+08:00  INFO 15848 --- [skyBackend] [main] com.sky.skybackend.config.RedisConfig    : RedisTemplate配置完成
2025-08-16T09:17:01.123+08:00  INFO 15848 --- [skyBackend] [main] o.s.b.w.embedded.tomcat.TomcatWebServer  : Tomcat started on port 8081 (http) with context path '/'
2025-08-16T09:17:01.130+08:00  INFO 15848 --- [skyBackend] [main] c.sky.skybackend.SkyBackendApplication   : Started SkyBackendApplication in 2.894 seconds (process running for 3.388)
2025-08-16T09:17:02.918+08:00  INFO 15848 --- [skyBackend] [http-nio-8081-exec-1] o.a.c.c.C.[Tomcat].[localhost].[/]       : Initializing Spring DispatcherServlet 'dispatcherServlet'
2025-08-16T09:17:02.918+08:00  INFO 15848 --- [skyBackend] [http-nio-8081-exec-1] o.s.web.servlet.DispatcherServlet        : Initializing Servlet 'dispatcherServlet'
2025-08-16T09:17:02.919+08:00  INFO 15848 --- [skyBackend] [http-nio-8081-exec-1] o.s.web.servlet.DispatcherServlet        : Completed initialization in 0 ms
2025-08-16T09:17:03.271+08:00  INFO 15848 --- [skyBackend] [http-nio-8081-exec-1] com.zaxxer.hikari.HikariDataSource       : HikariPool-1 - Starting...
2025-08-16T09:17:03.475+08:00  INFO 15848 --- [skyBackend] [http-nio-8081-exec-1] com.zaxxer.hikari.pool.HikariPool        : HikariPool-1 - Added connection com.mysql.cj.jdbc.ConnectionImpl@66a7928c
2025-08-16T09:17:03.477+08:00  INFO 15848 --- [skyBackend] [http-nio-8081-exec-1] com.zaxxer.hikari.HikariDataSource       : HikariPool-1 - Start completed.
2025-08-16T09:17:03.559+08:00  INFO 15848 --- [skyBackend] [http-nio-8081-exec-1] c.s.s.s.ServiceImpl.VideoServiceImpl     : 视频列表[VideoVO(nickName=null, avatar=null, isCollect=null, isFollow=null, isLike=null), VideoVO(nickName=null, avatar=null, isCollect=null, isFollow=null, isLike=null), VideoVO(nickName=null, avatar=null, isCollect=null, isFollow=null, isLike=null), VideoVO(nickName=null, avatar=null, isCollect=null, isFollow=null, isLike=null)]
2025-08-16T09:17:03.560+08:00  INFO 15848 --- [skyBackend] [http-nio-8081-exec-1] c.s.s.s.ServiceImpl.VideoServiceImpl     : 视频发布者ID: [1, 2, 3]
2025-08-16T09:17:03.589+08:00  INFO 15848 --- [skyBackend] [http-nio-8081-exec-1] c.s.s.s.ServiceImpl.VideoServiceImpl     : 视频Id2
2025-08-16T09:17:03.589+08:00  INFO 15848 --- [skyBackend] [http-nio-8081-exec-1] c.s.s.s.ServiceImpl.VideoServiceImpl     : Map: {1=Status(userId=1, status=true)}
2025-08-16T09:17:03.590+08:00  INFO 15848 --- [skyBackend] [http-nio-8081-exec-1] c.s.s.s.ServiceImpl.VideoServiceImpl     : 用户ID: 2, 关注状态: null
2025-08-16T09:17:03.594+08:00 ERROR 15848 --- [skyBackend] [http-nio-8081-exec-1] o.a.c.c.C.[.[.[/].[dispatcherServlet]    : Servlet.service() for servlet [dispatcherServlet] in context with path [] threw exception [Request processing failed: java.lang.NullPointerException: Cannot invoke "com.sky.skybackend.domain.pojo.Status.getStatus()" because the return value of "java.util.Map.get(Object)" is null] with root cause

java.lang.NullPointerException: Cannot invoke "com.sky.skybackend.domain.pojo.Status.getStatus()" because the return value of "java.util.Map.get(Object)" is null
	at com.sky.skybackend.service.ServiceImpl.VideoServiceImpl.queryMoreVideo(VideoServiceImpl.java:75) ~[classes/:na]
	at java.base/jdk.internal.reflect.DirectMethodHandleAccessor.invoke(DirectMethodHandleAccessor.java:103) ~[na:na]
	at java.base/java.lang.reflect.Method.invoke(Method.java:580) ~[na:na]
	at org.springframework.aop.support.AopUtils.invokeJoinpointUsingReflection(AopUtils.java:360) ~[spring-aop-6.2.9.jar:6.2.9]
	at org.springframework.aop.framework.CglibAopProxy$DynamicAdvisedInterceptor.intercept(CglibAopProxy.java:724) ~[spring-aop-6.2.9.jar:6.2.9]
	at com.sky.skybackend.service.ServiceImpl.VideoServiceImpl$$SpringCGLIB$$0.queryMoreVideo(<generated>) ~[classes/:na]
	at com.sky.skybackend.controller.VideoController.getCard(VideoController.java:65) ~[classes/:na]
	at java.base/jdk.internal.reflect.DirectMethodHandleAccessor.invoke(DirectMethodHandleAccessor.java:103) ~[na:na]
	at java.base/java.lang.reflect.Method.invoke(Method.java:580) ~[na:na]
	at org.springframework.web.method.support.InvocableHandlerMethod.doInvoke(InvocableHandlerMethod.java:258) ~[spring-web-6.2.9.jar:6.2.9]
	at org.springframework.web.method.support.InvocableHandlerMethod.invokeForRequest(InvocableHandlerMethod.java:191) ~[spring-web-6.2.9.jar:6.2.9]
	at org.springframework.web.servlet.mvc.method.annotation.ServletInvocableHandlerMethod.invokeAndHandle(ServletInvocableHandlerMethod.java:118) ~[spring-webmvc-6.2.9.jar:6.2.9]
	at org.springframework.web.servlet.mvc.method.annotation.RequestMappingHandlerAdapter.invokeHandlerMethod(RequestMappingHandlerAdapter.java:991) ~[spring-webmvc-6.2.9.jar:6.2.9]
	at org.springframework.web.servlet.mvc.method.annotation.RequestMappingHandlerAdapter.handleInternal(RequestMappingHandlerAdapter.java:896) ~[spring-webmvc-6.2.9.jar:6.2.9]
	at org.springframework.web.servlet.mvc.method.AbstractHandlerMethodAdapter.handle(AbstractHandlerMethodAdapter.java:87) ~[spring-webmvc-6.2.9.jar:6.2.9]
	at org.springframework.web.servlet.DispatcherServlet.doDispatch(DispatcherServlet.java:1089) ~[spring-webmvc-6.2.9.jar:6.2.9]
	at org.springframework.web.servlet.DispatcherServlet.doService(DispatcherServlet.java:979) ~[spring-webmvc-6.2.9.jar:6.2.9]
	at org.springframework.web.servlet.FrameworkServlet.processRequest(FrameworkServlet.java:1014) ~[spring-webmvc-6.2.9.jar:6.2.9]
	at org.springframework.web.servlet.FrameworkServlet.doGet(FrameworkServlet.java:903) ~[spring-webmvc-6.2.9.jar:6.2.9]
	at jakarta.servlet.http.HttpServlet.service(HttpServlet.java:564) ~[tomcat-embed-core-10.1.43.jar:6.0]
	at org.springframework.web.servlet.FrameworkServlet.service(FrameworkServlet.java:885) ~[spring-webmvc-6.2.9.jar:6.2.9]
	at jakarta.servlet.http.HttpServlet.service(HttpServlet.java:658) ~[tomcat-embed-core-10.1.43.jar:6.0]
	at org.apache.catalina.core.ApplicationFilterChain.internalDoFilter(ApplicationFilterChain.java:195) ~[tomcat-embed-core-10.1.43.jar:10.1.43]
	at org.apache.catalina.core.ApplicationFilterChain.doFilter(ApplicationFilterChain.java:140) ~[tomcat-embed-core-10.1.43.jar:10.1.43]
	at org.apache.tomcat.websocket.server.WsFilter.doFilter(WsFilter.java:51) ~[tomcat-embed-websocket-10.1.43.jar:10.1.43]
	at org.apache.catalina.core.ApplicationFilterChain.internalDoFilter(ApplicationFilterChain.java:164) ~[tomcat-embed-core-10.1.43.jar:10.1.43]
	at org.apache.catalina.core.ApplicationFilterChain.doFilter(ApplicationFilterChain.java:140) ~[tomcat-embed-core-10.1.43.jar:10.1.43]
	at org.springframework.web.filter.RequestContextFilter.doFilterInternal(RequestContextFilter.java:100) ~[spring-web-6.2.9.jar:6.2.9]
	at org.springframework.web.filter.OncePerRequestFilter.doFilter(OncePerRequestFilter.java:116) ~[spring-web-6.2.9.jar:6.2.9]
	at org.apache.catalina.core.ApplicationFilterChain.internalDoFilter(ApplicationFilterChain.java:164) ~[tomcat-embed-core-10.1.43.jar:10.1.43]
	at org.apache.catalina.core.ApplicationFilterChain.doFilter(ApplicationFilterChain.java:140) ~[tomcat-embed-core-10.1.43.jar:10.1.43]
	at org.springframework.web.filter.FormContentFilter.doFilterInternal(FormContentFilter.java:93) ~[spring-web-6.2.9.jar:6.2.9]
	at org.springframework.web.filter.OncePerRequestFilter.doFilter(OncePerRequestFilter.java:116) ~[spring-web-6.2.9.jar:6.2.9]
	at org.apache.catalina.core.ApplicationFilterChain.internalDoFilter(ApplicationFilterChain.java:164) ~[tomcat-embed-core-10.1.43.jar:10.1.43]
	at org.apache.catalina.core.ApplicationFilterChain.doFilter(ApplicationFilterChain.java:140) ~[tomcat-embed-core-10.1.43.jar:10.1.43]
	at org.springframework.web.filter.CharacterEncodingFilter.doFilterInternal(CharacterEncodingFilter.java:201) ~[spring-web-6.2.9.jar:6.2.9]
	at org.springframework.web.filter.OncePerRequestFilter.doFilter(OncePerRequestFilter.java:116) ~[spring-web-6.2.9.jar:6.2.9]
	at org.apache.catalina.core.ApplicationFilterChain.internalDoFilter(ApplicationFilterChain.java:164) ~[tomcat-embed-core-10.1.43.jar:10.1.43]
	at org.apache.catalina.core.ApplicationFilterChain.doFilter(ApplicationFilterChain.java:140) ~[tomcat-embed-core-10.1.43.jar:10.1.43]
	at org.apache.catalina.core.StandardWrapperValve.invoke(StandardWrapperValve.java:167) ~[tomcat-embed-core-10.1.43.jar:10.1.43]
	at org.apache.catalina.core.StandardContextValve.invoke(StandardContextValve.java:90) ~[tomcat-embed-core-10.1.43.jar:10.1.43]
	at org.apache.catalina.authenticator.AuthenticatorBase.invoke(AuthenticatorBase.java:483) ~[tomcat-embed-core-10.1.43.jar:10.1.43]
	at org.apache.catalina.core.StandardHostValve.invoke(StandardHostValve.java:116) ~[tomcat-embed-core-10.1.43.jar:10.1.43]
	at org.apache.catalina.valves.ErrorReportValve.invoke(ErrorReportValve.java:93) ~[tomcat-embed-core-10.1.43.jar:10.1.43]
	at org.apache.catalina.core.StandardEngineValve.invoke(StandardEngineValve.java:74) ~[tomcat-embed-core-10.1.43.jar:10.1.43]
	at org.apache.catalina.connector.CoyoteAdapter.service(CoyoteAdapter.java:344) ~[tomcat-embed-core-10.1.43.jar:10.1.43]
	at org.apache.coyote.http11.Http11Processor.service(Http11Processor.java:398) ~[tomcat-embed-core-10.1.43.jar:10.1.43]
	at org.apache.coyote.AbstractProcessorLight.process(AbstractProcessorLight.java:63) ~[tomcat-embed-core-10.1.43.jar:10.1.43]
	at org.apache.coyote.AbstractProtocol$ConnectionHandler.process(AbstractProtocol.java:903) ~[tomcat-embed-core-10.1.43.jar:10.1.43]
	at org.apache.tomcat.util.net.NioEndpoint$SocketProcessor.doRun(NioEndpoint.java:1769) ~[tomcat-embed-core-10.1.43.jar:10.1.43]
	at org.apache.tomcat.util.net.SocketProcessorBase.run(SocketProcessorBase.java:52) ~[tomcat-embed-core-10.1.43.jar:10.1.43]
	at org.apache.tomcat.util.threads.ThreadPoolExecutor.runWorker(ThreadPoolExecutor.java:1189) ~[tomcat-embed-core-10.1.43.jar:10.1.43]
	at org.apache.tomcat.util.threads.ThreadPoolExecutor$Worker.run(ThreadPoolExecutor.java:658) ~[tomcat-embed-core-10.1.43.jar:10.1.43]
	at org.apache.tomcat.util.threads.TaskThread$WrappingRunnable.run(TaskThread.java:63) ~[tomcat-embed-core-10.1.43.jar:10.1.43]
	at java.base/java.lang.Thread.run(Thread.java:1583) ~[na:na]

2025-08-16T09:21:14.320+08:00  INFO 15848 --- [skyBackend] [http-nio-8081-exec-3] c.s.s.s.ServiceImpl.VideoServiceImpl     : 视频列表[VideoVO(nickName=null, avatar=null, isCollect=null, isFollow=null, isLike=null), VideoVO(nickName=null, avatar=null, isCollect=null, isFollow=null, isLike=null), VideoVO(nickName=null, avatar=null, isCollect=null, isFollow=null, isLike=null), VideoVO(nickName=null, avatar=null, isCollect=null, isFollow=null, isLike=null)]
2025-08-16T09:21:14.320+08:00  INFO 15848 --- [skyBackend] [http-nio-8081-exec-3] c.s.s.s.ServiceImpl.VideoServiceImpl     : 视频发布者ID: [1, 2, 3]
2025-08-16T09:21:14.324+08:00  INFO 15848 --- [skyBackend] [http-nio-8081-exec-3] c.s.s.s.ServiceImpl.VideoServiceImpl     : 视频Id2
2025-08-16T09:21:14.324+08:00  INFO 15848 --- [skyBackend] [http-nio-8081-exec-3] c.s.s.s.ServiceImpl.VideoServiceImpl     : Map: {1=Status(userId=1, status=true), 3=Status(userId=3, status=true)}
2025-08-16T09:21:14.324+08:00  INFO 15848 --- [skyBackend] [http-nio-8081-exec-3] c.s.s.s.ServiceImpl.VideoServiceImpl     : 用户ID: 2, 关注状态: null
2025-08-16T09:21:14.325+08:00 ERROR 15848 --- [skyBackend] [http-nio-8081-exec-3] o.a.c.c.C.[.[.[/].[dispatcherServlet]    : Servlet.service() for servlet [dispatcherServlet] in context with path [] threw exception [Request processing failed: java.lang.NullPointerException: Cannot invoke "com.sky.skybackend.domain.pojo.Status.getStatus()" because the return value of "java.util.Map.get(Object)" is null] with root cause

java.lang.NullPointerException: Cannot invoke "com.sky.skybackend.domain.pojo.Status.getStatus()" because the return value of "java.util.Map.get(Object)" is null
	at com.sky.skybackend.service.ServiceImpl.VideoServiceImpl.queryMoreVideo(VideoServiceImpl.java:75) ~[classes/:na]
	at java.base/jdk.internal.reflect.DirectMethodHandleAccessor.invoke(DirectMethodHandleAccessor.java:103) ~[na:na]
	at java.base/java.lang.reflect.Method.invoke(Method.java:580) ~[na:na]
	at org.springframework.aop.support.AopUtils.invokeJoinpointUsingReflection(AopUtils.java:360) ~[spring-aop-6.2.9.jar:6.2.9]
	at org.springframework.aop.framework.CglibAopProxy$DynamicAdvisedInterceptor.intercept(CglibAopProxy.java:724) ~[spring-aop-6.2.9.jar:6.2.9]
	at com.sky.skybackend.service.ServiceImpl.VideoServiceImpl$$SpringCGLIB$$0.queryMoreVideo(<generated>) ~[classes/:na]
	at com.sky.skybackend.controller.VideoController.getCard(VideoController.java:65) ~[classes/:na]
	at java.base/jdk.internal.reflect.DirectMethodHandleAccessor.invoke(DirectMethodHandleAccessor.java:103) ~[na:na]
	at java.base/java.lang.reflect.Method.invoke(Method.java:580) ~[na:na]
	at org.springframework.web.method.support.InvocableHandlerMethod.doInvoke(InvocableHandlerMethod.java:258) ~[spring-web-6.2.9.jar:6.2.9]
	at org.springframework.web.method.support.InvocableHandlerMethod.invokeForRequest(InvocableHandlerMethod.java:191) ~[spring-web-6.2.9.jar:6.2.9]
	at org.springframework.web.servlet.mvc.method.annotation.ServletInvocableHandlerMethod.invokeAndHandle(ServletInvocableHandlerMethod.java:118) ~[spring-webmvc-6.2.9.jar:6.2.9]
	at org.springframework.web.servlet.mvc.method.annotation.RequestMappingHandlerAdapter.invokeHandlerMethod(RequestMappingHandlerAdapter.java:991) ~[spring-webmvc-6.2.9.jar:6.2.9]
	at org.springframework.web.servlet.mvc.method.annotation.RequestMappingHandlerAdapter.handleInternal(RequestMappingHandlerAdapter.java:896) ~[spring-webmvc-6.2.9.jar:6.2.9]
	at org.springframework.web.servlet.mvc.method.AbstractHandlerMethodAdapter.handle(AbstractHandlerMethodAdapter.java:87) ~[spring-webmvc-6.2.9.jar:6.2.9]
	at org.springframework.web.servlet.DispatcherServlet.doDispatch(DispatcherServlet.java:1089) ~[spring-webmvc-6.2.9.jar:6.2.9]
	at org.springframework.web.servlet.DispatcherServlet.doService(DispatcherServlet.java:979) ~[spring-webmvc-6.2.9.jar:6.2.9]
	at org.springframework.web.servlet.FrameworkServlet.processRequest(FrameworkServlet.java:1014) ~[spring-webmvc-6.2.9.jar:6.2.9]
	at org.springframework.web.servlet.FrameworkServlet.doGet(FrameworkServlet.java:903) ~[spring-webmvc-6.2.9.jar:6.2.9]
	at jakarta.servlet.http.HttpServlet.service(HttpServlet.java:564) ~[tomcat-embed-core-10.1.43.jar:6.0]
	at org.springframework.web.servlet.FrameworkServlet.service(FrameworkServlet.java:885) ~[spring-webmvc-6.2.9.jar:6.2.9]
	at jakarta.servlet.http.HttpServlet.service(HttpServlet.java:658) ~[tomcat-embed-core-10.1.43.jar:6.0]
	at org.apache.catalina.core.ApplicationFilterChain.internalDoFilter(ApplicationFilterChain.java:195) ~[tomcat-embed-core-10.1.43.jar:10.1.43]
	at org.apache.catalina.core.ApplicationFilterChain.doFilter(ApplicationFilterChain.java:140) ~[tomcat-embed-core-10.1.43.jar:10.1.43]
	at org.apache.tomcat.websocket.server.WsFilter.doFilter(WsFilter.java:51) ~[tomcat-embed-websocket-10.1.43.jar:10.1.43]
	at org.apache.catalina.core.ApplicationFilterChain.internalDoFilter(ApplicationFilterChain.java:164) ~[tomcat-embed-core-10.1.43.jar:10.1.43]
	at org.apache.catalina.core.ApplicationFilterChain.doFilter(ApplicationFilterChain.java:140) ~[tomcat-embed-core-10.1.43.jar:10.1.43]
	at org.springframework.web.filter.RequestContextFilter.doFilterInternal(RequestContextFilter.java:100) ~[spring-web-6.2.9.jar:6.2.9]
	at org.springframework.web.filter.OncePerRequestFilter.doFilter(OncePerRequestFilter.java:116) ~[spring-web-6.2.9.jar:6.2.9]
	at org.apache.catalina.core.ApplicationFilterChain.internalDoFilter(ApplicationFilterChain.java:164) ~[tomcat-embed-core-10.1.43.jar:10.1.43]
	at org.apache.catalina.core.ApplicationFilterChain.doFilter(ApplicationFilterChain.java:140) ~[tomcat-embed-core-10.1.43.jar:10.1.43]
	at org.springframework.web.filter.FormContentFilter.doFilterInternal(FormContentFilter.java:93) ~[spring-web-6.2.9.jar:6.2.9]
	at org.springframework.web.filter.OncePerRequestFilter.doFilter(OncePerRequestFilter.java:116) ~[spring-web-6.2.9.jar:6.2.9]
	at org.apache.catalina.core.ApplicationFilterChain.internalDoFilter(ApplicationFilterChain.java:164) ~[tomcat-embed-core-10.1.43.jar:10.1.43]
	at org.apache.catalina.core.ApplicationFilterChain.doFilter(ApplicationFilterChain.java:140) ~[tomcat-embed-core-10.1.43.jar:10.1.43]
	at org.springframework.web.filter.CharacterEncodingFilter.doFilterInternal(CharacterEncodingFilter.java:201) ~[spring-web-6.2.9.jar:6.2.9]
	at org.springframework.web.filter.OncePerRequestFilter.doFilter(OncePerRequestFilter.java:116) ~[spring-web-6.2.9.jar:6.2.9]
	at org.apache.catalina.core.ApplicationFilterChain.internalDoFilter(ApplicationFilterChain.java:164) ~[tomcat-embed-core-10.1.43.jar:10.1.43]
	at org.apache.catalina.core.ApplicationFilterChain.doFilter(ApplicationFilterChain.java:140) ~[tomcat-embed-core-10.1.43.jar:10.1.43]
	at org.apache.catalina.core.StandardWrapperValve.invoke(StandardWrapperValve.java:167) ~[tomcat-embed-core-10.1.43.jar:10.1.43]
	at org.apache.catalina.core.StandardContextValve.invoke(StandardContextValve.java:90) ~[tomcat-embed-core-10.1.43.jar:10.1.43]
	at org.apache.catalina.authenticator.AuthenticatorBase.invoke(AuthenticatorBase.java:483) ~[tomcat-embed-core-10.1.43.jar:10.1.43]
	at org.apache.catalina.core.StandardHostValve.invoke(StandardHostValve.java:116) ~[tomcat-embed-core-10.1.43.jar:10.1.43]
	at org.apache.catalina.valves.ErrorReportValve.invoke(ErrorReportValve.java:93) ~[tomcat-embed-core-10.1.43.jar:10.1.43]
	at org.apache.catalina.core.StandardEngineValve.invoke(StandardEngineValve.java:74) ~[tomcat-embed-core-10.1.43.jar:10.1.43]
	at org.apache.catalina.connector.CoyoteAdapter.service(CoyoteAdapter.java:344) ~[tomcat-embed-core-10.1.43.jar:10.1.43]
	at org.apache.coyote.http11.Http11Processor.service(Http11Processor.java:398) ~[tomcat-embed-core-10.1.43.jar:10.1.43]
	at org.apache.coyote.AbstractProcessorLight.process(AbstractProcessorLight.java:63) ~[tomcat-embed-core-10.1.43.jar:10.1.43]
	at org.apache.coyote.AbstractProtocol$ConnectionHandler.process(AbstractProtocol.java:903) ~[tomcat-embed-core-10.1.43.jar:10.1.43]
	at org.apache.tomcat.util.net.NioEndpoint$SocketProcessor.doRun(NioEndpoint.java:1769) ~[tomcat-embed-core-10.1.43.jar:10.1.43]
	at org.apache.tomcat.util.net.SocketProcessorBase.run(SocketProcessorBase.java:52) ~[tomcat-embed-core-10.1.43.jar:10.1.43]
	at org.apache.tomcat.util.threads.ThreadPoolExecutor.runWorker(ThreadPoolExecutor.java:1189) ~[tomcat-embed-core-10.1.43.jar:10.1.43]
	at org.apache.tomcat.util.threads.ThreadPoolExecutor$Worker.run(ThreadPoolExecutor.java:658) ~[tomcat-embed-core-10.1.43.jar:10.1.43]
	at org.apache.tomcat.util.threads.TaskThread$WrappingRunnable.run(TaskThread.java:63) ~[tomcat-embed-core-10.1.43.jar:10.1.43]
	at java.base/java.lang.Thread.run(Thread.java:1583) ~[na:na]

2025-08-16T09:26:38.241+08:00  INFO 15848 --- [skyBackend] [SpringApplicationShutdownHook] o.s.b.w.e.tomcat.GracefulShutdown        : Commencing graceful shutdown. Waiting for active requests to complete
2025-08-16T09:26:38.250+08:00  INFO 15848 --- [skyBackend] [tomcat-shutdown] o.s.b.w.e.tomcat.GracefulShutdown        : Graceful shutdown complete
2025-08-16T09:26:38.263+08:00  INFO 15848 --- [skyBackend] [SpringApplicationShutdownHook] com.zaxxer.hikari.HikariDataSource       : HikariPool-1 - Shutdown initiated...
2025-08-16T09:26:38.268+08:00  INFO 15848 --- [skyBackend] [SpringApplicationShutdownHook] com.zaxxer.hikari.HikariDataSource       : HikariPool-1 - Shutdown completed.
2025-08-16T09:26:41.567+08:00  INFO 13892 --- [skyBackend] [main] c.sky.skybackend.SkyBackendApplication   : Starting SkyBackendApplication using Java 21.0.4 with PID 13892 (D:\software\GitProject\skyBackend\target\classes started by W71one in D:\software\GitProject\skyBackend)
2025-08-16T09:26:41.568+08:00  INFO 13892 --- [skyBackend] [main] c.sky.skybackend.SkyBackendApplication   : No active profile set, falling back to 1 default profile: "default"
2025-08-16T09:26:42.188+08:00  INFO 13892 --- [skyBackend] [main] .s.d.r.c.RepositoryConfigurationDelegate : Multiple Spring Data modules found, entering strict repository configuration mode
2025-08-16T09:26:42.190+08:00  INFO 13892 --- [skyBackend] [main] .s.d.r.c.RepositoryConfigurationDelegate : Bootstrapping Spring Data Redis repositories in DEFAULT mode.
2025-08-16T09:26:42.216+08:00  INFO 13892 --- [skyBackend] [main] .s.d.r.c.RepositoryConfigurationDelegate : Finished Spring Data repository scanning in 10 ms. Found 0 Redis repository interfaces.
2025-08-16T09:26:42.641+08:00  INFO 13892 --- [skyBackend] [main] o.s.b.w.embedded.tomcat.TomcatWebServer  : Tomcat initialized with port 8081 (http)
2025-08-16T09:26:42.654+08:00  INFO 13892 --- [skyBackend] [main] o.apache.catalina.core.StandardService   : Starting service [Tomcat]
2025-08-16T09:26:42.654+08:00  INFO 13892 --- [skyBackend] [main] o.apache.catalina.core.StandardEngine    : Starting Servlet engine: [Apache Tomcat/10.1.43]
2025-08-16T09:26:42.698+08:00  INFO 13892 --- [skyBackend] [main] o.a.c.c.C.[Tomcat].[localhost].[/]       : Initializing Spring embedded WebApplicationContext
2025-08-16T09:26:42.698+08:00  INFO 13892 --- [skyBackend] [main] w.s.c.ServletWebServerApplicationContext : Root WebApplicationContext: initialization completed in 1101 ms
2025-08-16T09:26:43.533+08:00  INFO 13892 --- [skyBackend] [main] com.sky.skybackend.config.RedisConfig    : RedisTemplate配置完成
2025-08-16T09:26:44.048+08:00  INFO 13892 --- [skyBackend] [main] o.s.b.w.embedded.tomcat.TomcatWebServer  : Tomcat started on port 8081 (http) with context path '/'
2025-08-16T09:26:44.058+08:00  INFO 13892 --- [skyBackend] [main] c.sky.skybackend.SkyBackendApplication   : Started SkyBackendApplication in 2.854 seconds (process running for 3.326)
2025-08-16T09:26:46.999+08:00  INFO 13892 --- [skyBackend] [http-nio-8081-exec-1] o.a.c.c.C.[Tomcat].[localhost].[/]       : Initializing Spring DispatcherServlet 'dispatcherServlet'
2025-08-16T09:26:46.999+08:00  INFO 13892 --- [skyBackend] [http-nio-8081-exec-1] o.s.web.servlet.DispatcherServlet        : Initializing Servlet 'dispatcherServlet'
2025-08-16T09:26:47.000+08:00  INFO 13892 --- [skyBackend] [http-nio-8081-exec-1] o.s.web.servlet.DispatcherServlet        : Completed initialization in 1 ms
2025-08-16T09:26:47.345+08:00  INFO 13892 --- [skyBackend] [http-nio-8081-exec-1] com.zaxxer.hikari.HikariDataSource       : HikariPool-1 - Starting...
2025-08-16T09:26:47.546+08:00  INFO 13892 --- [skyBackend] [http-nio-8081-exec-1] com.zaxxer.hikari.pool.HikariPool        : HikariPool-1 - Added connection com.mysql.cj.jdbc.ConnectionImpl@66a7928c
2025-08-16T09:26:47.548+08:00  INFO 13892 --- [skyBackend] [http-nio-8081-exec-1] com.zaxxer.hikari.HikariDataSource       : HikariPool-1 - Start completed.
2025-08-16T09:26:47.626+08:00  INFO 13892 --- [skyBackend] [http-nio-8081-exec-1] c.s.s.s.ServiceImpl.VideoServiceImpl     : 视频列表[VideoVO(nickName=null, avatar=null, isCollect=null, isFollow=null, isLike=null), VideoVO(nickName=null, avatar=null, isCollect=null, isFollow=null, isLike=null), VideoVO(nickName=null, avatar=null, isCollect=null, isFollow=null, isLike=null), VideoVO(nickName=null, avatar=null, isCollect=null, isFollow=null, isLike=null)]
2025-08-16T09:26:47.627+08:00  INFO 13892 --- [skyBackend] [http-nio-8081-exec-1] c.s.s.s.ServiceImpl.VideoServiceImpl     : 视频发布者ID: [1, 2, 3]
2025-08-16T09:26:47.652+08:00  INFO 13892 --- [skyBackend] [http-nio-8081-exec-1] c.s.s.s.ServiceImpl.VideoServiceImpl     : 视频Id2
2025-08-16T09:26:47.652+08:00  INFO 13892 --- [skyBackend] [http-nio-8081-exec-1] c.s.s.s.ServiceImpl.VideoServiceImpl     : Map: {1=Status(userId=1, status=true), 3=Status(userId=3, status=true)}
2025-08-16T09:26:47.652+08:00  INFO 13892 --- [skyBackend] [http-nio-8081-exec-1] c.s.s.s.ServiceImpl.VideoServiceImpl     : 用户ID: 2, 关注状态: null
2025-08-16T09:26:47.652+08:00  INFO 13892 --- [skyBackend] [http-nio-8081-exec-1] c.s.s.s.ServiceImpl.VideoServiceImpl     : 视频Id1
2025-08-16T09:26:47.652+08:00  INFO 13892 --- [skyBackend] [http-nio-8081-exec-1] c.s.s.s.ServiceImpl.VideoServiceImpl     : Map: {1=Status(userId=1, status=true), 3=Status(userId=3, status=true)}
2025-08-16T09:26:47.652+08:00  INFO 13892 --- [skyBackend] [http-nio-8081-exec-1] c.s.s.s.ServiceImpl.VideoServiceImpl     : 用户ID: 1, 关注状态: Status(userId=1, status=true)
2025-08-16T09:26:47.653+08:00  INFO 13892 --- [skyBackend] [http-nio-8081-exec-1] c.s.s.s.ServiceImpl.VideoServiceImpl     : 视频Id1
2025-08-16T09:26:47.653+08:00  INFO 13892 --- [skyBackend] [http-nio-8081-exec-1] c.s.s.s.ServiceImpl.VideoServiceImpl     : Map: {1=Status(userId=1, status=true), 3=Status(userId=3, status=true)}
2025-08-16T09:26:47.653+08:00  INFO 13892 --- [skyBackend] [http-nio-8081-exec-1] c.s.s.s.ServiceImpl.VideoServiceImpl     : 用户ID: 1, 关注状态: Status(userId=1, status=true)
2025-08-16T09:26:47.653+08:00  INFO 13892 --- [skyBackend] [http-nio-8081-exec-1] c.s.s.s.ServiceImpl.VideoServiceImpl     : 视频Id3
2025-08-16T09:26:47.653+08:00  INFO 13892 --- [skyBackend] [http-nio-8081-exec-1] c.s.s.s.ServiceImpl.VideoServiceImpl     : Map: {1=Status(userId=1, status=true), 3=Status(userId=3, status=true)}
2025-08-16T09:26:47.653+08:00  INFO 13892 --- [skyBackend] [http-nio-8081-exec-1] c.s.s.s.ServiceImpl.VideoServiceImpl     : 用户ID: 3, 关注状态: Status(userId=3, status=true)
2025-08-16T09:32:00.790+08:00  INFO 13892 --- [skyBackend] [SpringApplicationShutdownHook] o.s.b.w.e.tomcat.GracefulShutdown        : Commencing graceful shutdown. Waiting for active requests to complete
2025-08-16T09:32:00.799+08:00  INFO 13892 --- [skyBackend] [tomcat-shutdown] o.s.b.w.e.tomcat.GracefulShutdown        : Graceful shutdown complete
2025-08-16T09:32:00.812+08:00  INFO 13892 --- [skyBackend] [SpringApplicationShutdownHook] com.zaxxer.hikari.HikariDataSource       : HikariPool-1 - Shutdown initiated...
2025-08-16T09:32:00.816+08:00  INFO 13892 --- [skyBackend] [SpringApplicationShutdownHook] com.zaxxer.hikari.HikariDataSource       : HikariPool-1 - Shutdown completed.
2025-08-16T09:32:05.042+08:00  INFO 12252 --- [skyBackend] [main] c.sky.skybackend.SkyBackendApplication   : Starting SkyBackendApplication using Java 21.0.4 with PID 12252 (D:\software\GitProject\skyBackend\target\classes started by W71one in D:\software\GitProject\skyBackend)
2025-08-16T09:32:05.044+08:00  INFO 12252 --- [skyBackend] [main] c.sky.skybackend.SkyBackendApplication   : No active profile set, falling back to 1 default profile: "default"
2025-08-16T09:32:05.670+08:00  INFO 12252 --- [skyBackend] [main] .s.d.r.c.RepositoryConfigurationDelegate : Multiple Spring Data modules found, entering strict repository configuration mode
2025-08-16T09:32:05.672+08:00  INFO 12252 --- [skyBackend] [main] .s.d.r.c.RepositoryConfigurationDelegate : Bootstrapping Spring Data Redis repositories in DEFAULT mode.
2025-08-16T09:32:05.696+08:00  INFO 12252 --- [skyBackend] [main] .s.d.r.c.RepositoryConfigurationDelegate : Finished Spring Data repository scanning in 10 ms. Found 0 Redis repository interfaces.
2025-08-16T09:32:06.106+08:00  INFO 12252 --- [skyBackend] [main] o.s.b.w.embedded.tomcat.TomcatWebServer  : Tomcat initialized with port 8081 (http)
2025-08-16T09:32:06.119+08:00  INFO 12252 --- [skyBackend] [main] o.apache.catalina.core.StandardService   : Starting service [Tomcat]
2025-08-16T09:32:06.119+08:00  INFO 12252 --- [skyBackend] [main] o.apache.catalina.core.StandardEngine    : Starting Servlet engine: [Apache Tomcat/10.1.43]
2025-08-16T09:32:06.165+08:00  INFO 12252 --- [skyBackend] [main] o.a.c.c.C.[Tomcat].[localhost].[/]       : Initializing Spring embedded WebApplicationContext
2025-08-16T09:32:06.165+08:00  INFO 12252 --- [skyBackend] [main] w.s.c.ServletWebServerApplicationContext : Root WebApplicationContext: initialization completed in 1091 ms
2025-08-16T09:32:07.023+08:00  INFO 12252 --- [skyBackend] [main] com.sky.skybackend.config.RedisConfig    : RedisTemplate配置完成
2025-08-16T09:32:07.520+08:00  INFO 12252 --- [skyBackend] [main] o.s.b.w.embedded.tomcat.TomcatWebServer  : Tomcat started on port 8081 (http) with context path '/'
2025-08-16T09:32:07.527+08:00  INFO 12252 --- [skyBackend] [main] c.sky.skybackend.SkyBackendApplication   : Started SkyBackendApplication in 2.956 seconds (process running for 3.443)
2025-08-16T09:32:12.498+08:00  INFO 12252 --- [skyBackend] [http-nio-8081-exec-1] o.a.c.c.C.[Tomcat].[localhost].[/]       : Initializing Spring DispatcherServlet 'dispatcherServlet'
2025-08-16T09:32:12.498+08:00  INFO 12252 --- [skyBackend] [http-nio-8081-exec-1] o.s.web.servlet.DispatcherServlet        : Initializing Servlet 'dispatcherServlet'
2025-08-16T09:32:12.499+08:00  INFO 12252 --- [skyBackend] [http-nio-8081-exec-1] o.s.web.servlet.DispatcherServlet        : Completed initialization in 1 ms
2025-08-16T09:32:12.845+08:00  INFO 12252 --- [skyBackend] [http-nio-8081-exec-1] com.zaxxer.hikari.HikariDataSource       : HikariPool-1 - Starting...
2025-08-16T09:32:13.043+08:00  INFO 12252 --- [skyBackend] [http-nio-8081-exec-1] com.zaxxer.hikari.pool.HikariPool        : HikariPool-1 - Added connection com.mysql.cj.jdbc.ConnectionImpl@77f44cfa
2025-08-16T09:32:13.044+08:00  INFO 12252 --- [skyBackend] [http-nio-8081-exec-1] com.zaxxer.hikari.HikariDataSource       : HikariPool-1 - Start completed.
2025-08-16T09:32:13.123+08:00  INFO 12252 --- [skyBackend] [http-nio-8081-exec-1] c.s.s.s.ServiceImpl.VideoServiceImpl     : 视频列表[VideoVO(nickName=null, avatar=null, isCollect=false, isFollow=false, isLike=false), VideoVO(nickName=null, avatar=null, isCollect=false, isFollow=false, isLike=false), VideoVO(nickName=null, avatar=null, isCollect=false, isFollow=false, isLike=false), VideoVO(nickName=null, avatar=null, isCollect=false, isFollow=false, isLike=false)]
2025-08-16T09:32:13.123+08:00  INFO 12252 --- [skyBackend] [http-nio-8081-exec-1] c.s.s.s.ServiceImpl.VideoServiceImpl     : 视频发布者ID: [1, 2]
2025-08-16T09:39:31.879+08:00  INFO 12252 --- [skyBackend] [SpringApplicationShutdownHook] o.s.b.w.e.tomcat.GracefulShutdown        : Commencing graceful shutdown. Waiting for active requests to complete
2025-08-16T09:39:31.889+08:00  INFO 12252 --- [skyBackend] [tomcat-shutdown] o.s.b.w.e.tomcat.GracefulShutdown        : Graceful shutdown complete
2025-08-16T09:39:31.902+08:00  INFO 12252 --- [skyBackend] [SpringApplicationShutdownHook] com.zaxxer.hikari.HikariDataSource       : HikariPool-1 - Shutdown initiated...
2025-08-16T09:39:31.906+08:00  INFO 12252 --- [skyBackend] [SpringApplicationShutdownHook] com.zaxxer.hikari.HikariDataSource       : HikariPool-1 - Shutdown completed.
2025-08-16T09:39:35.390+08:00  INFO 17960 --- [skyBackend] [main] c.sky.skybackend.SkyBackendApplication   : Starting SkyBackendApplication using Java 21.0.4 with PID 17960 (D:\software\GitProject\skyBackend\target\classes started by W71one in D:\software\GitProject\skyBackend)
2025-08-16T09:39:35.392+08:00  INFO 17960 --- [skyBackend] [main] c.sky.skybackend.SkyBackendApplication   : No active profile set, falling back to 1 default profile: "default"
2025-08-16T09:39:35.992+08:00  INFO 17960 --- [skyBackend] [main] .s.d.r.c.RepositoryConfigurationDelegate : Multiple Spring Data modules found, entering strict repository configuration mode
2025-08-16T09:39:35.994+08:00  INFO 17960 --- [skyBackend] [main] .s.d.r.c.RepositoryConfigurationDelegate : Bootstrapping Spring Data Redis repositories in DEFAULT mode.
2025-08-16T09:39:36.017+08:00  INFO 17960 --- [skyBackend] [main] .s.d.r.c.RepositoryConfigurationDelegate : Finished Spring Data repository scanning in 9 ms. Found 0 Redis repository interfaces.
2025-08-16T09:39:36.423+08:00  INFO 17960 --- [skyBackend] [main] o.s.b.w.embedded.tomcat.TomcatWebServer  : Tomcat initialized with port 8081 (http)
2025-08-16T09:39:36.435+08:00  INFO 17960 --- [skyBackend] [main] o.apache.catalina.core.StandardService   : Starting service [Tomcat]
2025-08-16T09:39:36.435+08:00  INFO 17960 --- [skyBackend] [main] o.apache.catalina.core.StandardEngine    : Starting Servlet engine: [Apache Tomcat/10.1.43]
2025-08-16T09:39:36.478+08:00  INFO 17960 --- [skyBackend] [main] o.a.c.c.C.[Tomcat].[localhost].[/]       : Initializing Spring embedded WebApplicationContext
2025-08-16T09:39:36.479+08:00  INFO 17960 --- [skyBackend] [main] w.s.c.ServletWebServerApplicationContext : Root WebApplicationContext: initialization completed in 1058 ms
2025-08-16T09:39:37.308+08:00  INFO 17960 --- [skyBackend] [main] com.sky.skybackend.config.RedisConfig    : RedisTemplate配置完成
2025-08-16T09:39:37.811+08:00  INFO 17960 --- [skyBackend] [main] o.s.b.w.embedded.tomcat.TomcatWebServer  : Tomcat started on port 8081 (http) with context path '/'
2025-08-16T09:39:37.818+08:00  INFO 17960 --- [skyBackend] [main] c.sky.skybackend.SkyBackendApplication   : Started SkyBackendApplication in 2.799 seconds (process running for 3.315)
2025-08-16T09:39:44.946+08:00  INFO 17960 --- [skyBackend] [http-nio-8081-exec-1] o.a.c.c.C.[Tomcat].[localhost].[/]       : Initializing Spring DispatcherServlet 'dispatcherServlet'
2025-08-16T09:39:44.947+08:00  INFO 17960 --- [skyBackend] [http-nio-8081-exec-1] o.s.web.servlet.DispatcherServlet        : Initializing Servlet 'dispatcherServlet'
2025-08-16T09:39:44.948+08:00  INFO 17960 --- [skyBackend] [http-nio-8081-exec-1] o.s.web.servlet.DispatcherServlet        : Completed initialization in 1 ms
2025-08-16T09:39:45.297+08:00  INFO 17960 --- [skyBackend] [http-nio-8081-exec-1] com.zaxxer.hikari.HikariDataSource       : HikariPool-1 - Starting...
2025-08-16T09:39:45.497+08:00  INFO 17960 --- [skyBackend] [http-nio-8081-exec-1] com.zaxxer.hikari.pool.HikariPool        : HikariPool-1 - Added connection com.mysql.cj.jdbc.ConnectionImpl@17e526ca
2025-08-16T09:39:45.498+08:00  INFO 17960 --- [skyBackend] [http-nio-8081-exec-1] com.zaxxer.hikari.HikariDataSource       : HikariPool-1 - Start completed.
2025-08-16T09:39:45.582+08:00  INFO 17960 --- [skyBackend] [http-nio-8081-exec-1] c.s.s.s.ServiceImpl.VideoServiceImpl     : 视频列表[VideoVO(nickName=null, avatar=null, isCollect=false, isFollow=false, isLike=false), VideoVO(nickName=null, avatar=null, isCollect=false, isFollow=false, isLike=false), VideoVO(nickName=null, avatar=null, isCollect=false, isFollow=false, isLike=false), VideoVO(nickName=null, avatar=null, isCollect=false, isFollow=false, isLike=false)]
2025-08-16T09:39:45.583+08:00  INFO 17960 --- [skyBackend] [http-nio-8081-exec-1] c.s.s.s.ServiceImpl.VideoServiceImpl     : 视频发布者ID: [1, 2]
2025-08-16T10:30:56.604+08:00  INFO 17960 --- [skyBackend] [SpringApplicationShutdownHook] o.s.b.w.e.tomcat.GracefulShutdown        : Commencing graceful shutdown. Waiting for active requests to complete
2025-08-16T10:30:56.615+08:00  INFO 17960 --- [skyBackend] [tomcat-shutdown] o.s.b.w.e.tomcat.GracefulShutdown        : Graceful shutdown complete
2025-08-16T10:30:56.637+08:00  INFO 17960 --- [skyBackend] [SpringApplicationShutdownHook] com.zaxxer.hikari.HikariDataSource       : HikariPool-1 - Shutdown initiated...
2025-08-16T10:30:56.640+08:00  INFO 17960 --- [skyBackend] [SpringApplicationShutdownHook] com.zaxxer.hikari.HikariDataSource       : HikariPool-1 - Shutdown completed.
2025-08-16T10:31:07.409+08:00  INFO 4852 --- [skyBackend] [main] c.sky.skybackend.SkyBackendApplication   : Starting SkyBackendApplication using Java 21.0.4 with PID 4852 (D:\software\GitProject\skyBackend\target\classes started by W71one in D:\software\GitProject\skyBackend)
2025-08-16T10:31:07.411+08:00  INFO 4852 --- [skyBackend] [main] c.sky.skybackend.SkyBackendApplication   : No active profile set, falling back to 1 default profile: "default"
2025-08-16T10:31:08.064+08:00  INFO 4852 --- [skyBackend] [main] .s.d.r.c.RepositoryConfigurationDelegate : Multiple Spring Data modules found, entering strict repository configuration mode
2025-08-16T10:31:08.066+08:00  INFO 4852 --- [skyBackend] [main] .s.d.r.c.RepositoryConfigurationDelegate : Bootstrapping Spring Data Redis repositories in DEFAULT mode.
2025-08-16T10:31:08.090+08:00  INFO 4852 --- [skyBackend] [main] .s.d.r.c.RepositoryConfigurationDelegate : Finished Spring Data repository scanning in 10 ms. Found 0 Redis repository interfaces.
2025-08-16T10:31:08.518+08:00  INFO 4852 --- [skyBackend] [main] o.s.b.w.embedded.tomcat.TomcatWebServer  : Tomcat initialized with port 8081 (http)
2025-08-16T10:31:08.531+08:00  INFO 4852 --- [skyBackend] [main] o.apache.catalina.core.StandardService   : Starting service [Tomcat]
2025-08-16T10:31:08.531+08:00  INFO 4852 --- [skyBackend] [main] o.apache.catalina.core.StandardEngine    : Starting Servlet engine: [Apache Tomcat/10.1.43]
2025-08-16T10:31:08.576+08:00  INFO 4852 --- [skyBackend] [main] o.a.c.c.C.[Tomcat].[localhost].[/]       : Initializing Spring embedded WebApplicationContext
2025-08-16T10:31:08.577+08:00  INFO 4852 --- [skyBackend] [main] w.s.c.ServletWebServerApplicationContext : Root WebApplicationContext: initialization completed in 1134 ms
2025-08-16T10:31:09.465+08:00  INFO 4852 --- [skyBackend] [main] com.sky.skybackend.config.RedisConfig    : RedisTemplate配置完成
2025-08-16T10:31:09.984+08:00  INFO 4852 --- [skyBackend] [main] o.s.b.w.embedded.tomcat.TomcatWebServer  : Tomcat started on port 8081 (http) with context path '/'
2025-08-16T10:31:09.991+08:00  INFO 4852 --- [skyBackend] [main] c.sky.skybackend.SkyBackendApplication   : Started SkyBackendApplication in 2.977 seconds (process running for 4.055)
2025-08-16T10:32:07.622+08:00  INFO 4852 --- [skyBackend] [http-nio-8081-exec-1] o.a.c.c.C.[Tomcat].[localhost].[/]       : Initializing Spring DispatcherServlet 'dispatcherServlet'
2025-08-16T10:32:07.622+08:00  INFO 4852 --- [skyBackend] [http-nio-8081-exec-1] o.s.web.servlet.DispatcherServlet        : Initializing Servlet 'dispatcherServlet'
2025-08-16T10:32:07.624+08:00  INFO 4852 --- [skyBackend] [http-nio-8081-exec-1] o.s.web.servlet.DispatcherServlet        : Completed initialization in 1 ms
2025-08-16T10:32:18.188+08:00  INFO 4852 --- [skyBackend] [http-nio-8081-exec-2] com.zaxxer.hikari.HikariDataSource       : HikariPool-1 - Starting...
2025-08-16T10:32:18.397+08:00  INFO 4852 --- [skyBackend] [http-nio-8081-exec-2] com.zaxxer.hikari.pool.HikariPool        : HikariPool-1 - Added connection com.mysql.cj.jdbc.ConnectionImpl@7efb6cfd
2025-08-16T10:32:18.399+08:00  INFO 4852 --- [skyBackend] [http-nio-8081-exec-2] com.zaxxer.hikari.HikariDataSource       : HikariPool-1 - Start completed.
2025-08-16T10:32:18.464+08:00  INFO 4852 --- [skyBackend] [http-nio-8081-exec-2] c.s.s.s.ServiceImpl.VideoServiceImpl     : 查询到的视频列表数量: 4
2025-08-16T10:32:18.464+08:00  INFO 4852 --- [skyBackend] [http-nio-8081-exec-2] c.s.s.s.ServiceImpl.VideoServiceImpl     : 待处理视频发布者ID集合大小: 2
2025-08-16T10:33:10.094+08:00  INFO 4852 --- [skyBackend] [http-nio-8081-exec-3] c.s.s.s.ServiceImpl.VideoServiceImpl     : 待处理视频发布者ID集合大小: 2
2025-08-16T10:59:28.924+08:00  INFO 4852 --- [skyBackend] [SpringApplicationShutdownHook] o.s.b.w.e.tomcat.GracefulShutdown        : Commencing graceful shutdown. Waiting for active requests to complete
2025-08-16T10:59:28.933+08:00  INFO 4852 --- [skyBackend] [tomcat-shutdown] o.s.b.w.e.tomcat.GracefulShutdown        : Graceful shutdown complete
2025-08-16T10:59:28.946+08:00  INFO 4852 --- [skyBackend] [SpringApplicationShutdownHook] com.zaxxer.hikari.HikariDataSource       : HikariPool-1 - Shutdown initiated...
2025-08-16T10:59:28.950+08:00  INFO 4852 --- [skyBackend] [SpringApplicationShutdownHook] com.zaxxer.hikari.HikariDataSource       : HikariPool-1 - Shutdown completed.
2025-08-16T10:59:32.738+08:00  INFO 17784 --- [skyBackend] [main] c.sky.skybackend.SkyBackendApplication   : Starting SkyBackendApplication using Java 21.0.4 with PID 17784 (D:\software\GitProject\skyBackend\target\classes started by W71one in D:\software\GitProject\skyBackend)
2025-08-16T10:59:32.740+08:00  INFO 17784 --- [skyBackend] [main] c.sky.skybackend.SkyBackendApplication   : No active profile set, falling back to 1 default profile: "default"
2025-08-16T10:59:33.399+08:00  INFO 17784 --- [skyBackend] [main] .s.d.r.c.RepositoryConfigurationDelegate : Multiple Spring Data modules found, entering strict repository configuration mode
2025-08-16T10:59:33.401+08:00  INFO 17784 --- [skyBackend] [main] .s.d.r.c.RepositoryConfigurationDelegate : Bootstrapping Spring Data Redis repositories in DEFAULT mode.
2025-08-16T10:59:33.426+08:00  INFO 17784 --- [skyBackend] [main] .s.d.r.c.RepositoryConfigurationDelegate : Finished Spring Data repository scanning in 10 ms. Found 0 Redis repository interfaces.
2025-08-16T10:59:33.854+08:00  INFO 17784 --- [skyBackend] [main] o.s.b.w.embedded.tomcat.TomcatWebServer  : Tomcat initialized with port 8081 (http)
2025-08-16T10:59:33.866+08:00  INFO 17784 --- [skyBackend] [main] o.apache.catalina.core.StandardService   : Starting service [Tomcat]
2025-08-16T10:59:33.866+08:00  INFO 17784 --- [skyBackend] [main] o.apache.catalina.core.StandardEngine    : Starting Servlet engine: [Apache Tomcat/10.1.43]
2025-08-16T10:59:33.911+08:00  INFO 17784 --- [skyBackend] [main] o.a.c.c.C.[Tomcat].[localhost].[/]       : Initializing Spring embedded WebApplicationContext
2025-08-16T10:59:33.911+08:00  INFO 17784 --- [skyBackend] [main] w.s.c.ServletWebServerApplicationContext : Root WebApplicationContext: initialization completed in 1136 ms
2025-08-16T10:59:34.817+08:00  INFO 17784 --- [skyBackend] [main] com.sky.skybackend.config.RedisConfig    : RedisTemplate配置完成
2025-08-16T10:59:35.373+08:00  INFO 17784 --- [skyBackend] [main] o.s.b.w.embedded.tomcat.TomcatWebServer  : Tomcat started on port 8081 (http) with context path '/'
2025-08-16T10:59:35.380+08:00  INFO 17784 --- [skyBackend] [main] c.sky.skybackend.SkyBackendApplication   : Started SkyBackendApplication in 3.041 seconds (process running for 3.556)
2025-08-16T10:59:59.575+08:00  INFO 17784 --- [skyBackend] [http-nio-8081-exec-1] o.a.c.c.C.[Tomcat].[localhost].[/]       : Initializing Spring DispatcherServlet 'dispatcherServlet'
2025-08-16T10:59:59.575+08:00  INFO 17784 --- [skyBackend] [http-nio-8081-exec-1] o.s.web.servlet.DispatcherServlet        : Initializing Servlet 'dispatcherServlet'
2025-08-16T10:59:59.576+08:00  INFO 17784 --- [skyBackend] [http-nio-8081-exec-1] o.s.web.servlet.DispatcherServlet        : Completed initialization in 1 ms
2025-08-16T10:59:59.622+08:00  INFO 17784 --- [skyBackend] [http-nio-8081-exec-1] com.zaxxer.hikari.HikariDataSource       : HikariPool-1 - Starting...
2025-08-16T10:59:59.862+08:00  INFO 17784 --- [skyBackend] [http-nio-8081-exec-1] com.zaxxer.hikari.pool.HikariPool        : HikariPool-1 - Added connection com.mysql.cj.jdbc.ConnectionImpl@4b73d0de
2025-08-16T10:59:59.864+08:00  INFO 17784 --- [skyBackend] [http-nio-8081-exec-1] com.zaxxer.hikari.HikariDataSource       : HikariPool-1 - Start completed.
2025-08-16T10:59:59.899+08:00  INFO 17784 --- [skyBackend] [http-nio-8081-exec-1] c.s.s.s.ServiceImpl.VideoServiceImpl     : 待处理视频发布者ID集合大小: 2
2025-08-16T11:00:23.364+08:00  INFO 17784 --- [skyBackend] [http-nio-8081-exec-2] c.s.s.s.ServiceImpl.VideoServiceImpl     : 待处理视频发布者ID集合大小: 2
2025-08-16T12:35:47.994+08:00  INFO 17784 --- [skyBackend] [SpringApplicationShutdownHook] o.s.b.w.e.tomcat.GracefulShutdown        : Commencing graceful shutdown. Waiting for active requests to complete
2025-08-16T12:35:48.013+08:00  INFO 17784 --- [skyBackend] [tomcat-shutdown] o.s.b.w.e.tomcat.GracefulShutdown        : Graceful shutdown complete
2025-08-16T12:35:48.067+08:00  INFO 17784 --- [skyBackend] [SpringApplicationShutdownHook] com.zaxxer.hikari.HikariDataSource       : HikariPool-1 - Shutdown initiated...
2025-08-16T12:35:48.071+08:00  INFO 17784 --- [skyBackend] [SpringApplicationShutdownHook] com.zaxxer.hikari.HikariDataSource       : HikariPool-1 - Shutdown completed.
2025-08-16T12:35:52.102+08:00  INFO 20540 --- [skyBackend] [main] c.sky.skybackend.SkyBackendApplication   : Starting SkyBackendApplication using Java 21.0.4 with PID 20540 (D:\software\GitProject\skyBackend\target\classes started by W71one in D:\software\GitProject\skyBackend)
2025-08-16T12:35:52.104+08:00  INFO 20540 --- [skyBackend] [main] c.sky.skybackend.SkyBackendApplication   : No active profile set, falling back to 1 default profile: "default"
2025-08-16T12:35:52.788+08:00  INFO 20540 --- [skyBackend] [main] .s.d.r.c.RepositoryConfigurationDelegate : Multiple Spring Data modules found, entering strict repository configuration mode
2025-08-16T12:35:52.790+08:00  INFO 20540 --- [skyBackend] [main] .s.d.r.c.RepositoryConfigurationDelegate : Bootstrapping Spring Data Redis repositories in DEFAULT mode.
2025-08-16T12:35:52.815+08:00  INFO 20540 --- [skyBackend] [main] .s.d.r.c.RepositoryConfigurationDelegate : Finished Spring Data repository scanning in 10 ms. Found 0 Redis repository interfaces.
2025-08-16T12:35:53.274+08:00  INFO 20540 --- [skyBackend] [main] o.s.b.w.embedded.tomcat.TomcatWebServer  : Tomcat initialized with port 8081 (http)
2025-08-16T12:35:53.287+08:00  INFO 20540 --- [skyBackend] [main] o.apache.catalina.core.StandardService   : Starting service [Tomcat]
2025-08-16T12:35:53.288+08:00  INFO 20540 --- [skyBackend] [main] o.apache.catalina.core.StandardEngine    : Starting Servlet engine: [Apache Tomcat/10.1.43]
2025-08-16T12:35:53.337+08:00  INFO 20540 --- [skyBackend] [main] o.a.c.c.C.[Tomcat].[localhost].[/]       : Initializing Spring embedded WebApplicationContext
2025-08-16T12:35:53.337+08:00  INFO 20540 --- [skyBackend] [main] w.s.c.ServletWebServerApplicationContext : Root WebApplicationContext: initialization completed in 1200 ms
2025-08-16T12:35:54.415+08:00  INFO 20540 --- [skyBackend] [main] com.sky.skybackend.config.RedisConfig    : RedisTemplate配置完成
2025-08-16T12:35:54.978+08:00  INFO 20540 --- [skyBackend] [main] o.s.b.w.embedded.tomcat.TomcatWebServer  : Tomcat started on port 8081 (http) with context path '/'
2025-08-16T12:35:54.986+08:00  INFO 20540 --- [skyBackend] [main] c.sky.skybackend.SkyBackendApplication   : Started SkyBackendApplication in 3.32 seconds (process running for 3.908)
2025-08-16T12:36:29.232+08:00  INFO 20540 --- [skyBackend] [http-nio-8081-exec-1] o.a.c.c.C.[Tomcat].[localhost].[/]       : Initializing Spring DispatcherServlet 'dispatcherServlet'
2025-08-16T12:36:29.233+08:00  INFO 20540 --- [skyBackend] [http-nio-8081-exec-1] o.s.web.servlet.DispatcherServlet        : Initializing Servlet 'dispatcherServlet'
2025-08-16T12:36:29.234+08:00  INFO 20540 --- [skyBackend] [http-nio-8081-exec-1] o.s.web.servlet.DispatcherServlet        : Completed initialization in 1 ms
2025-08-16T12:37:13.477+08:00  INFO 20540 --- [skyBackend] [SpringApplicationShutdownHook] o.s.b.w.e.tomcat.GracefulShutdown        : Commencing graceful shutdown. Waiting for active requests to complete
2025-08-16T12:37:13.487+08:00  INFO 20540 --- [skyBackend] [tomcat-shutdown] o.s.b.w.e.tomcat.GracefulShutdown        : Graceful shutdown complete
2025-08-16T12:37:16.632+08:00  INFO 19580 --- [skyBackend] [main] c.sky.skybackend.SkyBackendApplication   : Starting SkyBackendApplication using Java 21.0.4 with PID 19580 (D:\software\GitProject\skyBackend\target\classes started by W71one in D:\software\GitProject\skyBackend)
2025-08-16T12:37:16.633+08:00  INFO 19580 --- [skyBackend] [main] c.sky.skybackend.SkyBackendApplication   : No active profile set, falling back to 1 default profile: "default"
2025-08-16T12:37:17.271+08:00  INFO 19580 --- [skyBackend] [main] .s.d.r.c.RepositoryConfigurationDelegate : Multiple Spring Data modules found, entering strict repository configuration mode
2025-08-16T12:37:17.273+08:00  INFO 19580 --- [skyBackend] [main] .s.d.r.c.RepositoryConfigurationDelegate : Bootstrapping Spring Data Redis repositories in DEFAULT mode.
2025-08-16T12:37:17.298+08:00  INFO 19580 --- [skyBackend] [main] .s.d.r.c.RepositoryConfigurationDelegate : Finished Spring Data repository scanning in 11 ms. Found 0 Redis repository interfaces.
2025-08-16T12:37:17.724+08:00  INFO 19580 --- [skyBackend] [main] o.s.b.w.embedded.tomcat.TomcatWebServer  : Tomcat initialized with port 8081 (http)
2025-08-16T12:37:17.738+08:00  INFO 19580 --- [skyBackend] [main] o.apache.catalina.core.StandardService   : Starting service [Tomcat]
2025-08-16T12:37:17.738+08:00  INFO 19580 --- [skyBackend] [main] o.apache.catalina.core.StandardEngine    : Starting Servlet engine: [Apache Tomcat/10.1.43]
2025-08-16T12:37:17.781+08:00  INFO 19580 --- [skyBackend] [main] o.a.c.c.C.[Tomcat].[localhost].[/]       : Initializing Spring embedded WebApplicationContext
2025-08-16T12:37:17.782+08:00  INFO 19580 --- [skyBackend] [main] w.s.c.ServletWebServerApplicationContext : Root WebApplicationContext: initialization completed in 1120 ms
2025-08-16T12:37:18.678+08:00  INFO 19580 --- [skyBackend] [main] com.sky.skybackend.config.RedisConfig    : RedisTemplate配置完成
2025-08-16T12:37:19.191+08:00  INFO 19580 --- [skyBackend] [main] o.s.b.w.embedded.tomcat.TomcatWebServer  : Tomcat started on port 8081 (http) with context path '/'
2025-08-16T12:37:19.199+08:00  INFO 19580 --- [skyBackend] [main] c.sky.skybackend.SkyBackendApplication   : Started SkyBackendApplication in 2.956 seconds (process running for 3.456)
2025-08-16T12:37:25.213+08:00  INFO 19580 --- [skyBackend] [http-nio-8081-exec-1] o.a.c.c.C.[Tomcat].[localhost].[/]       : Initializing Spring DispatcherServlet 'dispatcherServlet'
2025-08-16T12:37:25.213+08:00  INFO 19580 --- [skyBackend] [http-nio-8081-exec-1] o.s.web.servlet.DispatcherServlet        : Initializing Servlet 'dispatcherServlet'
2025-08-16T12:37:25.214+08:00  INFO 19580 --- [skyBackend] [http-nio-8081-exec-1] o.s.web.servlet.DispatcherServlet        : Completed initialization in 1 ms
2025-08-16T12:37:25.262+08:00  INFO 19580 --- [skyBackend] [http-nio-8081-exec-1] com.zaxxer.hikari.HikariDataSource       : HikariPool-1 - Starting...
2025-08-16T12:37:25.496+08:00  INFO 19580 --- [skyBackend] [http-nio-8081-exec-1] com.zaxxer.hikari.pool.HikariPool        : HikariPool-1 - Added connection com.mysql.cj.jdbc.ConnectionImpl@4aa397bb
2025-08-16T12:37:25.497+08:00  INFO 19580 --- [skyBackend] [http-nio-8081-exec-1] com.zaxxer.hikari.HikariDataSource       : HikariPool-1 - Start completed.
2025-08-16T12:37:26.065+08:00 ERROR 19580 --- [skyBackend] [http-nio-8081-exec-1] o.a.c.c.C.[.[.[/].[dispatcherServlet]    : Servlet.service() for servlet [dispatcherServlet] in context with path [] threw exception [Request processing failed: org.springframework.jdbc.BadSqlGrammarException: 
### Error querying database.  Cause: java.sql.SQLSyntaxErrorException: You have an error in your SQL syntax; check the manual that corresponds to your MySQL server version for the right syntax to use near 'LEFT JOIN (
        SELECT
        `from` AS chat_partner_id,
        COUNT(id) ' at line 17
### The error may exist in com/sky/skybackend/mapper/ChatMapper.xml
### The error may involve defaultParameterMap
### The error occurred while setting parameters
### SQL: SELECT         u.id,         u.nick_name AS nickName,         u.avatar,         COALESCE(uc.unread_count, 0) AS unreadCount,         lm.content,         lm.create_time AS createTime         FROM         `user` u         WHERE         u.id IN          (               ?          ,              ?          )          LEFT JOIN (         SELECT         `from` AS chat_partner_id,         COUNT(id) AS unread_count         FROM         WHERE         `to` = ? AND is_read = 0         GROUP BY         `from`         ) uc ON u.id = uc.chat_partner_id         LEFT JOIN (         SELECT         m.content,         m.create_time,         CASE         WHEN m.`from` = ? THEN m.`to`         ELSE m.`from`         END AS chat_partner_id         FROM (         SELECT         id, `from`, `to`, content, create_time,         ROW_NUMBER() OVER (         PARTITION BY CASE WHEN `from` = ? THEN `to` ELSE `from` END         ORDER BY create_time DESC, id DESC         ) as rn         FROM         WHERE         `from` = ? OR `to` = ?         ) m         WHERE m.rn = 1         ) lm ON u.id = lm.chat_partner_id         ORDER BY         lm.create_time DESC, u.id DESC;
### Cause: java.sql.SQLSyntaxErrorException: You have an error in your SQL syntax; check the manual that corresponds to your MySQL server version for the right syntax to use near 'LEFT JOIN (
        SELECT
        `from` AS chat_partner_id,
        COUNT(id) ' at line 17
; bad SQL grammar []] with root cause

java.sql.SQLSyntaxErrorException: You have an error in your SQL syntax; check the manual that corresponds to your MySQL server version for the right syntax to use near 'LEFT JOIN (
        SELECT
        `from` AS chat_partner_id,
        COUNT(id) ' at line 17
	at com.mysql.cj.jdbc.exceptions.SQLError.createSQLException(SQLError.java:112) ~[mysql-connector-j-9.3.0.jar:9.3.0]
	at com.mysql.cj.jdbc.exceptions.SQLExceptionsMapping.translateException(SQLExceptionsMapping.java:114) ~[mysql-connector-j-9.3.0.jar:9.3.0]
	at com.mysql.cj.jdbc.ClientPreparedStatement.executeInternal(ClientPreparedStatement.java:990) ~[mysql-connector-j-9.3.0.jar:9.3.0]
	at com.mysql.cj.jdbc.ClientPreparedStatement.execute(ClientPreparedStatement.java:384) ~[mysql-connector-j-9.3.0.jar:9.3.0]
	at com.zaxxer.hikari.pool.ProxyPreparedStatement.execute(ProxyPreparedStatement.java:44) ~[HikariCP-6.3.1.jar:na]
	at com.zaxxer.hikari.pool.HikariProxyPreparedStatement.execute(HikariProxyPreparedStatement.java) ~[HikariCP-6.3.1.jar:na]
	at org.apache.ibatis.executor.statement.PreparedStatementHandler.query(PreparedStatementHandler.java:65) ~[mybatis-3.5.16.jar:3.5.16]
	at org.apache.ibatis.executor.statement.RoutingStatementHandler.query(RoutingStatementHandler.java:80) ~[mybatis-3.5.16.jar:3.5.16]
	at org.apache.ibatis.executor.SimpleExecutor.doQuery(SimpleExecutor.java:65) ~[mybatis-3.5.16.jar:3.5.16]
	at org.apache.ibatis.executor.BaseExecutor.queryFromDatabase(BaseExecutor.java:336) ~[mybatis-3.5.16.jar:3.5.16]
	at org.apache.ibatis.executor.BaseExecutor.query(BaseExecutor.java:158) ~[mybatis-3.5.16.jar:3.5.16]
	at org.apache.ibatis.executor.CachingExecutor.query(CachingExecutor.java:110) ~[mybatis-3.5.16.jar:3.5.16]
	at org.apache.ibatis.executor.CachingExecutor.query(CachingExecutor.java:90) ~[mybatis-3.5.16.jar:3.5.16]
	at org.apache.ibatis.session.defaults.DefaultSqlSession.selectList(DefaultSqlSession.java:154) ~[mybatis-3.5.16.jar:3.5.16]
	at org.apache.ibatis.session.defaults.DefaultSqlSession.selectList(DefaultSqlSession.java:147) ~[mybatis-3.5.16.jar:3.5.16]
	at org.apache.ibatis.session.defaults.DefaultSqlSession.selectList(DefaultSqlSession.java:142) ~[mybatis-3.5.16.jar:3.5.16]
	at java.base/jdk.internal.reflect.DirectMethodHandleAccessor.invoke(DirectMethodHandleAccessor.java:103) ~[na:na]
	at java.base/java.lang.reflect.Method.invoke(Method.java:580) ~[na:na]
	at org.mybatis.spring.SqlSessionTemplate$SqlSessionInterceptor.invoke(SqlSessionTemplate.java:425) ~[mybatis-spring-3.0.3.jar:3.0.3]
	at jdk.proxy2/jdk.proxy2.$Proxy69.selectList(Unknown Source) ~[na:na]
	at org.mybatis.spring.SqlSessionTemplate.selectList(SqlSessionTemplate.java:224) ~[mybatis-spring-3.0.3.jar:3.0.3]
	at com.baomidou.mybatisplus.core.override.MybatisMapperMethod.executeForMany(MybatisMapperMethod.java:164) ~[mybatis-plus-core-3.5.7.jar:3.5.7]
	at com.baomidou.mybatisplus.core.override.MybatisMapperMethod.execute(MybatisMapperMethod.java:77) ~[mybatis-plus-core-3.5.7.jar:3.5.7]
	at com.baomidou.mybatisplus.core.override.MybatisMapperProxy$PlainMethodInvoker.invoke(MybatisMapperProxy.java:152) ~[mybatis-plus-core-3.5.7.jar:3.5.7]
	at com.baomidou.mybatisplus.core.override.MybatisMapperProxy.invoke(MybatisMapperProxy.java:89) ~[mybatis-plus-core-3.5.7.jar:3.5.7]
	at jdk.proxy2/jdk.proxy2.$Proxy70.getChatUsersWithFullDetails(Unknown Source) ~[na:na]
	at com.sky.skybackend.service.ServiceImpl.ChatServiceImpl.getChatUserList(ChatServiceImpl.java:34) ~[classes/:na]
	at java.base/jdk.internal.reflect.DirectMethodHandleAccessor.invoke(DirectMethodHandleAccessor.java:103) ~[na:na]
	at java.base/java.lang.reflect.Method.invoke(Method.java:580) ~[na:na]
	at org.springframework.aop.support.AopUtils.invokeJoinpointUsingReflection(AopUtils.java:360) ~[spring-aop-6.2.9.jar:6.2.9]
	at org.springframework.aop.framework.CglibAopProxy$DynamicAdvisedInterceptor.intercept(CglibAopProxy.java:724) ~[spring-aop-6.2.9.jar:6.2.9]
	at com.sky.skybackend.service.ServiceImpl.ChatServiceImpl$$SpringCGLIB$$0.getChatUserList(<generated>) ~[classes/:na]
	at com.sky.skybackend.controller.ChatController.getChatUserList(ChatController.java:18) ~[classes/:na]
	at java.base/jdk.internal.reflect.DirectMethodHandleAccessor.invoke(DirectMethodHandleAccessor.java:103) ~[na:na]
	at java.base/java.lang.reflect.Method.invoke(Method.java:580) ~[na:na]
	at org.springframework.web.method.support.InvocableHandlerMethod.doInvoke(InvocableHandlerMethod.java:258) ~[spring-web-6.2.9.jar:6.2.9]
	at org.springframework.web.method.support.InvocableHandlerMethod.invokeForRequest(InvocableHandlerMethod.java:191) ~[spring-web-6.2.9.jar:6.2.9]
	at org.springframework.web.servlet.mvc.method.annotation.ServletInvocableHandlerMethod.invokeAndHandle(ServletInvocableHandlerMethod.java:118) ~[spring-webmvc-6.2.9.jar:6.2.9]
	at org.springframework.web.servlet.mvc.method.annotation.RequestMappingHandlerAdapter.invokeHandlerMethod(RequestMappingHandlerAdapter.java:991) ~[spring-webmvc-6.2.9.jar:6.2.9]
	at org.springframework.web.servlet.mvc.method.annotation.RequestMappingHandlerAdapter.handleInternal(RequestMappingHandlerAdapter.java:896) ~[spring-webmvc-6.2.9.jar:6.2.9]
	at org.springframework.web.servlet.mvc.method.AbstractHandlerMethodAdapter.handle(AbstractHandlerMethodAdapter.java:87) ~[spring-webmvc-6.2.9.jar:6.2.9]
	at org.springframework.web.servlet.DispatcherServlet.doDispatch(DispatcherServlet.java:1089) ~[spring-webmvc-6.2.9.jar:6.2.9]
	at org.springframework.web.servlet.DispatcherServlet.doService(DispatcherServlet.java:979) ~[spring-webmvc-6.2.9.jar:6.2.9]
	at org.springframework.web.servlet.FrameworkServlet.processRequest(FrameworkServlet.java:1014) ~[spring-webmvc-6.2.9.jar:6.2.9]
	at org.springframework.web.servlet.FrameworkServlet.doGet(FrameworkServlet.java:903) ~[spring-webmvc-6.2.9.jar:6.2.9]
	at jakarta.servlet.http.HttpServlet.service(HttpServlet.java:564) ~[tomcat-embed-core-10.1.43.jar:6.0]
	at org.springframework.web.servlet.FrameworkServlet.service(FrameworkServlet.java:885) ~[spring-webmvc-6.2.9.jar:6.2.9]
	at jakarta.servlet.http.HttpServlet.service(HttpServlet.java:658) ~[tomcat-embed-core-10.1.43.jar:6.0]
	at org.apache.catalina.core.ApplicationFilterChain.internalDoFilter(ApplicationFilterChain.java:195) ~[tomcat-embed-core-10.1.43.jar:10.1.43]
	at org.apache.catalina.core.ApplicationFilterChain.doFilter(ApplicationFilterChain.java:140) ~[tomcat-embed-core-10.1.43.jar:10.1.43]
	at org.apache.tomcat.websocket.server.WsFilter.doFilter(WsFilter.java:51) ~[tomcat-embed-websocket-10.1.43.jar:10.1.43]
	at org.apache.catalina.core.ApplicationFilterChain.internalDoFilter(ApplicationFilterChain.java:164) ~[tomcat-embed-core-10.1.43.jar:10.1.43]
	at org.apache.catalina.core.ApplicationFilterChain.doFilter(ApplicationFilterChain.java:140) ~[tomcat-embed-core-10.1.43.jar:10.1.43]
	at org.springframework.web.filter.RequestContextFilter.doFilterInternal(RequestContextFilter.java:100) ~[spring-web-6.2.9.jar:6.2.9]
	at org.springframework.web.filter.OncePerRequestFilter.doFilter(OncePerRequestFilter.java:116) ~[spring-web-6.2.9.jar:6.2.9]
	at org.apache.catalina.core.ApplicationFilterChain.internalDoFilter(ApplicationFilterChain.java:164) ~[tomcat-embed-core-10.1.43.jar:10.1.43]
	at org.apache.catalina.core.ApplicationFilterChain.doFilter(ApplicationFilterChain.java:140) ~[tomcat-embed-core-10.1.43.jar:10.1.43]
	at org.springframework.web.filter.FormContentFilter.doFilterInternal(FormContentFilter.java:93) ~[spring-web-6.2.9.jar:6.2.9]
	at org.springframework.web.filter.OncePerRequestFilter.doFilter(OncePerRequestFilter.java:116) ~[spring-web-6.2.9.jar:6.2.9]
	at org.apache.catalina.core.ApplicationFilterChain.internalDoFilter(ApplicationFilterChain.java:164) ~[tomcat-embed-core-10.1.43.jar:10.1.43]
	at org.apache.catalina.core.ApplicationFilterChain.doFilter(ApplicationFilterChain.java:140) ~[tomcat-embed-core-10.1.43.jar:10.1.43]
	at org.springframework.web.filter.CharacterEncodingFilter.doFilterInternal(CharacterEncodingFilter.java:201) ~[spring-web-6.2.9.jar:6.2.9]
	at org.springframework.web.filter.OncePerRequestFilter.doFilter(OncePerRequestFilter.java:116) ~[spring-web-6.2.9.jar:6.2.9]
	at org.apache.catalina.core.ApplicationFilterChain.internalDoFilter(ApplicationFilterChain.java:164) ~[tomcat-embed-core-10.1.43.jar:10.1.43]
	at org.apache.catalina.core.ApplicationFilterChain.doFilter(ApplicationFilterChain.java:140) ~[tomcat-embed-core-10.1.43.jar:10.1.43]
	at org.apache.catalina.core.StandardWrapperValve.invoke(StandardWrapperValve.java:167) ~[tomcat-embed-core-10.1.43.jar:10.1.43]
	at org.apache.catalina.core.StandardContextValve.invoke(StandardContextValve.java:90) ~[tomcat-embed-core-10.1.43.jar:10.1.43]
	at org.apache.catalina.authenticator.AuthenticatorBase.invoke(AuthenticatorBase.java:483) ~[tomcat-embed-core-10.1.43.jar:10.1.43]
	at org.apache.catalina.core.StandardHostValve.invoke(StandardHostValve.java:116) ~[tomcat-embed-core-10.1.43.jar:10.1.43]
	at org.apache.catalina.valves.ErrorReportValve.invoke(ErrorReportValve.java:93) ~[tomcat-embed-core-10.1.43.jar:10.1.43]
	at org.apache.catalina.core.StandardEngineValve.invoke(StandardEngineValve.java:74) ~[tomcat-embed-core-10.1.43.jar:10.1.43]
	at org.apache.catalina.connector.CoyoteAdapter.service(CoyoteAdapter.java:344) ~[tomcat-embed-core-10.1.43.jar:10.1.43]
	at org.apache.coyote.http11.Http11Processor.service(Http11Processor.java:398) ~[tomcat-embed-core-10.1.43.jar:10.1.43]
	at org.apache.coyote.AbstractProcessorLight.process(AbstractProcessorLight.java:63) ~[tomcat-embed-core-10.1.43.jar:10.1.43]
	at org.apache.coyote.AbstractProtocol$ConnectionHandler.process(AbstractProtocol.java:903) ~[tomcat-embed-core-10.1.43.jar:10.1.43]
	at org.apache.tomcat.util.net.NioEndpoint$SocketProcessor.doRun(NioEndpoint.java:1769) ~[tomcat-embed-core-10.1.43.jar:10.1.43]
	at org.apache.tomcat.util.net.SocketProcessorBase.run(SocketProcessorBase.java:52) ~[tomcat-embed-core-10.1.43.jar:10.1.43]
	at org.apache.tomcat.util.threads.ThreadPoolExecutor.runWorker(ThreadPoolExecutor.java:1189) ~[tomcat-embed-core-10.1.43.jar:10.1.43]
	at org.apache.tomcat.util.threads.ThreadPoolExecutor$Worker.run(ThreadPoolExecutor.java:658) ~[tomcat-embed-core-10.1.43.jar:10.1.43]
	at org.apache.tomcat.util.threads.TaskThread$WrappingRunnable.run(TaskThread.java:63) ~[tomcat-embed-core-10.1.43.jar:10.1.43]
	at java.base/java.lang.Thread.run(Thread.java:1583) ~[na:na]

2025-08-16T12:37:47.467+08:00  INFO 19580 --- [skyBackend] [SpringApplicationShutdownHook] o.s.b.w.e.tomcat.GracefulShutdown        : Commencing graceful shutdown. Waiting for active requests to complete
2025-08-16T12:37:47.476+08:00  INFO 19580 --- [skyBackend] [tomcat-shutdown] o.s.b.w.e.tomcat.GracefulShutdown        : Graceful shutdown complete
2025-08-16T12:37:47.488+08:00  INFO 19580 --- [skyBackend] [SpringApplicationShutdownHook] com.zaxxer.hikari.HikariDataSource       : HikariPool-1 - Shutdown initiated...
2025-08-16T12:37:47.493+08:00  INFO 19580 --- [skyBackend] [SpringApplicationShutdownHook] com.zaxxer.hikari.HikariDataSource       : HikariPool-1 - Shutdown completed.
2025-08-16T12:38:04.737+08:00  INFO 21172 --- [skyBackend] [main] c.sky.skybackend.SkyBackendApplication   : Starting SkyBackendApplication using Java 21.0.4 with PID 21172 (D:\software\GitProject\skyBackend\target\classes started by W71one in D:\software\GitProject\skyBackend)
2025-08-16T12:38:04.739+08:00  INFO 21172 --- [skyBackend] [main] c.sky.skybackend.SkyBackendApplication   : No active profile set, falling back to 1 default profile: "default"
2025-08-16T12:38:05.399+08:00  INFO 21172 --- [skyBackend] [main] .s.d.r.c.RepositoryConfigurationDelegate : Multiple Spring Data modules found, entering strict repository configuration mode
2025-08-16T12:38:05.402+08:00  INFO 21172 --- [skyBackend] [main] .s.d.r.c.RepositoryConfigurationDelegate : Bootstrapping Spring Data Redis repositories in DEFAULT mode.
2025-08-16T12:38:05.426+08:00  INFO 21172 --- [skyBackend] [main] .s.d.r.c.RepositoryConfigurationDelegate : Finished Spring Data repository scanning in 11 ms. Found 0 Redis repository interfaces.
2025-08-16T12:38:05.889+08:00  INFO 21172 --- [skyBackend] [main] o.s.b.w.embedded.tomcat.TomcatWebServer  : Tomcat initialized with port 8081 (http)
2025-08-16T12:38:05.902+08:00  INFO 21172 --- [skyBackend] [main] o.apache.catalina.core.StandardService   : Starting service [Tomcat]
2025-08-16T12:38:05.902+08:00  INFO 21172 --- [skyBackend] [main] o.apache.catalina.core.StandardEngine    : Starting Servlet engine: [Apache Tomcat/10.1.43]
2025-08-16T12:38:05.958+08:00  INFO 21172 --- [skyBackend] [main] o.a.c.c.C.[Tomcat].[localhost].[/]       : Initializing Spring embedded WebApplicationContext
2025-08-16T12:38:05.959+08:00  INFO 21172 --- [skyBackend] [main] w.s.c.ServletWebServerApplicationContext : Root WebApplicationContext: initialization completed in 1189 ms
2025-08-16T12:38:06.937+08:00  INFO 21172 --- [skyBackend] [main] com.sky.skybackend.config.RedisConfig    : RedisTemplate配置完成
2025-08-16T12:38:07.506+08:00  INFO 21172 --- [skyBackend] [main] o.s.b.w.embedded.tomcat.TomcatWebServer  : Tomcat started on port 8081 (http) with context path '/'
2025-08-16T12:38:07.515+08:00  INFO 21172 --- [skyBackend] [main] c.sky.skybackend.SkyBackendApplication   : Started SkyBackendApplication in 3.181 seconds (process running for 3.967)
2025-08-16T12:38:12.203+08:00  INFO 21172 --- [skyBackend] [http-nio-8081-exec-1] o.a.c.c.C.[Tomcat].[localhost].[/]       : Initializing Spring DispatcherServlet 'dispatcherServlet'
2025-08-16T12:38:12.203+08:00  INFO 21172 --- [skyBackend] [http-nio-8081-exec-1] o.s.web.servlet.DispatcherServlet        : Initializing Servlet 'dispatcherServlet'
2025-08-16T12:38:12.204+08:00  INFO 21172 --- [skyBackend] [http-nio-8081-exec-1] o.s.web.servlet.DispatcherServlet        : Completed initialization in 1 ms
2025-08-16T12:38:17.145+08:00  INFO 21172 --- [skyBackend] [http-nio-8081-exec-1] com.zaxxer.hikari.HikariDataSource       : HikariPool-1 - Starting...
2025-08-16T12:38:19.291+08:00  INFO 21172 --- [skyBackend] [http-nio-8081-exec-1] com.zaxxer.hikari.pool.HikariPool        : HikariPool-1 - Added connection com.mysql.cj.jdbc.ConnectionImpl@79d61cd8
2025-08-16T12:38:19.297+08:00  INFO 21172 --- [skyBackend] [http-nio-8081-exec-1] com.zaxxer.hikari.HikariDataSource       : HikariPool-1 - Start completed.
2025-08-16T12:38:59.283+08:00 ERROR 21172 --- [skyBackend] [http-nio-8081-exec-1] o.a.c.c.C.[.[.[/].[dispatcherServlet]    : Servlet.service() for servlet [dispatcherServlet] in context with path [] threw exception [Request processing failed: org.springframework.jdbc.BadSqlGrammarException: 
### Error querying database.  Cause: java.sql.SQLSyntaxErrorException: You have an error in your SQL syntax; check the manual that corresponds to your MySQL server version for the right syntax to use near 'LEFT JOIN (
        SELECT
        `from` AS chat_partner_id,
        COUNT(id) ' at line 17
### The error may exist in com/sky/skybackend/mapper/ChatMapper.xml
### The error may involve defaultParameterMap
### The error occurred while setting parameters
### SQL: SELECT         u.id,         u.nick_name AS nickName,         u.avatar,         COALESCE(uc.unread_count, 0) AS unreadCount,         lm.content,         lm.create_time AS createTime         FROM         `user` u         WHERE         u.id IN          (               ?          ,              ?          )          LEFT JOIN (         SELECT         `from` AS chat_partner_id,         COUNT(id) AS unread_count         FROM         WHERE         `to` = ? AND is_read = 0         GROUP BY         `from`         ) uc ON u.id = uc.chat_partner_id         LEFT JOIN (         SELECT         m.content,         m.create_time,         CASE         WHEN m.`from` = ? THEN m.`to`         ELSE m.`from`         END AS chat_partner_id         FROM (         SELECT         id, `from`, `to`, content, create_time,         ROW_NUMBER() OVER (         PARTITION BY CASE WHEN `from` = ? THEN `to` ELSE `from` END         ORDER BY create_time DESC, id DESC         ) as rn         FROM         WHERE         `from` = ? OR `to` = ?         ) m         WHERE m.rn = 1         ) lm ON u.id = lm.chat_partner_id         ORDER BY         lm.create_time DESC, u.id DESC;
### Cause: java.sql.SQLSyntaxErrorException: You have an error in your SQL syntax; check the manual that corresponds to your MySQL server version for the right syntax to use near 'LEFT JOIN (
        SELECT
        `from` AS chat_partner_id,
        COUNT(id) ' at line 17
; bad SQL grammar []] with root cause

java.sql.SQLSyntaxErrorException: You have an error in your SQL syntax; check the manual that corresponds to your MySQL server version for the right syntax to use near 'LEFT JOIN (
        SELECT
        `from` AS chat_partner_id,
        COUNT(id) ' at line 17
	at com.mysql.cj.jdbc.exceptions.SQLError.createSQLException(SQLError.java:112) ~[mysql-connector-j-9.3.0.jar:9.3.0]
	at com.mysql.cj.jdbc.exceptions.SQLExceptionsMapping.translateException(SQLExceptionsMapping.java:114) ~[mysql-connector-j-9.3.0.jar:9.3.0]
	at com.mysql.cj.jdbc.ClientPreparedStatement.executeInternal(ClientPreparedStatement.java:990) ~[mysql-connector-j-9.3.0.jar:9.3.0]
	at com.mysql.cj.jdbc.ClientPreparedStatement.execute(ClientPreparedStatement.java:384) ~[mysql-connector-j-9.3.0.jar:9.3.0]
	at com.zaxxer.hikari.pool.ProxyPreparedStatement.execute(ProxyPreparedStatement.java:44) ~[HikariCP-6.3.1.jar:na]
	at com.zaxxer.hikari.pool.HikariProxyPreparedStatement.execute(HikariProxyPreparedStatement.java) ~[HikariCP-6.3.1.jar:na]
	at org.apache.ibatis.executor.statement.PreparedStatementHandler.query(PreparedStatementHandler.java:65) ~[mybatis-3.5.16.jar:3.5.16]
	at org.apache.ibatis.executor.statement.RoutingStatementHandler.query(RoutingStatementHandler.java:80) ~[mybatis-3.5.16.jar:3.5.16]
	at org.apache.ibatis.executor.SimpleExecutor.doQuery(SimpleExecutor.java:65) ~[mybatis-3.5.16.jar:3.5.16]
	at org.apache.ibatis.executor.BaseExecutor.queryFromDatabase(BaseExecutor.java:336) ~[mybatis-3.5.16.jar:3.5.16]
	at org.apache.ibatis.executor.BaseExecutor.query(BaseExecutor.java:158) ~[mybatis-3.5.16.jar:3.5.16]
	at org.apache.ibatis.executor.CachingExecutor.query(CachingExecutor.java:110) ~[mybatis-3.5.16.jar:3.5.16]
	at org.apache.ibatis.executor.CachingExecutor.query(CachingExecutor.java:90) ~[mybatis-3.5.16.jar:3.5.16]
	at org.apache.ibatis.session.defaults.DefaultSqlSession.selectList(DefaultSqlSession.java:154) ~[mybatis-3.5.16.jar:3.5.16]
	at org.apache.ibatis.session.defaults.DefaultSqlSession.selectList(DefaultSqlSession.java:147) ~[mybatis-3.5.16.jar:3.5.16]
	at org.apache.ibatis.session.defaults.DefaultSqlSession.selectList(DefaultSqlSession.java:142) ~[mybatis-3.5.16.jar:3.5.16]
	at java.base/jdk.internal.reflect.DirectMethodHandleAccessor.invoke(DirectMethodHandleAccessor.java:103) ~[na:na]
	at java.base/java.lang.reflect.Method.invoke(Method.java:580) ~[na:na]
	at org.mybatis.spring.SqlSessionTemplate$SqlSessionInterceptor.invoke(SqlSessionTemplate.java:425) ~[mybatis-spring-3.0.3.jar:3.0.3]
	at jdk.proxy2/jdk.proxy2.$Proxy69.selectList(Unknown Source) ~[na:na]
	at org.mybatis.spring.SqlSessionTemplate.selectList(SqlSessionTemplate.java:224) ~[mybatis-spring-3.0.3.jar:3.0.3]
	at com.baomidou.mybatisplus.core.override.MybatisMapperMethod.executeForMany(MybatisMapperMethod.java:164) ~[mybatis-plus-core-3.5.7.jar:3.5.7]
	at com.baomidou.mybatisplus.core.override.MybatisMapperMethod.execute(MybatisMapperMethod.java:77) ~[mybatis-plus-core-3.5.7.jar:3.5.7]
	at com.baomidou.mybatisplus.core.override.MybatisMapperProxy$PlainMethodInvoker.invoke(MybatisMapperProxy.java:152) ~[mybatis-plus-core-3.5.7.jar:3.5.7]
	at com.baomidou.mybatisplus.core.override.MybatisMapperProxy.invoke(MybatisMapperProxy.java:89) ~[mybatis-plus-core-3.5.7.jar:3.5.7]
	at jdk.proxy2/jdk.proxy2.$Proxy70.getChatUsersWithFullDetails(Unknown Source) ~[na:na]
	at com.sky.skybackend.service.ServiceImpl.ChatServiceImpl.getChatUserList(ChatServiceImpl.java:34) ~[classes/:na]
	at java.base/jdk.internal.reflect.DirectMethodHandleAccessor.invoke(DirectMethodHandleAccessor.java:103) ~[na:na]
	at java.base/java.lang.reflect.Method.invoke(Method.java:580) ~[na:na]
	at org.springframework.aop.support.AopUtils.invokeJoinpointUsingReflection(AopUtils.java:360) ~[spring-aop-6.2.9.jar:6.2.9]
	at org.springframework.aop.framework.CglibAopProxy$DynamicAdvisedInterceptor.intercept(CglibAopProxy.java:724) ~[spring-aop-6.2.9.jar:6.2.9]
	at com.sky.skybackend.service.ServiceImpl.ChatServiceImpl$$SpringCGLIB$$0.getChatUserList(<generated>) ~[classes/:na]
	at com.sky.skybackend.controller.ChatController.getChatUserList(ChatController.java:18) ~[classes/:na]
	at java.base/jdk.internal.reflect.DirectMethodHandleAccessor.invoke(DirectMethodHandleAccessor.java:103) ~[na:na]
	at java.base/java.lang.reflect.Method.invoke(Method.java:580) ~[na:na]
	at org.springframework.web.method.support.InvocableHandlerMethod.doInvoke(InvocableHandlerMethod.java:258) ~[spring-web-6.2.9.jar:6.2.9]
	at org.springframework.web.method.support.InvocableHandlerMethod.invokeForRequest(InvocableHandlerMethod.java:191) ~[spring-web-6.2.9.jar:6.2.9]
	at org.springframework.web.servlet.mvc.method.annotation.ServletInvocableHandlerMethod.invokeAndHandle(ServletInvocableHandlerMethod.java:118) ~[spring-webmvc-6.2.9.jar:6.2.9]
	at org.springframework.web.servlet.mvc.method.annotation.RequestMappingHandlerAdapter.invokeHandlerMethod(RequestMappingHandlerAdapter.java:991) ~[spring-webmvc-6.2.9.jar:6.2.9]
	at org.springframework.web.servlet.mvc.method.annotation.RequestMappingHandlerAdapter.handleInternal(RequestMappingHandlerAdapter.java:896) ~[spring-webmvc-6.2.9.jar:6.2.9]
	at org.springframework.web.servlet.mvc.method.AbstractHandlerMethodAdapter.handle(AbstractHandlerMethodAdapter.java:87) ~[spring-webmvc-6.2.9.jar:6.2.9]
	at org.springframework.web.servlet.DispatcherServlet.doDispatch(DispatcherServlet.java:1089) ~[spring-webmvc-6.2.9.jar:6.2.9]
	at org.springframework.web.servlet.DispatcherServlet.doService(DispatcherServlet.java:979) ~[spring-webmvc-6.2.9.jar:6.2.9]
	at org.springframework.web.servlet.FrameworkServlet.processRequest(FrameworkServlet.java:1014) ~[spring-webmvc-6.2.9.jar:6.2.9]
	at org.springframework.web.servlet.FrameworkServlet.doGet(FrameworkServlet.java:903) ~[spring-webmvc-6.2.9.jar:6.2.9]
	at jakarta.servlet.http.HttpServlet.service(HttpServlet.java:564) ~[tomcat-embed-core-10.1.43.jar:6.0]
	at org.springframework.web.servlet.FrameworkServlet.service(FrameworkServlet.java:885) ~[spring-webmvc-6.2.9.jar:6.2.9]
	at jakarta.servlet.http.HttpServlet.service(HttpServlet.java:658) ~[tomcat-embed-core-10.1.43.jar:6.0]
	at org.apache.catalina.core.ApplicationFilterChain.internalDoFilter(ApplicationFilterChain.java:195) ~[tomcat-embed-core-10.1.43.jar:10.1.43]
	at org.apache.catalina.core.ApplicationFilterChain.doFilter(ApplicationFilterChain.java:140) ~[tomcat-embed-core-10.1.43.jar:10.1.43]
	at org.apache.tomcat.websocket.server.WsFilter.doFilter(WsFilter.java:51) ~[tomcat-embed-websocket-10.1.43.jar:10.1.43]
	at org.apache.catalina.core.ApplicationFilterChain.internalDoFilter(ApplicationFilterChain.java:164) ~[tomcat-embed-core-10.1.43.jar:10.1.43]
	at org.apache.catalina.core.ApplicationFilterChain.doFilter(ApplicationFilterChain.java:140) ~[tomcat-embed-core-10.1.43.jar:10.1.43]
	at org.springframework.web.filter.RequestContextFilter.doFilterInternal(RequestContextFilter.java:100) ~[spring-web-6.2.9.jar:6.2.9]
	at org.springframework.web.filter.OncePerRequestFilter.doFilter(OncePerRequestFilter.java:116) ~[spring-web-6.2.9.jar:6.2.9]
	at org.apache.catalina.core.ApplicationFilterChain.internalDoFilter(ApplicationFilterChain.java:164) ~[tomcat-embed-core-10.1.43.jar:10.1.43]
	at org.apache.catalina.core.ApplicationFilterChain.doFilter(ApplicationFilterChain.java:140) ~[tomcat-embed-core-10.1.43.jar:10.1.43]
	at org.springframework.web.filter.FormContentFilter.doFilterInternal(FormContentFilter.java:93) ~[spring-web-6.2.9.jar:6.2.9]
	at org.springframework.web.filter.OncePerRequestFilter.doFilter(OncePerRequestFilter.java:116) ~[spring-web-6.2.9.jar:6.2.9]
	at org.apache.catalina.core.ApplicationFilterChain.internalDoFilter(ApplicationFilterChain.java:164) ~[tomcat-embed-core-10.1.43.jar:10.1.43]
	at org.apache.catalina.core.ApplicationFilterChain.doFilter(ApplicationFilterChain.java:140) ~[tomcat-embed-core-10.1.43.jar:10.1.43]
	at org.springframework.web.filter.CharacterEncodingFilter.doFilterInternal(CharacterEncodingFilter.java:201) ~[spring-web-6.2.9.jar:6.2.9]
	at org.springframework.web.filter.OncePerRequestFilter.doFilter(OncePerRequestFilter.java:116) ~[spring-web-6.2.9.jar:6.2.9]
	at org.apache.catalina.core.ApplicationFilterChain.internalDoFilter(ApplicationFilterChain.java:164) ~[tomcat-embed-core-10.1.43.jar:10.1.43]
	at org.apache.catalina.core.ApplicationFilterChain.doFilter(ApplicationFilterChain.java:140) ~[tomcat-embed-core-10.1.43.jar:10.1.43]
	at org.apache.catalina.core.StandardWrapperValve.invoke(StandardWrapperValve.java:167) ~[tomcat-embed-core-10.1.43.jar:10.1.43]
	at org.apache.catalina.core.StandardContextValve.invoke(StandardContextValve.java:90) ~[tomcat-embed-core-10.1.43.jar:10.1.43]
	at org.apache.catalina.authenticator.AuthenticatorBase.invoke(AuthenticatorBase.java:483) ~[tomcat-embed-core-10.1.43.jar:10.1.43]
	at org.apache.catalina.core.StandardHostValve.invoke(StandardHostValve.java:116) ~[tomcat-embed-core-10.1.43.jar:10.1.43]
	at org.apache.catalina.valves.ErrorReportValve.invoke(ErrorReportValve.java:93) ~[tomcat-embed-core-10.1.43.jar:10.1.43]
	at org.apache.catalina.core.StandardEngineValve.invoke(StandardEngineValve.java:74) ~[tomcat-embed-core-10.1.43.jar:10.1.43]
	at org.apache.catalina.connector.CoyoteAdapter.service(CoyoteAdapter.java:344) ~[tomcat-embed-core-10.1.43.jar:10.1.43]
	at org.apache.coyote.http11.Http11Processor.service(Http11Processor.java:398) ~[tomcat-embed-core-10.1.43.jar:10.1.43]
	at org.apache.coyote.AbstractProcessorLight.process(AbstractProcessorLight.java:63) ~[tomcat-embed-core-10.1.43.jar:10.1.43]
	at org.apache.coyote.AbstractProtocol$ConnectionHandler.process(AbstractProtocol.java:903) ~[tomcat-embed-core-10.1.43.jar:10.1.43]
	at org.apache.tomcat.util.net.NioEndpoint$SocketProcessor.doRun(NioEndpoint.java:1769) ~[tomcat-embed-core-10.1.43.jar:10.1.43]
	at org.apache.tomcat.util.net.SocketProcessorBase.run(SocketProcessorBase.java:52) ~[tomcat-embed-core-10.1.43.jar:10.1.43]
	at org.apache.tomcat.util.threads.ThreadPoolExecutor.runWorker(ThreadPoolExecutor.java:1189) ~[tomcat-embed-core-10.1.43.jar:10.1.43]
	at org.apache.tomcat.util.threads.ThreadPoolExecutor$Worker.run(ThreadPoolExecutor.java:658) ~[tomcat-embed-core-10.1.43.jar:10.1.43]
	at org.apache.tomcat.util.threads.TaskThread$WrappingRunnable.run(TaskThread.java:63) ~[tomcat-embed-core-10.1.43.jar:10.1.43]
	at java.base/java.lang.Thread.run(Thread.java:1583) ~[na:na]

2025-08-16T12:39:09.880+08:00  INFO 21172 --- [skyBackend] [SpringApplicationShutdownHook] o.s.b.w.e.tomcat.GracefulShutdown        : Commencing graceful shutdown. Waiting for active requests to complete
2025-08-16T12:39:09.889+08:00  INFO 21172 --- [skyBackend] [tomcat-shutdown] o.s.b.w.e.tomcat.GracefulShutdown        : Graceful shutdown complete
2025-08-16T12:39:09.901+08:00  INFO 21172 --- [skyBackend] [SpringApplicationShutdownHook] com.zaxxer.hikari.HikariDataSource       : HikariPool-1 - Shutdown initiated...
2025-08-16T12:39:09.905+08:00  INFO 21172 --- [skyBackend] [SpringApplicationShutdownHook] com.zaxxer.hikari.HikariDataSource       : HikariPool-1 - Shutdown completed.
2025-08-16T12:42:04.046+08:00  INFO 18448 --- [skyBackend] [main] c.sky.skybackend.SkyBackendApplication   : Starting SkyBackendApplication using Java 21.0.4 with PID 18448 (D:\software\GitProject\skyBackend\target\classes started by W71one in D:\software\GitProject\skyBackend)
2025-08-16T12:42:04.047+08:00  INFO 18448 --- [skyBackend] [main] c.sky.skybackend.SkyBackendApplication   : No active profile set, falling back to 1 default profile: "default"
2025-08-16T12:42:04.693+08:00  INFO 18448 --- [skyBackend] [main] .s.d.r.c.RepositoryConfigurationDelegate : Multiple Spring Data modules found, entering strict repository configuration mode
2025-08-16T12:42:04.695+08:00  INFO 18448 --- [skyBackend] [main] .s.d.r.c.RepositoryConfigurationDelegate : Bootstrapping Spring Data Redis repositories in DEFAULT mode.
2025-08-16T12:42:04.721+08:00  INFO 18448 --- [skyBackend] [main] .s.d.r.c.RepositoryConfigurationDelegate : Finished Spring Data repository scanning in 11 ms. Found 0 Redis repository interfaces.
2025-08-16T12:42:05.140+08:00  INFO 18448 --- [skyBackend] [main] o.s.b.w.embedded.tomcat.TomcatWebServer  : Tomcat initialized with port 8081 (http)
2025-08-16T12:42:05.153+08:00  INFO 18448 --- [skyBackend] [main] o.apache.catalina.core.StandardService   : Starting service [Tomcat]
2025-08-16T12:42:05.153+08:00  INFO 18448 --- [skyBackend] [main] o.apache.catalina.core.StandardEngine    : Starting Servlet engine: [Apache Tomcat/10.1.43]
2025-08-16T12:42:05.206+08:00  INFO 18448 --- [skyBackend] [main] o.a.c.c.C.[Tomcat].[localhost].[/]       : Initializing Spring embedded WebApplicationContext
2025-08-16T12:42:05.206+08:00  INFO 18448 --- [skyBackend] [main] w.s.c.ServletWebServerApplicationContext : Root WebApplicationContext: initialization completed in 1130 ms
2025-08-16T12:42:06.123+08:00  INFO 18448 --- [skyBackend] [main] com.sky.skybackend.config.RedisConfig    : RedisTemplate配置完成
2025-08-16T12:42:06.641+08:00  INFO 18448 --- [skyBackend] [main] o.s.b.w.embedded.tomcat.TomcatWebServer  : Tomcat started on port 8081 (http) with context path '/'
2025-08-16T12:42:06.648+08:00  INFO 18448 --- [skyBackend] [main] c.sky.skybackend.SkyBackendApplication   : Started SkyBackendApplication in 2.988 seconds (process running for 3.509)
2025-08-16T12:42:13.493+08:00  INFO 18448 --- [skyBackend] [http-nio-8081-exec-1] o.a.c.c.C.[Tomcat].[localhost].[/]       : Initializing Spring DispatcherServlet 'dispatcherServlet'
2025-08-16T12:42:13.493+08:00  INFO 18448 --- [skyBackend] [http-nio-8081-exec-1] o.s.web.servlet.DispatcherServlet        : Initializing Servlet 'dispatcherServlet'
2025-08-16T12:42:13.494+08:00  INFO 18448 --- [skyBackend] [http-nio-8081-exec-1] o.s.web.servlet.DispatcherServlet        : Completed initialization in 1 ms
2025-08-16T12:42:13.535+08:00  INFO 18448 --- [skyBackend] [http-nio-8081-exec-1] com.zaxxer.hikari.HikariDataSource       : HikariPool-1 - Starting...
2025-08-16T12:42:13.746+08:00  INFO 18448 --- [skyBackend] [http-nio-8081-exec-1] com.zaxxer.hikari.pool.HikariPool        : HikariPool-1 - Added connection com.mysql.cj.jdbc.ConnectionImpl@32ec76b3
2025-08-16T12:42:13.748+08:00  INFO 18448 --- [skyBackend] [http-nio-8081-exec-1] com.zaxxer.hikari.HikariDataSource       : HikariPool-1 - Start completed.
2025-08-16T12:42:14.267+08:00 ERROR 18448 --- [skyBackend] [http-nio-8081-exec-1] o.a.c.c.C.[.[.[/].[dispatcherServlet]    : Servlet.service() for servlet [dispatcherServlet] in context with path [] threw exception [Request processing failed: org.springframework.jdbc.BadSqlGrammarException: 
### Error querying database.  Cause: java.sql.SQLSyntaxErrorException: You have an error in your SQL syntax; check the manual that corresponds to your MySQL server version for the right syntax to use near 'LEFT JOIN (
        SELECT
        `from` AS chat_partner_id,
        COUNT(id) ' at line 17
### The error may exist in com/sky/skybackend/mapper/ChatMapper.xml
### The error may involve defaultParameterMap
### The error occurred while setting parameters
### SQL: SELECT         u.id,         u.nick_name AS nickName,         u.avatar,         COALESCE(uc.unread_count, 0) AS unreadCount,         lm.content,         lm.create_time AS createTime         FROM         `user` u         WHERE         u.id IN          (               ?          ,              ?          )          LEFT JOIN (         SELECT         `from` AS chat_partner_id,         COUNT(id) AS unread_count         FROM         message         WHERE         `to` = ? AND is_read = 0         GROUP BY         `from`         ) uc ON u.id = uc.chat_partner_id         LEFT JOIN (         SELECT         m.content,         m.create_time,         CASE         WHEN m.`from` = ? THEN m.`to`         ELSE m.`from`         END AS chat_partner_id         FROM (         SELECT         id, `from`, `to`, content, create_time,         ROW_NUMBER() OVER (         PARTITION BY CASE WHEN `from` = ? THEN `to` ELSE `from` END         ORDER BY create_time DESC, id DESC         ) as rn         FROM         message         WHERE         `from` = ? OR `to` = ?         ) m         WHERE m.rn = 1         ) lm ON u.id = lm.chat_partner_id         ORDER BY         lm.create_time DESC, u.id DESC;
### Cause: java.sql.SQLSyntaxErrorException: You have an error in your SQL syntax; check the manual that corresponds to your MySQL server version for the right syntax to use near 'LEFT JOIN (
        SELECT
        `from` AS chat_partner_id,
        COUNT(id) ' at line 17
; bad SQL grammar []] with root cause

java.sql.SQLSyntaxErrorException: You have an error in your SQL syntax; check the manual that corresponds to your MySQL server version for the right syntax to use near 'LEFT JOIN (
        SELECT
        `from` AS chat_partner_id,
        COUNT(id) ' at line 17
	at com.mysql.cj.jdbc.exceptions.SQLError.createSQLException(SQLError.java:112) ~[mysql-connector-j-9.3.0.jar:9.3.0]
	at com.mysql.cj.jdbc.exceptions.SQLExceptionsMapping.translateException(SQLExceptionsMapping.java:114) ~[mysql-connector-j-9.3.0.jar:9.3.0]
	at com.mysql.cj.jdbc.ClientPreparedStatement.executeInternal(ClientPreparedStatement.java:990) ~[mysql-connector-j-9.3.0.jar:9.3.0]
	at com.mysql.cj.jdbc.ClientPreparedStatement.execute(ClientPreparedStatement.java:384) ~[mysql-connector-j-9.3.0.jar:9.3.0]
	at com.zaxxer.hikari.pool.ProxyPreparedStatement.execute(ProxyPreparedStatement.java:44) ~[HikariCP-6.3.1.jar:na]
	at com.zaxxer.hikari.pool.HikariProxyPreparedStatement.execute(HikariProxyPreparedStatement.java) ~[HikariCP-6.3.1.jar:na]
	at org.apache.ibatis.executor.statement.PreparedStatementHandler.query(PreparedStatementHandler.java:65) ~[mybatis-3.5.16.jar:3.5.16]
	at org.apache.ibatis.executor.statement.RoutingStatementHandler.query(RoutingStatementHandler.java:80) ~[mybatis-3.5.16.jar:3.5.16]
	at org.apache.ibatis.executor.SimpleExecutor.doQuery(SimpleExecutor.java:65) ~[mybatis-3.5.16.jar:3.5.16]
	at org.apache.ibatis.executor.BaseExecutor.queryFromDatabase(BaseExecutor.java:336) ~[mybatis-3.5.16.jar:3.5.16]
	at org.apache.ibatis.executor.BaseExecutor.query(BaseExecutor.java:158) ~[mybatis-3.5.16.jar:3.5.16]
	at org.apache.ibatis.executor.CachingExecutor.query(CachingExecutor.java:110) ~[mybatis-3.5.16.jar:3.5.16]
	at org.apache.ibatis.executor.CachingExecutor.query(CachingExecutor.java:90) ~[mybatis-3.5.16.jar:3.5.16]
	at org.apache.ibatis.session.defaults.DefaultSqlSession.selectList(DefaultSqlSession.java:154) ~[mybatis-3.5.16.jar:3.5.16]
	at org.apache.ibatis.session.defaults.DefaultSqlSession.selectList(DefaultSqlSession.java:147) ~[mybatis-3.5.16.jar:3.5.16]
	at org.apache.ibatis.session.defaults.DefaultSqlSession.selectList(DefaultSqlSession.java:142) ~[mybatis-3.5.16.jar:3.5.16]
	at java.base/jdk.internal.reflect.DirectMethodHandleAccessor.invoke(DirectMethodHandleAccessor.java:103) ~[na:na]
	at java.base/java.lang.reflect.Method.invoke(Method.java:580) ~[na:na]
	at org.mybatis.spring.SqlSessionTemplate$SqlSessionInterceptor.invoke(SqlSessionTemplate.java:425) ~[mybatis-spring-3.0.3.jar:3.0.3]
	at jdk.proxy2/jdk.proxy2.$Proxy69.selectList(Unknown Source) ~[na:na]
	at org.mybatis.spring.SqlSessionTemplate.selectList(SqlSessionTemplate.java:224) ~[mybatis-spring-3.0.3.jar:3.0.3]
	at com.baomidou.mybatisplus.core.override.MybatisMapperMethod.executeForMany(MybatisMapperMethod.java:164) ~[mybatis-plus-core-3.5.7.jar:3.5.7]
	at com.baomidou.mybatisplus.core.override.MybatisMapperMethod.execute(MybatisMapperMethod.java:77) ~[mybatis-plus-core-3.5.7.jar:3.5.7]
	at com.baomidou.mybatisplus.core.override.MybatisMapperProxy$PlainMethodInvoker.invoke(MybatisMapperProxy.java:152) ~[mybatis-plus-core-3.5.7.jar:3.5.7]
	at com.baomidou.mybatisplus.core.override.MybatisMapperProxy.invoke(MybatisMapperProxy.java:89) ~[mybatis-plus-core-3.5.7.jar:3.5.7]
	at jdk.proxy2/jdk.proxy2.$Proxy70.getChatUsersWithFullDetails(Unknown Source) ~[na:na]
	at com.sky.skybackend.service.ServiceImpl.ChatServiceImpl.getChatUserList(ChatServiceImpl.java:34) ~[classes/:na]
	at java.base/jdk.internal.reflect.DirectMethodHandleAccessor.invoke(DirectMethodHandleAccessor.java:103) ~[na:na]
	at java.base/java.lang.reflect.Method.invoke(Method.java:580) ~[na:na]
	at org.springframework.aop.support.AopUtils.invokeJoinpointUsingReflection(AopUtils.java:360) ~[spring-aop-6.2.9.jar:6.2.9]
	at org.springframework.aop.framework.CglibAopProxy$DynamicAdvisedInterceptor.intercept(CglibAopProxy.java:724) ~[spring-aop-6.2.9.jar:6.2.9]
	at com.sky.skybackend.service.ServiceImpl.ChatServiceImpl$$SpringCGLIB$$0.getChatUserList(<generated>) ~[classes/:na]
	at com.sky.skybackend.controller.ChatController.getChatUserList(ChatController.java:18) ~[classes/:na]
	at java.base/jdk.internal.reflect.DirectMethodHandleAccessor.invoke(DirectMethodHandleAccessor.java:103) ~[na:na]
	at java.base/java.lang.reflect.Method.invoke(Method.java:580) ~[na:na]
	at org.springframework.web.method.support.InvocableHandlerMethod.doInvoke(InvocableHandlerMethod.java:258) ~[spring-web-6.2.9.jar:6.2.9]
	at org.springframework.web.method.support.InvocableHandlerMethod.invokeForRequest(InvocableHandlerMethod.java:191) ~[spring-web-6.2.9.jar:6.2.9]
	at org.springframework.web.servlet.mvc.method.annotation.ServletInvocableHandlerMethod.invokeAndHandle(ServletInvocableHandlerMethod.java:118) ~[spring-webmvc-6.2.9.jar:6.2.9]
	at org.springframework.web.servlet.mvc.method.annotation.RequestMappingHandlerAdapter.invokeHandlerMethod(RequestMappingHandlerAdapter.java:991) ~[spring-webmvc-6.2.9.jar:6.2.9]
	at org.springframework.web.servlet.mvc.method.annotation.RequestMappingHandlerAdapter.handleInternal(RequestMappingHandlerAdapter.java:896) ~[spring-webmvc-6.2.9.jar:6.2.9]
	at org.springframework.web.servlet.mvc.method.AbstractHandlerMethodAdapter.handle(AbstractHandlerMethodAdapter.java:87) ~[spring-webmvc-6.2.9.jar:6.2.9]
	at org.springframework.web.servlet.DispatcherServlet.doDispatch(DispatcherServlet.java:1089) ~[spring-webmvc-6.2.9.jar:6.2.9]
	at org.springframework.web.servlet.DispatcherServlet.doService(DispatcherServlet.java:979) ~[spring-webmvc-6.2.9.jar:6.2.9]
	at org.springframework.web.servlet.FrameworkServlet.processRequest(FrameworkServlet.java:1014) ~[spring-webmvc-6.2.9.jar:6.2.9]
	at org.springframework.web.servlet.FrameworkServlet.doGet(FrameworkServlet.java:903) ~[spring-webmvc-6.2.9.jar:6.2.9]
	at jakarta.servlet.http.HttpServlet.service(HttpServlet.java:564) ~[tomcat-embed-core-10.1.43.jar:6.0]
	at org.springframework.web.servlet.FrameworkServlet.service(FrameworkServlet.java:885) ~[spring-webmvc-6.2.9.jar:6.2.9]
	at jakarta.servlet.http.HttpServlet.service(HttpServlet.java:658) ~[tomcat-embed-core-10.1.43.jar:6.0]
	at org.apache.catalina.core.ApplicationFilterChain.internalDoFilter(ApplicationFilterChain.java:195) ~[tomcat-embed-core-10.1.43.jar:10.1.43]
	at org.apache.catalina.core.ApplicationFilterChain.doFilter(ApplicationFilterChain.java:140) ~[tomcat-embed-core-10.1.43.jar:10.1.43]
	at org.apache.tomcat.websocket.server.WsFilter.doFilter(WsFilter.java:51) ~[tomcat-embed-websocket-10.1.43.jar:10.1.43]
	at org.apache.catalina.core.ApplicationFilterChain.internalDoFilter(ApplicationFilterChain.java:164) ~[tomcat-embed-core-10.1.43.jar:10.1.43]
	at org.apache.catalina.core.ApplicationFilterChain.doFilter(ApplicationFilterChain.java:140) ~[tomcat-embed-core-10.1.43.jar:10.1.43]
	at org.springframework.web.filter.RequestContextFilter.doFilterInternal(RequestContextFilter.java:100) ~[spring-web-6.2.9.jar:6.2.9]
	at org.springframework.web.filter.OncePerRequestFilter.doFilter(OncePerRequestFilter.java:116) ~[spring-web-6.2.9.jar:6.2.9]
	at org.apache.catalina.core.ApplicationFilterChain.internalDoFilter(ApplicationFilterChain.java:164) ~[tomcat-embed-core-10.1.43.jar:10.1.43]
	at org.apache.catalina.core.ApplicationFilterChain.doFilter(ApplicationFilterChain.java:140) ~[tomcat-embed-core-10.1.43.jar:10.1.43]
	at org.springframework.web.filter.FormContentFilter.doFilterInternal(FormContentFilter.java:93) ~[spring-web-6.2.9.jar:6.2.9]
	at org.springframework.web.filter.OncePerRequestFilter.doFilter(OncePerRequestFilter.java:116) ~[spring-web-6.2.9.jar:6.2.9]
	at org.apache.catalina.core.ApplicationFilterChain.internalDoFilter(ApplicationFilterChain.java:164) ~[tomcat-embed-core-10.1.43.jar:10.1.43]
	at org.apache.catalina.core.ApplicationFilterChain.doFilter(ApplicationFilterChain.java:140) ~[tomcat-embed-core-10.1.43.jar:10.1.43]
	at org.springframework.web.filter.CharacterEncodingFilter.doFilterInternal(CharacterEncodingFilter.java:201) ~[spring-web-6.2.9.jar:6.2.9]
	at org.springframework.web.filter.OncePerRequestFilter.doFilter(OncePerRequestFilter.java:116) ~[spring-web-6.2.9.jar:6.2.9]
	at org.apache.catalina.core.ApplicationFilterChain.internalDoFilter(ApplicationFilterChain.java:164) ~[tomcat-embed-core-10.1.43.jar:10.1.43]
	at org.apache.catalina.core.ApplicationFilterChain.doFilter(ApplicationFilterChain.java:140) ~[tomcat-embed-core-10.1.43.jar:10.1.43]
	at org.apache.catalina.core.StandardWrapperValve.invoke(StandardWrapperValve.java:167) ~[tomcat-embed-core-10.1.43.jar:10.1.43]
	at org.apache.catalina.core.StandardContextValve.invoke(StandardContextValve.java:90) ~[tomcat-embed-core-10.1.43.jar:10.1.43]
	at org.apache.catalina.authenticator.AuthenticatorBase.invoke(AuthenticatorBase.java:483) ~[tomcat-embed-core-10.1.43.jar:10.1.43]
	at org.apache.catalina.core.StandardHostValve.invoke(StandardHostValve.java:116) ~[tomcat-embed-core-10.1.43.jar:10.1.43]
	at org.apache.catalina.valves.ErrorReportValve.invoke(ErrorReportValve.java:93) ~[tomcat-embed-core-10.1.43.jar:10.1.43]
	at org.apache.catalina.core.StandardEngineValve.invoke(StandardEngineValve.java:74) ~[tomcat-embed-core-10.1.43.jar:10.1.43]
	at org.apache.catalina.connector.CoyoteAdapter.service(CoyoteAdapter.java:344) ~[tomcat-embed-core-10.1.43.jar:10.1.43]
	at org.apache.coyote.http11.Http11Processor.service(Http11Processor.java:398) ~[tomcat-embed-core-10.1.43.jar:10.1.43]
	at org.apache.coyote.AbstractProcessorLight.process(AbstractProcessorLight.java:63) ~[tomcat-embed-core-10.1.43.jar:10.1.43]
	at org.apache.coyote.AbstractProtocol$ConnectionHandler.process(AbstractProtocol.java:903) ~[tomcat-embed-core-10.1.43.jar:10.1.43]
	at org.apache.tomcat.util.net.NioEndpoint$SocketProcessor.doRun(NioEndpoint.java:1769) ~[tomcat-embed-core-10.1.43.jar:10.1.43]
	at org.apache.tomcat.util.net.SocketProcessorBase.run(SocketProcessorBase.java:52) ~[tomcat-embed-core-10.1.43.jar:10.1.43]
	at org.apache.tomcat.util.threads.ThreadPoolExecutor.runWorker(ThreadPoolExecutor.java:1189) ~[tomcat-embed-core-10.1.43.jar:10.1.43]
	at org.apache.tomcat.util.threads.ThreadPoolExecutor$Worker.run(ThreadPoolExecutor.java:658) ~[tomcat-embed-core-10.1.43.jar:10.1.43]
	at org.apache.tomcat.util.threads.TaskThread$WrappingRunnable.run(TaskThread.java:63) ~[tomcat-embed-core-10.1.43.jar:10.1.43]
	at java.base/java.lang.Thread.run(Thread.java:1583) ~[na:na]

2025-08-16T12:52:02.624+08:00  INFO 18448 --- [skyBackend] [SpringApplicationShutdownHook] o.s.b.w.e.tomcat.GracefulShutdown        : Commencing graceful shutdown. Waiting for active requests to complete
2025-08-16T12:52:02.634+08:00  INFO 18448 --- [skyBackend] [tomcat-shutdown] o.s.b.w.e.tomcat.GracefulShutdown        : Graceful shutdown complete
2025-08-16T12:52:02.647+08:00  INFO 18448 --- [skyBackend] [SpringApplicationShutdownHook] com.zaxxer.hikari.HikariDataSource       : HikariPool-1 - Shutdown initiated...
2025-08-16T12:52:02.652+08:00  INFO 18448 --- [skyBackend] [SpringApplicationShutdownHook] com.zaxxer.hikari.HikariDataSource       : HikariPool-1 - Shutdown completed.
2025-08-16T12:52:04.746+08:00  INFO 20700 --- [skyBackend] [main] c.sky.skybackend.SkyBackendApplication   : Starting SkyBackendApplication using Java 21.0.4 with PID 20700 (D:\software\GitProject\skyBackend\target\classes started by W71one in D:\software\GitProject\skyBackend)
2025-08-16T12:52:04.749+08:00  INFO 20700 --- [skyBackend] [main] c.sky.skybackend.SkyBackendApplication   : No active profile set, falling back to 1 default profile: "default"
2025-08-16T12:52:05.380+08:00  INFO 20700 --- [skyBackend] [main] .s.d.r.c.RepositoryConfigurationDelegate : Multiple Spring Data modules found, entering strict repository configuration mode
2025-08-16T12:52:05.383+08:00  INFO 20700 --- [skyBackend] [main] .s.d.r.c.RepositoryConfigurationDelegate : Bootstrapping Spring Data Redis repositories in DEFAULT mode.
2025-08-16T12:52:05.406+08:00  INFO 20700 --- [skyBackend] [main] .s.d.r.c.RepositoryConfigurationDelegate : Finished Spring Data repository scanning in 10 ms. Found 0 Redis repository interfaces.
2025-08-16T12:52:05.822+08:00  INFO 20700 --- [skyBackend] [main] o.s.b.w.embedded.tomcat.TomcatWebServer  : Tomcat initialized with port 8081 (http)
2025-08-16T12:52:05.834+08:00  INFO 20700 --- [skyBackend] [main] o.apache.catalina.core.StandardService   : Starting service [Tomcat]
2025-08-16T12:52:05.835+08:00  INFO 20700 --- [skyBackend] [main] o.apache.catalina.core.StandardEngine    : Starting Servlet engine: [Apache Tomcat/10.1.43]
2025-08-16T12:52:05.880+08:00  INFO 20700 --- [skyBackend] [main] o.a.c.c.C.[Tomcat].[localhost].[/]       : Initializing Spring embedded WebApplicationContext
2025-08-16T12:52:05.881+08:00  INFO 20700 --- [skyBackend] [main] w.s.c.ServletWebServerApplicationContext : Root WebApplicationContext: initialization completed in 1102 ms
2025-08-16T12:52:06.844+08:00  INFO 20700 --- [skyBackend] [main] com.sky.skybackend.config.RedisConfig    : RedisTemplate配置完成
2025-08-16T12:52:07.382+08:00  INFO 20700 --- [skyBackend] [main] o.s.b.w.embedded.tomcat.TomcatWebServer  : Tomcat started on port 8081 (http) with context path '/'
2025-08-16T12:52:07.390+08:00  INFO 20700 --- [skyBackend] [main] c.sky.skybackend.SkyBackendApplication   : Started SkyBackendApplication in 3.038 seconds (process running for 3.582)
2025-08-16T12:52:29.283+08:00  INFO 20700 --- [skyBackend] [http-nio-8081-exec-1] o.a.c.c.C.[Tomcat].[localhost].[/]       : Initializing Spring DispatcherServlet 'dispatcherServlet'
2025-08-16T12:52:29.283+08:00  INFO 20700 --- [skyBackend] [http-nio-8081-exec-1] o.s.web.servlet.DispatcherServlet        : Initializing Servlet 'dispatcherServlet'
2025-08-16T12:52:29.284+08:00  INFO 20700 --- [skyBackend] [http-nio-8081-exec-1] o.s.web.servlet.DispatcherServlet        : Completed initialization in 1 ms
2025-08-16T12:52:29.332+08:00  INFO 20700 --- [skyBackend] [http-nio-8081-exec-1] com.zaxxer.hikari.HikariDataSource       : HikariPool-1 - Starting...
2025-08-16T12:52:29.552+08:00  INFO 20700 --- [skyBackend] [http-nio-8081-exec-1] com.zaxxer.hikari.pool.HikariPool        : HikariPool-1 - Added connection com.mysql.cj.jdbc.ConnectionImpl@4106db59
2025-08-16T12:52:29.553+08:00  INFO 20700 --- [skyBackend] [http-nio-8081-exec-1] com.zaxxer.hikari.HikariDataSource       : HikariPool-1 - Start completed.
2025-08-16T13:22:20.477+08:00  INFO 20700 --- [skyBackend] [SpringApplicationShutdownHook] o.s.b.w.e.tomcat.GracefulShutdown        : Commencing graceful shutdown. Waiting for active requests to complete
2025-08-16T13:22:20.487+08:00  INFO 20700 --- [skyBackend] [tomcat-shutdown] o.s.b.w.e.tomcat.GracefulShutdown        : Graceful shutdown complete
2025-08-16T13:22:20.498+08:00  INFO 20700 --- [skyBackend] [SpringApplicationShutdownHook] com.zaxxer.hikari.HikariDataSource       : HikariPool-1 - Shutdown initiated...
2025-08-16T13:22:20.501+08:00  INFO 20700 --- [skyBackend] [SpringApplicationShutdownHook] com.zaxxer.hikari.HikariDataSource       : HikariPool-1 - Shutdown completed.
2025-08-16T13:22:24.361+08:00  INFO 21260 --- [skyBackend] [main] c.sky.skybackend.SkyBackendApplication   : Starting SkyBackendApplication using Java 21.0.4 with PID 21260 (D:\software\GitProject\skyBackend\target\classes started by W71one in D:\software\GitProject\skyBackend)
2025-08-16T13:22:24.363+08:00  INFO 21260 --- [skyBackend] [main] c.sky.skybackend.SkyBackendApplication   : No active profile set, falling back to 1 default profile: "default"
2025-08-16T13:22:24.988+08:00  INFO 21260 --- [skyBackend] [main] .s.d.r.c.RepositoryConfigurationDelegate : Multiple Spring Data modules found, entering strict repository configuration mode
2025-08-16T13:22:24.990+08:00  INFO 21260 --- [skyBackend] [main] .s.d.r.c.RepositoryConfigurationDelegate : Bootstrapping Spring Data Redis repositories in DEFAULT mode.
2025-08-16T13:22:25.015+08:00  INFO 21260 --- [skyBackend] [main] .s.d.r.c.RepositoryConfigurationDelegate : Finished Spring Data repository scanning in 10 ms. Found 0 Redis repository interfaces.
2025-08-16T13:22:25.437+08:00  INFO 21260 --- [skyBackend] [main] o.s.b.w.embedded.tomcat.TomcatWebServer  : Tomcat initialized with port 8081 (http)
2025-08-16T13:22:25.450+08:00  INFO 21260 --- [skyBackend] [main] o.apache.catalina.core.StandardService   : Starting service [Tomcat]
2025-08-16T13:22:25.451+08:00  INFO 21260 --- [skyBackend] [main] o.apache.catalina.core.StandardEngine    : Starting Servlet engine: [Apache Tomcat/10.1.43]
2025-08-16T13:22:25.497+08:00  INFO 21260 --- [skyBackend] [main] o.a.c.c.C.[Tomcat].[localhost].[/]       : Initializing Spring embedded WebApplicationContext
2025-08-16T13:22:25.498+08:00  INFO 21260 --- [skyBackend] [main] w.s.c.ServletWebServerApplicationContext : Root WebApplicationContext: initialization completed in 1106 ms
2025-08-16T13:22:26.406+08:00  INFO 21260 --- [skyBackend] [main] com.sky.skybackend.config.RedisConfig    : RedisTemplate配置完成
2025-08-16T13:22:26.921+08:00  INFO 21260 --- [skyBackend] [main] o.s.b.w.embedded.tomcat.TomcatWebServer  : Tomcat started on port 8081 (http) with context path '/'
2025-08-16T13:22:26.928+08:00  INFO 21260 --- [skyBackend] [main] c.sky.skybackend.SkyBackendApplication   : Started SkyBackendApplication in 2.954 seconds (process running for 3.555)
2025-08-16T13:22:34.632+08:00  INFO 21260 --- [skyBackend] [http-nio-8081-exec-1] o.a.c.c.C.[Tomcat].[localhost].[/]       : Initializing Spring DispatcherServlet 'dispatcherServlet'
2025-08-16T13:22:34.632+08:00  INFO 21260 --- [skyBackend] [http-nio-8081-exec-1] o.s.web.servlet.DispatcherServlet        : Initializing Servlet 'dispatcherServlet'
2025-08-16T13:22:34.633+08:00  INFO 21260 --- [skyBackend] [http-nio-8081-exec-1] o.s.web.servlet.DispatcherServlet        : Completed initialization in 1 ms
2025-08-16T13:22:35.020+08:00  INFO 21260 --- [skyBackend] [http-nio-8081-exec-1] com.zaxxer.hikari.HikariDataSource       : HikariPool-1 - Starting...
2025-08-16T13:22:35.225+08:00  INFO 21260 --- [skyBackend] [http-nio-8081-exec-1] com.zaxxer.hikari.pool.HikariPool        : HikariPool-1 - Added connection com.mysql.cj.jdbc.ConnectionImpl@feb12ee
2025-08-16T13:22:35.227+08:00  INFO 21260 --- [skyBackend] [http-nio-8081-exec-1] com.zaxxer.hikari.HikariDataSource       : HikariPool-1 - Start completed.
2025-08-16T13:24:21.124+08:00  INFO 21260 --- [skyBackend] [SpringApplicationShutdownHook] o.s.b.w.e.tomcat.GracefulShutdown        : Commencing graceful shutdown. Waiting for active requests to complete
2025-08-16T13:24:21.134+08:00  INFO 21260 --- [skyBackend] [tomcat-shutdown] o.s.b.w.e.tomcat.GracefulShutdown        : Graceful shutdown complete
2025-08-16T13:24:21.147+08:00  INFO 21260 --- [skyBackend] [SpringApplicationShutdownHook] com.zaxxer.hikari.HikariDataSource       : HikariPool-1 - Shutdown initiated...
2025-08-16T13:24:21.151+08:00  INFO 21260 --- [skyBackend] [SpringApplicationShutdownHook] com.zaxxer.hikari.HikariDataSource       : HikariPool-1 - Shutdown completed.
2025-08-16T13:24:24.021+08:00  INFO 19848 --- [skyBackend] [main] c.sky.skybackend.SkyBackendApplication   : Starting SkyBackendApplication using Java 21.0.4 with PID 19848 (D:\software\GitProject\skyBackend\target\classes started by W71one in D:\software\GitProject\skyBackend)
2025-08-16T13:24:24.023+08:00  INFO 19848 --- [skyBackend] [main] c.sky.skybackend.SkyBackendApplication   : No active profile set, falling back to 1 default profile: "default"
2025-08-16T13:24:24.701+08:00  INFO 19848 --- [skyBackend] [main] .s.d.r.c.RepositoryConfigurationDelegate : Multiple Spring Data modules found, entering strict repository configuration mode
2025-08-16T13:24:24.703+08:00  INFO 19848 --- [skyBackend] [main] .s.d.r.c.RepositoryConfigurationDelegate : Bootstrapping Spring Data Redis repositories in DEFAULT mode.
2025-08-16T13:24:24.730+08:00  INFO 19848 --- [skyBackend] [main] .s.d.r.c.RepositoryConfigurationDelegate : Finished Spring Data repository scanning in 11 ms. Found 0 Redis repository interfaces.
2025-08-16T13:24:25.188+08:00  INFO 19848 --- [skyBackend] [main] o.s.b.w.embedded.tomcat.TomcatWebServer  : Tomcat initialized with port 8081 (http)
2025-08-16T13:24:25.200+08:00  INFO 19848 --- [skyBackend] [main] o.apache.catalina.core.StandardService   : Starting service [Tomcat]
2025-08-16T13:24:25.201+08:00  INFO 19848 --- [skyBackend] [main] o.apache.catalina.core.StandardEngine    : Starting Servlet engine: [Apache Tomcat/10.1.43]
2025-08-16T13:24:25.252+08:00  INFO 19848 --- [skyBackend] [main] o.a.c.c.C.[Tomcat].[localhost].[/]       : Initializing Spring embedded WebApplicationContext
2025-08-16T13:24:25.253+08:00  INFO 19848 --- [skyBackend] [main] w.s.c.ServletWebServerApplicationContext : Root WebApplicationContext: initialization completed in 1195 ms
2025-08-16T13:24:26.617+08:00  INFO 19848 --- [skyBackend] [main] com.sky.skybackend.config.RedisConfig    : RedisTemplate配置完成
2025-08-16T13:24:27.686+08:00  INFO 19848 --- [skyBackend] [main] o.s.b.w.embedded.tomcat.TomcatWebServer  : Tomcat started on port 8081 (http) with context path '/'
2025-08-16T13:24:27.700+08:00  INFO 19848 --- [skyBackend] [main] c.sky.skybackend.SkyBackendApplication   : Started SkyBackendApplication in 4.095 seconds (process running for 4.971)
2025-08-16T13:24:43.498+08:00  INFO 19848 --- [skyBackend] [http-nio-8081-exec-2] o.a.c.c.C.[Tomcat].[localhost].[/]       : Initializing Spring DispatcherServlet 'dispatcherServlet'
2025-08-16T13:24:43.498+08:00  INFO 19848 --- [skyBackend] [http-nio-8081-exec-2] o.s.web.servlet.DispatcherServlet        : Initializing Servlet 'dispatcherServlet'
2025-08-16T13:24:43.499+08:00  INFO 19848 --- [skyBackend] [http-nio-8081-exec-2] o.s.web.servlet.DispatcherServlet        : Completed initialization in 1 ms
2025-08-16T13:25:04.471+08:00  INFO 19848 --- [skyBackend] [http-nio-8081-exec-2] com.zaxxer.hikari.HikariDataSource       : HikariPool-1 - Starting...
2025-08-16T13:25:04.481+08:00  INFO 19848 --- [skyBackend] [SpringApplicationShutdownHook] o.s.b.w.e.tomcat.GracefulShutdown        : Commencing graceful shutdown. Waiting for active requests to complete
2025-08-16T13:25:04.688+08:00  INFO 19848 --- [skyBackend] [http-nio-8081-exec-2] com.zaxxer.hikari.pool.HikariPool        : HikariPool-1 - Added connection com.mysql.cj.jdbc.ConnectionImpl@512de589
2025-08-16T13:25:04.689+08:00  INFO 19848 --- [skyBackend] [http-nio-8081-exec-2] com.zaxxer.hikari.HikariDataSource       : HikariPool-1 - Start completed.
2025-08-16T13:25:04.796+08:00  INFO 19848 --- [skyBackend] [tomcat-shutdown] o.s.b.w.e.tomcat.GracefulShutdown        : Graceful shutdown complete
2025-08-16T13:25:04.825+08:00  INFO 19848 --- [skyBackend] [SpringApplicationShutdownHook] com.zaxxer.hikari.HikariDataSource       : HikariPool-1 - Shutdown initiated...
2025-08-16T13:25:04.858+08:00  INFO 19848 --- [skyBackend] [SpringApplicationShutdownHook] com.zaxxer.hikari.HikariDataSource       : HikariPool-1 - Shutdown completed.
2025-08-16T13:25:42.320+08:00  INFO 20840 --- [skyBackend] [main] c.sky.skybackend.SkyBackendApplication   : Starting SkyBackendApplication using Java 21.0.4 with PID 20840 (D:\software\GitProject\skyBackend\target\classes started by W71one in D:\software\GitProject\skyBackend)
2025-08-16T13:25:42.322+08:00  INFO 20840 --- [skyBackend] [main] c.sky.skybackend.SkyBackendApplication   : No active profile set, falling back to 1 default profile: "default"
2025-08-16T13:25:42.994+08:00  INFO 20840 --- [skyBackend] [main] .s.d.r.c.RepositoryConfigurationDelegate : Multiple Spring Data modules found, entering strict repository configuration mode
2025-08-16T13:25:42.996+08:00  INFO 20840 --- [skyBackend] [main] .s.d.r.c.RepositoryConfigurationDelegate : Bootstrapping Spring Data Redis repositories in DEFAULT mode.
2025-08-16T13:25:43.022+08:00  INFO 20840 --- [skyBackend] [main] .s.d.r.c.RepositoryConfigurationDelegate : Finished Spring Data repository scanning in 11 ms. Found 0 Redis repository interfaces.
2025-08-16T13:25:43.456+08:00  INFO 20840 --- [skyBackend] [main] o.s.b.w.embedded.tomcat.TomcatWebServer  : Tomcat initialized with port 8081 (http)
2025-08-16T13:25:43.468+08:00  INFO 20840 --- [skyBackend] [main] o.apache.catalina.core.StandardService   : Starting service [Tomcat]
2025-08-16T13:25:43.469+08:00  INFO 20840 --- [skyBackend] [main] o.apache.catalina.core.StandardEngine    : Starting Servlet engine: [Apache Tomcat/10.1.43]
2025-08-16T13:25:43.515+08:00  INFO 20840 --- [skyBackend] [main] o.a.c.c.C.[Tomcat].[localhost].[/]       : Initializing Spring embedded WebApplicationContext
2025-08-16T13:25:43.515+08:00  INFO 20840 --- [skyBackend] [main] w.s.c.ServletWebServerApplicationContext : Root WebApplicationContext: initialization completed in 1165 ms
2025-08-16T13:25:44.431+08:00  INFO 20840 --- [skyBackend] [main] com.sky.skybackend.config.RedisConfig    : RedisTemplate配置完成
2025-08-16T13:25:44.960+08:00  INFO 20840 --- [skyBackend] [main] o.s.b.w.embedded.tomcat.TomcatWebServer  : Tomcat started on port 8081 (http) with context path '/'
2025-08-16T13:25:44.967+08:00  INFO 20840 --- [skyBackend] [main] c.sky.skybackend.SkyBackendApplication   : Started SkyBackendApplication in 3.038 seconds (process running for 3.544)
2025-08-16T13:25:49.087+08:00  INFO 20840 --- [skyBackend] [http-nio-8081-exec-1] o.a.c.c.C.[Tomcat].[localhost].[/]       : Initializing Spring DispatcherServlet 'dispatcherServlet'
2025-08-16T13:25:49.087+08:00  INFO 20840 --- [skyBackend] [http-nio-8081-exec-1] o.s.web.servlet.DispatcherServlet        : Initializing Servlet 'dispatcherServlet'
2025-08-16T13:25:49.088+08:00  INFO 20840 --- [skyBackend] [http-nio-8081-exec-1] o.s.web.servlet.DispatcherServlet        : Completed initialization in 1 ms
2025-08-16T13:25:49.443+08:00  INFO 20840 --- [skyBackend] [http-nio-8081-exec-1] com.zaxxer.hikari.HikariDataSource       : HikariPool-1 - Starting...
2025-08-16T13:25:49.643+08:00  INFO 20840 --- [skyBackend] [http-nio-8081-exec-1] com.zaxxer.hikari.pool.HikariPool        : HikariPool-1 - Added connection com.mysql.cj.jdbc.ConnectionImpl@25262eb6
2025-08-16T13:25:49.645+08:00  INFO 20840 --- [skyBackend] [http-nio-8081-exec-1] com.zaxxer.hikari.HikariDataSource       : HikariPool-1 - Start completed.
2025-08-16T13:25:49.692+08:00  INFO 20840 --- [skyBackend] [http-nio-8081-exec-1] com.sky.skybackend.utils.VideoUtil       : 待处理视频发布者ID集合大小: 1
2025-08-16T13:33:40.211+08:00  INFO 20840 --- [skyBackend] [SpringApplicationShutdownHook] o.s.b.w.e.tomcat.GracefulShutdown        : Commencing graceful shutdown. Waiting for active requests to complete
2025-08-16T13:33:40.221+08:00  INFO 20840 --- [skyBackend] [tomcat-shutdown] o.s.b.w.e.tomcat.GracefulShutdown        : Graceful shutdown complete
2025-08-16T13:33:40.234+08:00  INFO 20840 --- [skyBackend] [SpringApplicationShutdownHook] com.zaxxer.hikari.HikariDataSource       : HikariPool-1 - Shutdown initiated...
2025-08-16T13:33:40.238+08:00  INFO 20840 --- [skyBackend] [SpringApplicationShutdownHook] com.zaxxer.hikari.HikariDataSource       : HikariPool-1 - Shutdown completed.
2025-08-16T13:33:43.543+08:00  INFO 17796 --- [skyBackend] [main] c.sky.skybackend.SkyBackendApplication   : Starting SkyBackendApplication using Java 21.0.4 with PID 17796 (D:\software\GitProject\skyBackend\target\classes started by W71one in D:\software\GitProject\skyBackend)
2025-08-16T13:33:43.545+08:00  INFO 17796 --- [skyBackend] [main] c.sky.skybackend.SkyBackendApplication   : No active profile set, falling back to 1 default profile: "default"
2025-08-16T13:33:44.163+08:00  INFO 17796 --- [skyBackend] [main] .s.d.r.c.RepositoryConfigurationDelegate : Multiple Spring Data modules found, entering strict repository configuration mode
2025-08-16T13:33:44.166+08:00  INFO 17796 --- [skyBackend] [main] .s.d.r.c.RepositoryConfigurationDelegate : Bootstrapping Spring Data Redis repositories in DEFAULT mode.
2025-08-16T13:33:44.188+08:00  INFO 17796 --- [skyBackend] [main] .s.d.r.c.RepositoryConfigurationDelegate : Finished Spring Data repository scanning in 9 ms. Found 0 Redis repository interfaces.
2025-08-16T13:33:44.605+08:00  INFO 17796 --- [skyBackend] [main] o.s.b.w.embedded.tomcat.TomcatWebServer  : Tomcat initialized with port 8081 (http)
2025-08-16T13:33:44.618+08:00  INFO 17796 --- [skyBackend] [main] o.apache.catalina.core.StandardService   : Starting service [Tomcat]
2025-08-16T13:33:44.618+08:00  INFO 17796 --- [skyBackend] [main] o.apache.catalina.core.StandardEngine    : Starting Servlet engine: [Apache Tomcat/10.1.43]
2025-08-16T13:33:44.662+08:00  INFO 17796 --- [skyBackend] [main] o.a.c.c.C.[Tomcat].[localhost].[/]       : Initializing Spring embedded WebApplicationContext
2025-08-16T13:33:44.663+08:00  INFO 17796 --- [skyBackend] [main] w.s.c.ServletWebServerApplicationContext : Root WebApplicationContext: initialization completed in 1087 ms
2025-08-16T13:33:45.598+08:00  INFO 17796 --- [skyBackend] [main] com.sky.skybackend.config.RedisConfig    : RedisTemplate配置完成
2025-08-16T13:33:46.143+08:00  INFO 17796 --- [skyBackend] [main] o.s.b.w.embedded.tomcat.TomcatWebServer  : Tomcat started on port 8081 (http) with context path '/'
2025-08-16T13:33:46.151+08:00  INFO 17796 --- [skyBackend] [main] c.sky.skybackend.SkyBackendApplication   : Started SkyBackendApplication in 2.985 seconds (process running for 3.497)
2025-08-16T13:34:03.162+08:00  INFO 17796 --- [skyBackend] [http-nio-8081-exec-1] o.a.c.c.C.[Tomcat].[localhost].[/]       : Initializing Spring DispatcherServlet 'dispatcherServlet'
2025-08-16T13:34:03.163+08:00  INFO 17796 --- [skyBackend] [http-nio-8081-exec-1] o.s.web.servlet.DispatcherServlet        : Initializing Servlet 'dispatcherServlet'
2025-08-16T13:34:03.164+08:00  INFO 17796 --- [skyBackend] [http-nio-8081-exec-1] o.s.web.servlet.DispatcherServlet        : Completed initialization in 1 ms
2025-08-16T13:34:32.415+08:00  INFO 17796 --- [skyBackend] [SpringApplicationShutdownHook] o.s.b.w.e.tomcat.GracefulShutdown        : Commencing graceful shutdown. Waiting for active requests to complete
2025-08-16T13:34:32.424+08:00  INFO 17796 --- [skyBackend] [tomcat-shutdown] o.s.b.w.e.tomcat.GracefulShutdown        : Graceful shutdown complete
2025-08-16T13:34:35.578+08:00  INFO 20408 --- [skyBackend] [main] c.sky.skybackend.SkyBackendApplication   : Starting SkyBackendApplication using Java 21.0.4 with PID 20408 (D:\software\GitProject\skyBackend\target\classes started by W71one in D:\software\GitProject\skyBackend)
2025-08-16T13:34:35.579+08:00  INFO 20408 --- [skyBackend] [main] c.sky.skybackend.SkyBackendApplication   : No active profile set, falling back to 1 default profile: "default"
2025-08-16T13:34:36.207+08:00  INFO 20408 --- [skyBackend] [main] .s.d.r.c.RepositoryConfigurationDelegate : Multiple Spring Data modules found, entering strict repository configuration mode
2025-08-16T13:34:36.209+08:00  INFO 20408 --- [skyBackend] [main] .s.d.r.c.RepositoryConfigurationDelegate : Bootstrapping Spring Data Redis repositories in DEFAULT mode.
2025-08-16T13:34:36.236+08:00  INFO 20408 --- [skyBackend] [main] .s.d.r.c.RepositoryConfigurationDelegate : Finished Spring Data repository scanning in 12 ms. Found 0 Redis repository interfaces.
2025-08-16T13:34:36.687+08:00  INFO 20408 --- [skyBackend] [main] o.s.b.w.embedded.tomcat.TomcatWebServer  : Tomcat initialized with port 8081 (http)
2025-08-16T13:34:36.700+08:00  INFO 20408 --- [skyBackend] [main] o.apache.catalina.core.StandardService   : Starting service [Tomcat]
2025-08-16T13:34:36.700+08:00  INFO 20408 --- [skyBackend] [main] o.apache.catalina.core.StandardEngine    : Starting Servlet engine: [Apache Tomcat/10.1.43]
2025-08-16T13:34:36.746+08:00  INFO 20408 --- [skyBackend] [main] o.a.c.c.C.[Tomcat].[localhost].[/]       : Initializing Spring embedded WebApplicationContext
2025-08-16T13:34:36.747+08:00  INFO 20408 --- [skyBackend] [main] w.s.c.ServletWebServerApplicationContext : Root WebApplicationContext: initialization completed in 1141 ms
2025-08-16T13:34:37.654+08:00  INFO 20408 --- [skyBackend] [main] com.sky.skybackend.config.RedisConfig    : RedisTemplate配置完成
2025-08-16T13:34:38.182+08:00  INFO 20408 --- [skyBackend] [main] o.s.b.w.embedded.tomcat.TomcatWebServer  : Tomcat started on port 8081 (http) with context path '/'
2025-08-16T13:34:38.189+08:00  INFO 20408 --- [skyBackend] [main] c.sky.skybackend.SkyBackendApplication   : Started SkyBackendApplication in 2.983 seconds (process running for 3.464)
2025-08-16T13:34:42.643+08:00  INFO 20408 --- [skyBackend] [http-nio-8081-exec-1] o.a.c.c.C.[Tomcat].[localhost].[/]       : Initializing Spring DispatcherServlet 'dispatcherServlet'
2025-08-16T13:34:42.644+08:00  INFO 20408 --- [skyBackend] [http-nio-8081-exec-1] o.s.web.servlet.DispatcherServlet        : Initializing Servlet 'dispatcherServlet'
2025-08-16T13:34:42.644+08:00  INFO 20408 --- [skyBackend] [http-nio-8081-exec-1] o.s.web.servlet.DispatcherServlet        : Completed initialization in 0 ms
2025-08-16T13:34:42.685+08:00  INFO 20408 --- [skyBackend] [http-nio-8081-exec-1] com.zaxxer.hikari.HikariDataSource       : HikariPool-1 - Starting...
2025-08-16T13:34:42.897+08:00  INFO 20408 --- [skyBackend] [http-nio-8081-exec-1] com.zaxxer.hikari.pool.HikariPool        : HikariPool-1 - Added connection com.mysql.cj.jdbc.ConnectionImpl@30e005f0
2025-08-16T13:34:42.898+08:00  INFO 20408 --- [skyBackend] [http-nio-8081-exec-1] com.zaxxer.hikari.HikariDataSource       : HikariPool-1 - Start completed.
2025-08-16T13:34:42.930+08:00 ERROR 20408 --- [skyBackend] [http-nio-8081-exec-1] o.a.c.c.C.[.[.[/].[dispatcherServlet]    : Servlet.service() for servlet [dispatcherServlet] in context with path [] threw exception [Request processing failed: org.mybatis.spring.MyBatisSystemException] with root cause

java.lang.NoSuchMethodException: org.apache.logging.log4j.message.Message.<init>()
	at java.base/java.lang.Class.getConstructor0(Class.java:3761) ~[na:na]
	at java.base/java.lang.Class.getDeclaredConstructor(Class.java:2930) ~[na:na]
	at org.apache.ibatis.reflection.factory.DefaultObjectFactory.instantiateClass(DefaultObjectFactory.java:60) ~[mybatis-3.5.16.jar:3.5.16]
	at org.apache.ibatis.reflection.factory.DefaultObjectFactory.create(DefaultObjectFactory.java:53) ~[mybatis-3.5.16.jar:3.5.16]
	at org.apache.ibatis.reflection.factory.DefaultObjectFactory.create(DefaultObjectFactory.java:45) ~[mybatis-3.5.16.jar:3.5.16]
	at org.apache.ibatis.executor.resultset.DefaultResultSetHandler.createResultObject(DefaultResultSetHandler.java:687) ~[mybatis-3.5.16.jar:3.5.16]
	at org.apache.ibatis.executor.resultset.DefaultResultSetHandler.createResultObject(DefaultResultSetHandler.java:659) ~[mybatis-3.5.16.jar:3.5.16]
	at org.apache.ibatis.executor.resultset.DefaultResultSetHandler.getRowValue(DefaultResultSetHandler.java:411) ~[mybatis-3.5.16.jar:3.5.16]
	at org.apache.ibatis.executor.resultset.DefaultResultSetHandler.handleRowValuesForSimpleResultMap(DefaultResultSetHandler.java:366) ~[mybatis-3.5.16.jar:3.5.16]
	at org.apache.ibatis.executor.resultset.DefaultResultSetHandler.handleRowValues(DefaultResultSetHandler.java:337) ~[mybatis-3.5.16.jar:3.5.16]
	at org.apache.ibatis.executor.resultset.DefaultResultSetHandler.handleResultSet(DefaultResultSetHandler.java:310) ~[mybatis-3.5.16.jar:3.5.16]
	at org.apache.ibatis.executor.resultset.DefaultResultSetHandler.handleResultSets(DefaultResultSetHandler.java:202) ~[mybatis-3.5.16.jar:3.5.16]
	at org.apache.ibatis.executor.statement.PreparedStatementHandler.query(PreparedStatementHandler.java:66) ~[mybatis-3.5.16.jar:3.5.16]
	at org.apache.ibatis.executor.statement.RoutingStatementHandler.query(RoutingStatementHandler.java:80) ~[mybatis-3.5.16.jar:3.5.16]
	at org.apache.ibatis.executor.SimpleExecutor.doQuery(SimpleExecutor.java:65) ~[mybatis-3.5.16.jar:3.5.16]
	at org.apache.ibatis.executor.BaseExecutor.queryFromDatabase(BaseExecutor.java:336) ~[mybatis-3.5.16.jar:3.5.16]
	at org.apache.ibatis.executor.BaseExecutor.query(BaseExecutor.java:158) ~[mybatis-3.5.16.jar:3.5.16]
	at org.apache.ibatis.executor.CachingExecutor.query(CachingExecutor.java:110) ~[mybatis-3.5.16.jar:3.5.16]
	at org.apache.ibatis.executor.CachingExecutor.query(CachingExecutor.java:90) ~[mybatis-3.5.16.jar:3.5.16]
	at org.apache.ibatis.session.defaults.DefaultSqlSession.selectList(DefaultSqlSession.java:154) ~[mybatis-3.5.16.jar:3.5.16]
	at org.apache.ibatis.session.defaults.DefaultSqlSession.selectList(DefaultSqlSession.java:147) ~[mybatis-3.5.16.jar:3.5.16]
	at org.apache.ibatis.session.defaults.DefaultSqlSession.selectList(DefaultSqlSession.java:142) ~[mybatis-3.5.16.jar:3.5.16]
	at java.base/jdk.internal.reflect.DirectMethodHandleAccessor.invoke(DirectMethodHandleAccessor.java:103) ~[na:na]
	at java.base/java.lang.reflect.Method.invoke(Method.java:580) ~[na:na]
	at org.mybatis.spring.SqlSessionTemplate$SqlSessionInterceptor.invoke(SqlSessionTemplate.java:425) ~[mybatis-spring-3.0.3.jar:3.0.3]
	at jdk.proxy2/jdk.proxy2.$Proxy69.selectList(Unknown Source) ~[na:na]
	at org.mybatis.spring.SqlSessionTemplate.selectList(SqlSessionTemplate.java:224) ~[mybatis-spring-3.0.3.jar:3.0.3]
	at com.baomidou.mybatisplus.core.override.MybatisMapperMethod.executeForMany(MybatisMapperMethod.java:164) ~[mybatis-plus-core-3.5.7.jar:3.5.7]
	at com.baomidou.mybatisplus.core.override.MybatisMapperMethod.execute(MybatisMapperMethod.java:77) ~[mybatis-plus-core-3.5.7.jar:3.5.7]
	at com.baomidou.mybatisplus.core.override.MybatisMapperProxy$PlainMethodInvoker.invoke(MybatisMapperProxy.java:152) ~[mybatis-plus-core-3.5.7.jar:3.5.7]
	at com.baomidou.mybatisplus.core.override.MybatisMapperProxy.invoke(MybatisMapperProxy.java:89) ~[mybatis-plus-core-3.5.7.jar:3.5.7]
	at jdk.proxy2/jdk.proxy2.$Proxy71.getChatMessageList(Unknown Source) ~[na:na]
	at com.sky.skybackend.service.ServiceImpl.ChatServiceImpl.getChatMessageList(ChatServiceImpl.java:45) ~[classes/:na]
	at java.base/jdk.internal.reflect.DirectMethodHandleAccessor.invoke(DirectMethodHandleAccessor.java:103) ~[na:na]
	at java.base/java.lang.reflect.Method.invoke(Method.java:580) ~[na:na]
	at org.springframework.aop.support.AopUtils.invokeJoinpointUsingReflection(AopUtils.java:360) ~[spring-aop-6.2.9.jar:6.2.9]
	at org.springframework.aop.framework.CglibAopProxy$DynamicAdvisedInterceptor.intercept(CglibAopProxy.java:724) ~[spring-aop-6.2.9.jar:6.2.9]
	at com.sky.skybackend.service.ServiceImpl.ChatServiceImpl$$SpringCGLIB$$0.getChatMessageList(<generated>) ~[classes/:na]
	at com.sky.skybackend.controller.ChatController.getChatMessageList(ChatController.java:19) ~[classes/:na]
	at java.base/jdk.internal.reflect.DirectMethodHandleAccessor.invoke(DirectMethodHandleAccessor.java:103) ~[na:na]
	at java.base/java.lang.reflect.Method.invoke(Method.java:580) ~[na:na]
	at org.springframework.web.method.support.InvocableHandlerMethod.doInvoke(InvocableHandlerMethod.java:258) ~[spring-web-6.2.9.jar:6.2.9]
	at org.springframework.web.method.support.InvocableHandlerMethod.invokeForRequest(InvocableHandlerMethod.java:191) ~[spring-web-6.2.9.jar:6.2.9]
	at org.springframework.web.servlet.mvc.method.annotation.ServletInvocableHandlerMethod.invokeAndHandle(ServletInvocableHandlerMethod.java:118) ~[spring-webmvc-6.2.9.jar:6.2.9]
	at org.springframework.web.servlet.mvc.method.annotation.RequestMappingHandlerAdapter.invokeHandlerMethod(RequestMappingHandlerAdapter.java:991) ~[spring-webmvc-6.2.9.jar:6.2.9]
	at org.springframework.web.servlet.mvc.method.annotation.RequestMappingHandlerAdapter.handleInternal(RequestMappingHandlerAdapter.java:896) ~[spring-webmvc-6.2.9.jar:6.2.9]
	at org.springframework.web.servlet.mvc.method.AbstractHandlerMethodAdapter.handle(AbstractHandlerMethodAdapter.java:87) ~[spring-webmvc-6.2.9.jar:6.2.9]
	at org.springframework.web.servlet.DispatcherServlet.doDispatch(DispatcherServlet.java:1089) ~[spring-webmvc-6.2.9.jar:6.2.9]
	at org.springframework.web.servlet.DispatcherServlet.doService(DispatcherServlet.java:979) ~[spring-webmvc-6.2.9.jar:6.2.9]
	at org.springframework.web.servlet.FrameworkServlet.processRequest(FrameworkServlet.java:1014) ~[spring-webmvc-6.2.9.jar:6.2.9]
	at org.springframework.web.servlet.FrameworkServlet.doGet(FrameworkServlet.java:903) ~[spring-webmvc-6.2.9.jar:6.2.9]
	at jakarta.servlet.http.HttpServlet.service(HttpServlet.java:564) ~[tomcat-embed-core-10.1.43.jar:6.0]
	at org.springframework.web.servlet.FrameworkServlet.service(FrameworkServlet.java:885) ~[spring-webmvc-6.2.9.jar:6.2.9]
	at jakarta.servlet.http.HttpServlet.service(HttpServlet.java:658) ~[tomcat-embed-core-10.1.43.jar:6.0]
	at org.apache.catalina.core.ApplicationFilterChain.internalDoFilter(ApplicationFilterChain.java:195) ~[tomcat-embed-core-10.1.43.jar:10.1.43]
	at org.apache.catalina.core.ApplicationFilterChain.doFilter(ApplicationFilterChain.java:140) ~[tomcat-embed-core-10.1.43.jar:10.1.43]
	at org.apache.tomcat.websocket.server.WsFilter.doFilter(WsFilter.java:51) ~[tomcat-embed-websocket-10.1.43.jar:10.1.43]
	at org.apache.catalina.core.ApplicationFilterChain.internalDoFilter(ApplicationFilterChain.java:164) ~[tomcat-embed-core-10.1.43.jar:10.1.43]
	at org.apache.catalina.core.ApplicationFilterChain.doFilter(ApplicationFilterChain.java:140) ~[tomcat-embed-core-10.1.43.jar:10.1.43]
	at org.springframework.web.filter.RequestContextFilter.doFilterInternal(RequestContextFilter.java:100) ~[spring-web-6.2.9.jar:6.2.9]
	at org.springframework.web.filter.OncePerRequestFilter.doFilter(OncePerRequestFilter.java:116) ~[spring-web-6.2.9.jar:6.2.9]
	at org.apache.catalina.core.ApplicationFilterChain.internalDoFilter(ApplicationFilterChain.java:164) ~[tomcat-embed-core-10.1.43.jar:10.1.43]
	at org.apache.catalina.core.ApplicationFilterChain.doFilter(ApplicationFilterChain.java:140) ~[tomcat-embed-core-10.1.43.jar:10.1.43]
	at org.springframework.web.filter.FormContentFilter.doFilterInternal(FormContentFilter.java:93) ~[spring-web-6.2.9.jar:6.2.9]
	at org.springframework.web.filter.OncePerRequestFilter.doFilter(OncePerRequestFilter.java:116) ~[spring-web-6.2.9.jar:6.2.9]
	at org.apache.catalina.core.ApplicationFilterChain.internalDoFilter(ApplicationFilterChain.java:164) ~[tomcat-embed-core-10.1.43.jar:10.1.43]
	at org.apache.catalina.core.ApplicationFilterChain.doFilter(ApplicationFilterChain.java:140) ~[tomcat-embed-core-10.1.43.jar:10.1.43]
	at org.springframework.web.filter.CharacterEncodingFilter.doFilterInternal(CharacterEncodingFilter.java:201) ~[spring-web-6.2.9.jar:6.2.9]
	at org.springframework.web.filter.OncePerRequestFilter.doFilter(OncePerRequestFilter.java:116) ~[spring-web-6.2.9.jar:6.2.9]
	at org.apache.catalina.core.ApplicationFilterChain.internalDoFilter(ApplicationFilterChain.java:164) ~[tomcat-embed-core-10.1.43.jar:10.1.43]
	at org.apache.catalina.core.ApplicationFilterChain.doFilter(ApplicationFilterChain.java:140) ~[tomcat-embed-core-10.1.43.jar:10.1.43]
	at org.apache.catalina.core.StandardWrapperValve.invoke(StandardWrapperValve.java:167) ~[tomcat-embed-core-10.1.43.jar:10.1.43]
	at org.apache.catalina.core.StandardContextValve.invoke(StandardContextValve.java:90) ~[tomcat-embed-core-10.1.43.jar:10.1.43]
	at org.apache.catalina.authenticator.AuthenticatorBase.invoke(AuthenticatorBase.java:483) ~[tomcat-embed-core-10.1.43.jar:10.1.43]
	at org.apache.catalina.core.StandardHostValve.invoke(StandardHostValve.java:116) ~[tomcat-embed-core-10.1.43.jar:10.1.43]
	at org.apache.catalina.valves.ErrorReportValve.invoke(ErrorReportValve.java:93) ~[tomcat-embed-core-10.1.43.jar:10.1.43]
	at org.apache.catalina.core.StandardEngineValve.invoke(StandardEngineValve.java:74) ~[tomcat-embed-core-10.1.43.jar:10.1.43]
	at org.apache.catalina.connector.CoyoteAdapter.service(CoyoteAdapter.java:344) ~[tomcat-embed-core-10.1.43.jar:10.1.43]
	at org.apache.coyote.http11.Http11Processor.service(Http11Processor.java:398) ~[tomcat-embed-core-10.1.43.jar:10.1.43]
	at org.apache.coyote.AbstractProcessorLight.process(AbstractProcessorLight.java:63) ~[tomcat-embed-core-10.1.43.jar:10.1.43]
	at org.apache.coyote.AbstractProtocol$ConnectionHandler.process(AbstractProtocol.java:903) ~[tomcat-embed-core-10.1.43.jar:10.1.43]
	at org.apache.tomcat.util.net.NioEndpoint$SocketProcessor.doRun(NioEndpoint.java:1769) ~[tomcat-embed-core-10.1.43.jar:10.1.43]
	at org.apache.tomcat.util.net.SocketProcessorBase.run(SocketProcessorBase.java:52) ~[tomcat-embed-core-10.1.43.jar:10.1.43]
	at org.apache.tomcat.util.threads.ThreadPoolExecutor.runWorker(ThreadPoolExecutor.java:1189) ~[tomcat-embed-core-10.1.43.jar:10.1.43]
	at org.apache.tomcat.util.threads.ThreadPoolExecutor$Worker.run(ThreadPoolExecutor.java:658) ~[tomcat-embed-core-10.1.43.jar:10.1.43]
	at org.apache.tomcat.util.threads.TaskThread$WrappingRunnable.run(TaskThread.java:63) ~[tomcat-embed-core-10.1.43.jar:10.1.43]
	at java.base/java.lang.Thread.run(Thread.java:1583) ~[na:na]

2025-08-16T13:36:14.768+08:00  INFO 20408 --- [skyBackend] [SpringApplicationShutdownHook] o.s.b.w.e.tomcat.GracefulShutdown        : Commencing graceful shutdown. Waiting for active requests to complete
2025-08-16T13:36:14.777+08:00  INFO 20408 --- [skyBackend] [tomcat-shutdown] o.s.b.w.e.tomcat.GracefulShutdown        : Graceful shutdown complete
2025-08-16T13:36:14.789+08:00  INFO 20408 --- [skyBackend] [SpringApplicationShutdownHook] com.zaxxer.hikari.HikariDataSource       : HikariPool-1 - Shutdown initiated...
2025-08-16T13:36:14.793+08:00  INFO 20408 --- [skyBackend] [SpringApplicationShutdownHook] com.zaxxer.hikari.HikariDataSource       : HikariPool-1 - Shutdown completed.
2025-08-16T13:36:18.750+08:00  INFO 16176 --- [skyBackend] [main] c.sky.skybackend.SkyBackendApplication   : Starting SkyBackendApplication using Java 21.0.4 with PID 16176 (D:\software\GitProject\skyBackend\target\classes started by W71one in D:\software\GitProject\skyBackend)
2025-08-16T13:36:18.751+08:00  INFO 16176 --- [skyBackend] [main] c.sky.skybackend.SkyBackendApplication   : No active profile set, falling back to 1 default profile: "default"
2025-08-16T13:36:19.418+08:00  INFO 16176 --- [skyBackend] [main] .s.d.r.c.RepositoryConfigurationDelegate : Multiple Spring Data modules found, entering strict repository configuration mode
2025-08-16T13:36:19.420+08:00  INFO 16176 --- [skyBackend] [main] .s.d.r.c.RepositoryConfigurationDelegate : Bootstrapping Spring Data Redis repositories in DEFAULT mode.
2025-08-16T13:36:19.444+08:00  INFO 16176 --- [skyBackend] [main] .s.d.r.c.RepositoryConfigurationDelegate : Finished Spring Data repository scanning in 10 ms. Found 0 Redis repository interfaces.
2025-08-16T13:36:19.855+08:00  INFO 16176 --- [skyBackend] [main] o.s.b.w.embedded.tomcat.TomcatWebServer  : Tomcat initialized with port 8081 (http)
2025-08-16T13:36:19.867+08:00  INFO 16176 --- [skyBackend] [main] o.apache.catalina.core.StandardService   : Starting service [Tomcat]
2025-08-16T13:36:19.868+08:00  INFO 16176 --- [skyBackend] [main] o.apache.catalina.core.StandardEngine    : Starting Servlet engine: [Apache Tomcat/10.1.43]
2025-08-16T13:36:19.914+08:00  INFO 16176 --- [skyBackend] [main] o.a.c.c.C.[Tomcat].[localhost].[/]       : Initializing Spring embedded WebApplicationContext
2025-08-16T13:36:19.914+08:00  INFO 16176 --- [skyBackend] [main] w.s.c.ServletWebServerApplicationContext : Root WebApplicationContext: initialization completed in 1126 ms
2025-08-16T13:36:20.843+08:00  INFO 16176 --- [skyBackend] [main] com.sky.skybackend.config.RedisConfig    : RedisTemplate配置完成
2025-08-16T13:36:21.353+08:00  INFO 16176 --- [skyBackend] [main] o.s.b.w.embedded.tomcat.TomcatWebServer  : Tomcat started on port 8081 (http) with context path '/'
2025-08-16T13:36:21.360+08:00  INFO 16176 --- [skyBackend] [main] c.sky.skybackend.SkyBackendApplication   : Started SkyBackendApplication in 3.022 seconds (process running for 3.532)
2025-08-16T13:36:23.646+08:00  INFO 16176 --- [skyBackend] [http-nio-8081-exec-1] o.a.c.c.C.[Tomcat].[localhost].[/]       : Initializing Spring DispatcherServlet 'dispatcherServlet'
2025-08-16T13:36:23.646+08:00  INFO 16176 --- [skyBackend] [http-nio-8081-exec-1] o.s.web.servlet.DispatcherServlet        : Initializing Servlet 'dispatcherServlet'
2025-08-16T13:36:23.647+08:00  INFO 16176 --- [skyBackend] [http-nio-8081-exec-1] o.s.web.servlet.DispatcherServlet        : Completed initialization in 1 ms
2025-08-16T13:36:23.694+08:00  INFO 16176 --- [skyBackend] [http-nio-8081-exec-1] com.zaxxer.hikari.HikariDataSource       : HikariPool-1 - Starting...
2025-08-16T13:36:23.904+08:00  INFO 16176 --- [skyBackend] [http-nio-8081-exec-1] com.zaxxer.hikari.pool.HikariPool        : HikariPool-1 - Added connection com.mysql.cj.jdbc.ConnectionImpl@1d529685
2025-08-16T13:36:23.906+08:00  INFO 16176 --- [skyBackend] [http-nio-8081-exec-1] com.zaxxer.hikari.HikariDataSource       : HikariPool-1 - Start completed.
2025-08-16T13:38:13.771+08:00  INFO 16176 --- [skyBackend] [SpringApplicationShutdownHook] o.s.b.w.e.tomcat.GracefulShutdown        : Commencing graceful shutdown. Waiting for active requests to complete
2025-08-16T13:38:13.780+08:00  INFO 16176 --- [skyBackend] [tomcat-shutdown] o.s.b.w.e.tomcat.GracefulShutdown        : Graceful shutdown complete
2025-08-16T13:38:13.791+08:00  INFO 16176 --- [skyBackend] [SpringApplicationShutdownHook] com.zaxxer.hikari.HikariDataSource       : HikariPool-1 - Shutdown initiated...
2025-08-16T13:38:13.795+08:00  INFO 16176 --- [skyBackend] [SpringApplicationShutdownHook] com.zaxxer.hikari.HikariDataSource       : HikariPool-1 - Shutdown completed.
2025-08-16T13:38:16.873+08:00  INFO 7184 --- [skyBackend] [main] c.sky.skybackend.SkyBackendApplication   : Starting SkyBackendApplication using Java 21.0.4 with PID 7184 (D:\software\GitProject\skyBackend\target\classes started by W71one in D:\software\GitProject\skyBackend)
2025-08-16T13:38:16.875+08:00  INFO 7184 --- [skyBackend] [main] c.sky.skybackend.SkyBackendApplication   : No active profile set, falling back to 1 default profile: "default"
2025-08-16T13:38:17.491+08:00  INFO 7184 --- [skyBackend] [main] .s.d.r.c.RepositoryConfigurationDelegate : Multiple Spring Data modules found, entering strict repository configuration mode
2025-08-16T13:38:17.493+08:00  INFO 7184 --- [skyBackend] [main] .s.d.r.c.RepositoryConfigurationDelegate : Bootstrapping Spring Data Redis repositories in DEFAULT mode.
2025-08-16T13:38:17.517+08:00  INFO 7184 --- [skyBackend] [main] .s.d.r.c.RepositoryConfigurationDelegate : Finished Spring Data repository scanning in 10 ms. Found 0 Redis repository interfaces.
2025-08-16T13:38:17.938+08:00  INFO 7184 --- [skyBackend] [main] o.s.b.w.embedded.tomcat.TomcatWebServer  : Tomcat initialized with port 8081 (http)
2025-08-16T13:38:17.951+08:00  INFO 7184 --- [skyBackend] [main] o.apache.catalina.core.StandardService   : Starting service [Tomcat]
2025-08-16T13:38:17.952+08:00  INFO 7184 --- [skyBackend] [main] o.apache.catalina.core.StandardEngine    : Starting Servlet engine: [Apache Tomcat/10.1.43]
2025-08-16T13:38:17.997+08:00  INFO 7184 --- [skyBackend] [main] o.a.c.c.C.[Tomcat].[localhost].[/]       : Initializing Spring embedded WebApplicationContext
2025-08-16T13:38:17.997+08:00  INFO 7184 --- [skyBackend] [main] w.s.c.ServletWebServerApplicationContext : Root WebApplicationContext: initialization completed in 1093 ms
2025-08-16T13:38:18.884+08:00  INFO 7184 --- [skyBackend] [main] com.sky.skybackend.config.RedisConfig    : RedisTemplate配置完成
2025-08-16T13:38:19.390+08:00  INFO 7184 --- [skyBackend] [main] o.s.b.w.embedded.tomcat.TomcatWebServer  : Tomcat started on port 8081 (http) with context path '/'
2025-08-16T13:38:19.396+08:00  INFO 7184 --- [skyBackend] [main] c.sky.skybackend.SkyBackendApplication   : Started SkyBackendApplication in 2.897 seconds (process running for 3.398)
2025-08-16T13:38:21.496+08:00  INFO 7184 --- [skyBackend] [http-nio-8081-exec-1] o.a.c.c.C.[Tomcat].[localhost].[/]       : Initializing Spring DispatcherServlet 'dispatcherServlet'
2025-08-16T13:38:21.497+08:00  INFO 7184 --- [skyBackend] [http-nio-8081-exec-1] o.s.web.servlet.DispatcherServlet        : Initializing Servlet 'dispatcherServlet'
2025-08-16T13:38:21.498+08:00  INFO 7184 --- [skyBackend] [http-nio-8081-exec-1] o.s.web.servlet.DispatcherServlet        : Completed initialization in 1 ms
2025-08-16T13:38:21.537+08:00  INFO 7184 --- [skyBackend] [http-nio-8081-exec-1] com.zaxxer.hikari.HikariDataSource       : HikariPool-1 - Starting...
2025-08-16T13:38:21.749+08:00  INFO 7184 --- [skyBackend] [http-nio-8081-exec-1] com.zaxxer.hikari.pool.HikariPool        : HikariPool-1 - Added connection com.mysql.cj.jdbc.ConnectionImpl@6182190e
2025-08-16T13:38:21.750+08:00  INFO 7184 --- [skyBackend] [http-nio-8081-exec-1] com.zaxxer.hikari.HikariDataSource       : HikariPool-1 - Start completed.
2025-08-16T14:06:25.210+08:00  INFO 7184 --- [skyBackend] [SpringApplicationShutdownHook] o.s.b.w.e.tomcat.GracefulShutdown        : Commencing graceful shutdown. Waiting for active requests to complete
2025-08-16T14:06:25.219+08:00  INFO 7184 --- [skyBackend] [tomcat-shutdown] o.s.b.w.e.tomcat.GracefulShutdown        : Graceful shutdown complete
2025-08-16T14:06:25.230+08:00  INFO 7184 --- [skyBackend] [SpringApplicationShutdownHook] com.zaxxer.hikari.HikariDataSource       : HikariPool-1 - Shutdown initiated...
2025-08-16T14:06:25.232+08:00  INFO 7184 --- [skyBackend] [SpringApplicationShutdownHook] com.zaxxer.hikari.HikariDataSource       : HikariPool-1 - Shutdown completed.
2025-08-16T14:06:29.159+08:00  INFO 19884 --- [skyBackend] [main] c.sky.skybackend.SkyBackendApplication   : Starting SkyBackendApplication using Java 21.0.4 with PID 19884 (D:\software\GitProject\skyBackend\target\classes started by W71one in D:\software\GitProject\skyBackend)
2025-08-16T14:06:29.161+08:00  INFO 19884 --- [skyBackend] [main] c.sky.skybackend.SkyBackendApplication   : No active profile set, falling back to 1 default profile: "default"
2025-08-16T14:06:29.813+08:00  INFO 19884 --- [skyBackend] [main] .s.d.r.c.RepositoryConfigurationDelegate : Multiple Spring Data modules found, entering strict repository configuration mode
2025-08-16T14:06:29.815+08:00  INFO 19884 --- [skyBackend] [main] .s.d.r.c.RepositoryConfigurationDelegate : Bootstrapping Spring Data Redis repositories in DEFAULT mode.
2025-08-16T14:06:29.840+08:00  INFO 19884 --- [skyBackend] [main] .s.d.r.c.RepositoryConfigurationDelegate : Finished Spring Data repository scanning in 12 ms. Found 0 Redis repository interfaces.
2025-08-16T14:06:30.266+08:00  INFO 19884 --- [skyBackend] [main] o.s.b.w.embedded.tomcat.TomcatWebServer  : Tomcat initialized with port 8081 (http)
2025-08-16T14:06:30.277+08:00  INFO 19884 --- [skyBackend] [main] o.apache.catalina.core.StandardService   : Starting service [Tomcat]
2025-08-16T14:06:30.278+08:00  INFO 19884 --- [skyBackend] [main] o.apache.catalina.core.StandardEngine    : Starting Servlet engine: [Apache Tomcat/10.1.43]
2025-08-16T14:06:30.327+08:00  INFO 19884 --- [skyBackend] [main] o.a.c.c.C.[Tomcat].[localhost].[/]       : Initializing Spring embedded WebApplicationContext
2025-08-16T14:06:30.327+08:00  INFO 19884 --- [skyBackend] [main] w.s.c.ServletWebServerApplicationContext : Root WebApplicationContext: initialization completed in 1131 ms
2025-08-16T14:06:31.655+08:00  INFO 19884 --- [skyBackend] [main] com.sky.skybackend.config.RedisConfig    : RedisTemplate配置完成
2025-08-16T14:06:32.041+08:00  INFO 19884 --- [skyBackend] [main] o.s.b.w.embedded.tomcat.TomcatWebServer  : Tomcat started on port 8081 (http) with context path '/'
2025-08-16T14:06:32.048+08:00  INFO 19884 --- [skyBackend] [main] c.sky.skybackend.SkyBackendApplication   : Started SkyBackendApplication in 3.287 seconds (process running for 3.804)
2025-08-16T14:07:03.474+08:00  INFO 19884 --- [skyBackend] [http-nio-8081-exec-1] o.a.c.c.C.[Tomcat].[localhost].[/]       : Initializing Spring DispatcherServlet 'dispatcherServlet'
2025-08-16T14:07:03.474+08:00  INFO 19884 --- [skyBackend] [http-nio-8081-exec-1] o.s.web.servlet.DispatcherServlet        : Initializing Servlet 'dispatcherServlet'
2025-08-16T14:07:03.475+08:00  INFO 19884 --- [skyBackend] [http-nio-8081-exec-1] o.s.web.servlet.DispatcherServlet        : Completed initialization in 1 ms
2025-08-16T14:07:03.479+08:00  INFO 19884 --- [skyBackend] [http-nio-8081-exec-1] com.sky.skybackend.filter.TokenFilter    : 通用请求, 放行
2025-08-16T14:07:03.479+08:00  INFO 19884 --- [skyBackend] [http-nio-8081-exec-1] com.sky.skybackend.filter.TokenFilter    : 通用请求, 放行
2025-08-16T14:07:03.513+08:00  WARN 19884 --- [skyBackend] [http-nio-8081-exec-1] .w.s.m.s.DefaultHandlerExceptionResolver : Resolved [org.springframework.web.bind.MissingServletRequestParameterException: Required request parameter 'userId' for method parameter type String is not present]
2025-08-16T14:07:22.874+08:00  INFO 19884 --- [skyBackend] [SpringApplicationShutdownHook] o.s.b.w.e.tomcat.GracefulShutdown        : Commencing graceful shutdown. Waiting for active requests to complete
2025-08-16T14:07:22.883+08:00  INFO 19884 --- [skyBackend] [tomcat-shutdown] o.s.b.w.e.tomcat.GracefulShutdown        : Graceful shutdown complete
2025-08-16T14:07:26.146+08:00  INFO 18208 --- [skyBackend] [main] c.sky.skybackend.SkyBackendApplication   : Starting SkyBackendApplication using Java 21.0.4 with PID 18208 (D:\software\GitProject\skyBackend\target\classes started by W71one in D:\software\GitProject\skyBackend)
2025-08-16T14:07:26.148+08:00  INFO 18208 --- [skyBackend] [main] c.sky.skybackend.SkyBackendApplication   : No active profile set, falling back to 1 default profile: "default"
2025-08-16T14:07:26.840+08:00  INFO 18208 --- [skyBackend] [main] .s.d.r.c.RepositoryConfigurationDelegate : Multiple Spring Data modules found, entering strict repository configuration mode
2025-08-16T14:07:26.842+08:00  INFO 18208 --- [skyBackend] [main] .s.d.r.c.RepositoryConfigurationDelegate : Bootstrapping Spring Data Redis repositories in DEFAULT mode.
2025-08-16T14:07:26.870+08:00  INFO 18208 --- [skyBackend] [main] .s.d.r.c.RepositoryConfigurationDelegate : Finished Spring Data repository scanning in 14 ms. Found 0 Redis repository interfaces.
2025-08-16T14:07:27.315+08:00  INFO 18208 --- [skyBackend] [main] o.s.b.w.embedded.tomcat.TomcatWebServer  : Tomcat initialized with port 8081 (http)
2025-08-16T14:07:27.327+08:00  INFO 18208 --- [skyBackend] [main] o.apache.catalina.core.StandardService   : Starting service [Tomcat]
2025-08-16T14:07:27.328+08:00  INFO 18208 --- [skyBackend] [main] o.apache.catalina.core.StandardEngine    : Starting Servlet engine: [Apache Tomcat/10.1.43]
2025-08-16T14:07:27.378+08:00  INFO 18208 --- [skyBackend] [main] o.a.c.c.C.[Tomcat].[localhost].[/]       : Initializing Spring embedded WebApplicationContext
2025-08-16T14:07:27.378+08:00  INFO 18208 --- [skyBackend] [main] w.s.c.ServletWebServerApplicationContext : Root WebApplicationContext: initialization completed in 1197 ms
2025-08-16T14:07:28.722+08:00  INFO 18208 --- [skyBackend] [main] com.sky.skybackend.config.RedisConfig    : RedisTemplate配置完成
2025-08-16T14:07:29.102+08:00  INFO 18208 --- [skyBackend] [main] o.s.b.w.embedded.tomcat.TomcatWebServer  : Tomcat started on port 8081 (http) with context path '/'
2025-08-16T14:07:29.109+08:00  INFO 18208 --- [skyBackend] [main] c.sky.skybackend.SkyBackendApplication   : Started SkyBackendApplication in 3.384 seconds (process running for 3.884)
2025-08-16T14:07:33.739+08:00  INFO 18208 --- [skyBackend] [SpringApplicationShutdownHook] o.s.b.w.e.tomcat.GracefulShutdown        : Commencing graceful shutdown. Waiting for active requests to complete
2025-08-16T14:07:33.749+08:00  INFO 18208 --- [skyBackend] [tomcat-shutdown] o.s.b.w.e.tomcat.GracefulShutdown        : Graceful shutdown complete
2025-08-16T14:07:36.753+08:00  INFO 19812 --- [skyBackend] [main] c.sky.skybackend.SkyBackendApplication   : Starting SkyBackendApplication using Java 21.0.4 with PID 19812 (D:\software\GitProject\skyBackend\target\classes started by W71one in D:\software\GitProject\skyBackend)
2025-08-16T14:07:36.755+08:00  INFO 19812 --- [skyBackend] [main] c.sky.skybackend.SkyBackendApplication   : No active profile set, falling back to 1 default profile: "default"
2025-08-16T14:07:37.406+08:00  INFO 19812 --- [skyBackend] [main] .s.d.r.c.RepositoryConfigurationDelegate : Multiple Spring Data modules found, entering strict repository configuration mode
2025-08-16T14:07:37.408+08:00  INFO 19812 --- [skyBackend] [main] .s.d.r.c.RepositoryConfigurationDelegate : Bootstrapping Spring Data Redis repositories in DEFAULT mode.
2025-08-16T14:07:37.438+08:00  INFO 19812 --- [skyBackend] [main] .s.d.r.c.RepositoryConfigurationDelegate : Finished Spring Data repository scanning in 17 ms. Found 0 Redis repository interfaces.
2025-08-16T14:07:37.886+08:00  INFO 19812 --- [skyBackend] [main] o.s.b.w.embedded.tomcat.TomcatWebServer  : Tomcat initialized with port 8081 (http)
2025-08-16T14:07:37.898+08:00  INFO 19812 --- [skyBackend] [main] o.apache.catalina.core.StandardService   : Starting service [Tomcat]
2025-08-16T14:07:37.899+08:00  INFO 19812 --- [skyBackend] [main] o.apache.catalina.core.StandardEngine    : Starting Servlet engine: [Apache Tomcat/10.1.43]
2025-08-16T14:07:37.949+08:00  INFO 19812 --- [skyBackend] [main] o.a.c.c.C.[Tomcat].[localhost].[/]       : Initializing Spring embedded WebApplicationContext
2025-08-16T14:07:37.950+08:00  INFO 19812 --- [skyBackend] [main] w.s.c.ServletWebServerApplicationContext : Root WebApplicationContext: initialization completed in 1162 ms
2025-08-16T14:07:39.241+08:00  INFO 19812 --- [skyBackend] [main] com.sky.skybackend.config.RedisConfig    : RedisTemplate配置完成
2025-08-16T14:07:39.596+08:00  INFO 19812 --- [skyBackend] [main] o.s.b.w.embedded.tomcat.TomcatWebServer  : Tomcat started on port 8081 (http) with context path '/'
2025-08-16T14:07:39.604+08:00  INFO 19812 --- [skyBackend] [main] c.sky.skybackend.SkyBackendApplication   : Started SkyBackendApplication in 3.222 seconds (process running for 3.705)
2025-08-16T14:07:42.766+08:00  INFO 19812 --- [skyBackend] [http-nio-8081-exec-1] o.a.c.c.C.[Tomcat].[localhost].[/]       : Initializing Spring DispatcherServlet 'dispatcherServlet'
2025-08-16T14:07:42.766+08:00  INFO 19812 --- [skyBackend] [http-nio-8081-exec-1] o.s.web.servlet.DispatcherServlet        : Initializing Servlet 'dispatcherServlet'
2025-08-16T14:07:42.768+08:00  INFO 19812 --- [skyBackend] [http-nio-8081-exec-1] o.s.web.servlet.DispatcherServlet        : Completed initialization in 2 ms
2025-08-16T14:07:42.771+08:00  INFO 19812 --- [skyBackend] [http-nio-8081-exec-1] com.sky.skybackend.filter.TokenFilter    : 通用请求, 放行
2025-08-16T14:07:42.772+08:00  INFO 19812 --- [skyBackend] [http-nio-8081-exec-1] com.sky.skybackend.filter.TokenFilter    : 通用请求, 放行
2025-08-16T14:07:42.808+08:00 ERROR 19812 --- [skyBackend] [http-nio-8081-exec-1] o.a.c.c.C.[.[.[/].[dispatcherServlet]    : Servlet.service() for servlet [dispatcherServlet] in context with path [] threw exception [Request processing failed: java.lang.IllegalArgumentException: value cannot be null] with root cause

java.lang.IllegalArgumentException: value cannot be null
	at org.springframework.util.Assert.notNull(Assert.java:181) ~[spring-core-6.2.9.jar:6.2.9]
	at org.springframework.ai.chat.client.DefaultChatClient$DefaultAdvisorSpec.param(DefaultChatClient.java:300) ~[spring-ai-client-chat-1.0.0.jar:1.0.0]
	at com.sky.skybackend.controller.ChatController.lambda$chatAI$0(ChatController.java:35) ~[classes/:na]
	at org.springframework.ai.chat.client.DefaultChatClient$DefaultChatClientRequestSpec.advisors(DefaultChatClient.java:737) ~[spring-ai-client-chat-1.0.0.jar:1.0.0]
	at com.sky.skybackend.controller.ChatController.chatAI(ChatController.java:35) ~[classes/:na]
	at java.base/jdk.internal.reflect.DirectMethodHandleAccessor.invoke(DirectMethodHandleAccessor.java:103) ~[na:na]
	at java.base/java.lang.reflect.Method.invoke(Method.java:580) ~[na:na]
	at org.springframework.web.method.support.InvocableHandlerMethod.doInvoke(InvocableHandlerMethod.java:258) ~[spring-web-6.2.9.jar:6.2.9]
	at org.springframework.web.method.support.InvocableHandlerMethod.invokeForRequest(InvocableHandlerMethod.java:191) ~[spring-web-6.2.9.jar:6.2.9]
	at org.springframework.web.servlet.mvc.method.annotation.ServletInvocableHandlerMethod.invokeAndHandle(ServletInvocableHandlerMethod.java:118) ~[spring-webmvc-6.2.9.jar:6.2.9]
	at org.springframework.web.servlet.mvc.method.annotation.RequestMappingHandlerAdapter.invokeHandlerMethod(RequestMappingHandlerAdapter.java:991) ~[spring-webmvc-6.2.9.jar:6.2.9]
	at org.springframework.web.servlet.mvc.method.annotation.RequestMappingHandlerAdapter.handleInternal(RequestMappingHandlerAdapter.java:896) ~[spring-webmvc-6.2.9.jar:6.2.9]
	at org.springframework.web.servlet.mvc.method.AbstractHandlerMethodAdapter.handle(AbstractHandlerMethodAdapter.java:87) ~[spring-webmvc-6.2.9.jar:6.2.9]
	at org.springframework.web.servlet.DispatcherServlet.doDispatch(DispatcherServlet.java:1089) ~[spring-webmvc-6.2.9.jar:6.2.9]
	at org.springframework.web.servlet.DispatcherServlet.doService(DispatcherServlet.java:979) ~[spring-webmvc-6.2.9.jar:6.2.9]
	at org.springframework.web.servlet.FrameworkServlet.processRequest(FrameworkServlet.java:1014) ~[spring-webmvc-6.2.9.jar:6.2.9]
	at org.springframework.web.servlet.FrameworkServlet.doGet(FrameworkServlet.java:903) ~[spring-webmvc-6.2.9.jar:6.2.9]
	at jakarta.servlet.http.HttpServlet.service(HttpServlet.java:564) ~[tomcat-embed-core-10.1.43.jar:6.0]
	at org.springframework.web.servlet.FrameworkServlet.service(FrameworkServlet.java:885) ~[spring-webmvc-6.2.9.jar:6.2.9]
	at jakarta.servlet.http.HttpServlet.service(HttpServlet.java:658) ~[tomcat-embed-core-10.1.43.jar:6.0]
	at org.apache.catalina.core.ApplicationFilterChain.internalDoFilter(ApplicationFilterChain.java:195) ~[tomcat-embed-core-10.1.43.jar:10.1.43]
	at org.apache.catalina.core.ApplicationFilterChain.doFilter(ApplicationFilterChain.java:140) ~[tomcat-embed-core-10.1.43.jar:10.1.43]
	at org.apache.tomcat.websocket.server.WsFilter.doFilter(WsFilter.java:51) ~[tomcat-embed-websocket-10.1.43.jar:10.1.43]
	at org.apache.catalina.core.ApplicationFilterChain.internalDoFilter(ApplicationFilterChain.java:164) ~[tomcat-embed-core-10.1.43.jar:10.1.43]
	at org.apache.catalina.core.ApplicationFilterChain.doFilter(ApplicationFilterChain.java:140) ~[tomcat-embed-core-10.1.43.jar:10.1.43]
	at com.sky.skybackend.filter.TokenFilter.doFilter(TokenFilter.java:33) ~[classes/:na]
	at org.apache.catalina.core.ApplicationFilterChain.internalDoFilter(ApplicationFilterChain.java:164) ~[tomcat-embed-core-10.1.43.jar:10.1.43]
	at org.apache.catalina.core.ApplicationFilterChain.doFilter(ApplicationFilterChain.java:140) ~[tomcat-embed-core-10.1.43.jar:10.1.43]
	at com.sky.skybackend.filter.TokenFilter.doFilter(TokenFilter.java:33) ~[classes/:na]
	at org.apache.catalina.core.ApplicationFilterChain.internalDoFilter(ApplicationFilterChain.java:164) ~[tomcat-embed-core-10.1.43.jar:10.1.43]
	at org.apache.catalina.core.ApplicationFilterChain.doFilter(ApplicationFilterChain.java:140) ~[tomcat-embed-core-10.1.43.jar:10.1.43]
	at org.springframework.web.filter.RequestContextFilter.doFilterInternal(RequestContextFilter.java:100) ~[spring-web-6.2.9.jar:6.2.9]
	at org.springframework.web.filter.OncePerRequestFilter.doFilter(OncePerRequestFilter.java:116) ~[spring-web-6.2.9.jar:6.2.9]
	at org.apache.catalina.core.ApplicationFilterChain.internalDoFilter(ApplicationFilterChain.java:164) ~[tomcat-embed-core-10.1.43.jar:10.1.43]
	at org.apache.catalina.core.ApplicationFilterChain.doFilter(ApplicationFilterChain.java:140) ~[tomcat-embed-core-10.1.43.jar:10.1.43]
	at org.springframework.web.filter.FormContentFilter.doFilterInternal(FormContentFilter.java:93) ~[spring-web-6.2.9.jar:6.2.9]
	at org.springframework.web.filter.OncePerRequestFilter.doFilter(OncePerRequestFilter.java:116) ~[spring-web-6.2.9.jar:6.2.9]
	at org.apache.catalina.core.ApplicationFilterChain.internalDoFilter(ApplicationFilterChain.java:164) ~[tomcat-embed-core-10.1.43.jar:10.1.43]
	at org.apache.catalina.core.ApplicationFilterChain.doFilter(ApplicationFilterChain.java:140) ~[tomcat-embed-core-10.1.43.jar:10.1.43]
	at org.springframework.web.filter.CharacterEncodingFilter.doFilterInternal(CharacterEncodingFilter.java:201) ~[spring-web-6.2.9.jar:6.2.9]
	at org.springframework.web.filter.OncePerRequestFilter.doFilter(OncePerRequestFilter.java:116) ~[spring-web-6.2.9.jar:6.2.9]
	at org.apache.catalina.core.ApplicationFilterChain.internalDoFilter(ApplicationFilterChain.java:164) ~[tomcat-embed-core-10.1.43.jar:10.1.43]
	at org.apache.catalina.core.ApplicationFilterChain.doFilter(ApplicationFilterChain.java:140) ~[tomcat-embed-core-10.1.43.jar:10.1.43]
	at org.apache.catalina.core.StandardWrapperValve.invoke(StandardWrapperValve.java:167) ~[tomcat-embed-core-10.1.43.jar:10.1.43]
	at org.apache.catalina.core.StandardContextValve.invoke(StandardContextValve.java:90) ~[tomcat-embed-core-10.1.43.jar:10.1.43]
	at org.apache.catalina.authenticator.AuthenticatorBase.invoke(AuthenticatorBase.java:483) ~[tomcat-embed-core-10.1.43.jar:10.1.43]
	at org.apache.catalina.core.StandardHostValve.invoke(StandardHostValve.java:116) ~[tomcat-embed-core-10.1.43.jar:10.1.43]
	at org.apache.catalina.valves.ErrorReportValve.invoke(ErrorReportValve.java:93) ~[tomcat-embed-core-10.1.43.jar:10.1.43]
	at org.apache.catalina.core.StandardEngineValve.invoke(StandardEngineValve.java:74) ~[tomcat-embed-core-10.1.43.jar:10.1.43]
	at org.apache.catalina.connector.CoyoteAdapter.service(CoyoteAdapter.java:344) ~[tomcat-embed-core-10.1.43.jar:10.1.43]
	at org.apache.coyote.http11.Http11Processor.service(Http11Processor.java:398) ~[tomcat-embed-core-10.1.43.jar:10.1.43]
	at org.apache.coyote.AbstractProcessorLight.process(AbstractProcessorLight.java:63) ~[tomcat-embed-core-10.1.43.jar:10.1.43]
	at org.apache.coyote.AbstractProtocol$ConnectionHandler.process(AbstractProtocol.java:903) ~[tomcat-embed-core-10.1.43.jar:10.1.43]
	at org.apache.tomcat.util.net.NioEndpoint$SocketProcessor.doRun(NioEndpoint.java:1769) ~[tomcat-embed-core-10.1.43.jar:10.1.43]
	at org.apache.tomcat.util.net.SocketProcessorBase.run(SocketProcessorBase.java:52) ~[tomcat-embed-core-10.1.43.jar:10.1.43]
	at org.apache.tomcat.util.threads.ThreadPoolExecutor.runWorker(ThreadPoolExecutor.java:1189) ~[tomcat-embed-core-10.1.43.jar:10.1.43]
	at org.apache.tomcat.util.threads.ThreadPoolExecutor$Worker.run(ThreadPoolExecutor.java:658) ~[tomcat-embed-core-10.1.43.jar:10.1.43]
	at org.apache.tomcat.util.threads.TaskThread$WrappingRunnable.run(TaskThread.java:63) ~[tomcat-embed-core-10.1.43.jar:10.1.43]
	at java.base/java.lang.Thread.run(Thread.java:1583) ~[na:na]

2025-08-16T14:08:09.148+08:00  INFO 19812 --- [skyBackend] [SpringApplicationShutdownHook] o.s.b.w.e.tomcat.GracefulShutdown        : Commencing graceful shutdown. Waiting for active requests to complete
2025-08-16T14:08:09.157+08:00  INFO 19812 --- [skyBackend] [tomcat-shutdown] o.s.b.w.e.tomcat.GracefulShutdown        : Graceful shutdown complete
2025-08-16T14:08:12.391+08:00  INFO 1736 --- [skyBackend] [main] c.sky.skybackend.SkyBackendApplication   : Starting SkyBackendApplication using Java 21.0.4 with PID 1736 (D:\software\GitProject\skyBackend\target\classes started by W71one in D:\software\GitProject\skyBackend)
2025-08-16T14:08:12.392+08:00  INFO 1736 --- [skyBackend] [main] c.sky.skybackend.SkyBackendApplication   : No active profile set, falling back to 1 default profile: "default"
2025-08-16T14:08:13.032+08:00  INFO 1736 --- [skyBackend] [main] .s.d.r.c.RepositoryConfigurationDelegate : Multiple Spring Data modules found, entering strict repository configuration mode
2025-08-16T14:08:13.035+08:00  INFO 1736 --- [skyBackend] [main] .s.d.r.c.RepositoryConfigurationDelegate : Bootstrapping Spring Data Redis repositories in DEFAULT mode.
2025-08-16T14:08:13.062+08:00  INFO 1736 --- [skyBackend] [main] .s.d.r.c.RepositoryConfigurationDelegate : Finished Spring Data repository scanning in 13 ms. Found 0 Redis repository interfaces.
2025-08-16T14:08:13.529+08:00  INFO 1736 --- [skyBackend] [main] o.s.b.w.embedded.tomcat.TomcatWebServer  : Tomcat initialized with port 8081 (http)
2025-08-16T14:08:13.540+08:00  INFO 1736 --- [skyBackend] [main] o.apache.catalina.core.StandardService   : Starting service [Tomcat]
2025-08-16T14:08:13.541+08:00  INFO 1736 --- [skyBackend] [main] o.apache.catalina.core.StandardEngine    : Starting Servlet engine: [Apache Tomcat/10.1.43]
2025-08-16T14:08:13.592+08:00  INFO 1736 --- [skyBackend] [main] o.a.c.c.C.[Tomcat].[localhost].[/]       : Initializing Spring embedded WebApplicationContext
2025-08-16T14:08:13.592+08:00  INFO 1736 --- [skyBackend] [main] w.s.c.ServletWebServerApplicationContext : Root WebApplicationContext: initialization completed in 1168 ms
2025-08-16T14:08:14.929+08:00  INFO 1736 --- [skyBackend] [main] com.sky.skybackend.config.RedisConfig    : RedisTemplate配置完成
2025-08-16T14:08:15.299+08:00  INFO 1736 --- [skyBackend] [main] o.s.b.w.embedded.tomcat.TomcatWebServer  : Tomcat started on port 8081 (http) with context path '/'
2025-08-16T14:08:15.307+08:00  INFO 1736 --- [skyBackend] [main] c.sky.skybackend.SkyBackendApplication   : Started SkyBackendApplication in 3.311 seconds (process running for 3.789)
2025-08-16T14:08:19.999+08:00  INFO 1736 --- [skyBackend] [http-nio-8081-exec-1] o.a.c.c.C.[Tomcat].[localhost].[/]       : Initializing Spring DispatcherServlet 'dispatcherServlet'
2025-08-16T14:08:19.999+08:00  INFO 1736 --- [skyBackend] [http-nio-8081-exec-1] o.s.web.servlet.DispatcherServlet        : Initializing Servlet 'dispatcherServlet'
2025-08-16T14:08:20.000+08:00  INFO 1736 --- [skyBackend] [http-nio-8081-exec-1] o.s.web.servlet.DispatcherServlet        : Completed initialization in 1 ms
2025-08-16T14:08:20.003+08:00  INFO 1736 --- [skyBackend] [http-nio-8081-exec-1] com.sky.skybackend.filter.TokenFilter    : 通用请求, 放行
2025-08-16T14:08:20.003+08:00  INFO 1736 --- [skyBackend] [http-nio-8081-exec-1] com.sky.skybackend.filter.TokenFilter    : 通用请求, 放行
2025-08-16T14:08:20.044+08:00 DEBUG 1736 --- [skyBackend] [http-nio-8081-exec-1] o.s.a.c.c.a.PromptChatMemoryAdvisor      : [PromptChatMemoryAdvisor.before] Memory before processing for conversationId=1: []
2025-08-16T14:08:21.466+08:00 DEBUG 1736 --- [skyBackend] [http-nio-8081-exec-1] o.s.a.c.c.a.PromptChatMemoryAdvisor      : [PromptChatMemoryAdvisor.after] Added ASSISTANT messages to memory for conversationId=1: [AssistantMessage [messageType=ASSISTANT, toolCalls=[], textContent=我是这个项目的负责人，一个热爱二次元、音乐和编程的开发者。很高兴认识你！😊, metadata={finishReason=STOP, id=84ce6a3a-1185-9552-a04f-0585577c6b52, role=ASSISTANT, messageType=ASSISTANT, reasoningContent=}]]
2025-08-16T14:08:21.466+08:00 DEBUG 1736 --- [skyBackend] [http-nio-8081-exec-1] o.s.a.c.c.a.PromptChatMemoryAdvisor      : [PromptChatMemoryAdvisor.after] Memory after ASSISTANT add for conversationId=1: [UserMessage{content='你是谁', properties={messageType=USER}, messageType=USER}, AssistantMessage [messageType=ASSISTANT, toolCalls=[], textContent=我是这个项目的负责人，一个热爱二次元、音乐和编程的开发者。很高兴认识你！😊, metadata={finishReason=STOP, id=84ce6a3a-1185-9552-a04f-0585577c6b52, role=ASSISTANT, messageType=ASSISTANT, reasoningContent=}]]
2025-08-16T14:19:31.911+08:00  INFO 1736 --- [skyBackend] [SpringApplicationShutdownHook] o.s.b.w.e.tomcat.GracefulShutdown        : Commencing graceful shutdown. Waiting for active requests to complete
2025-08-16T14:19:31.920+08:00  INFO 1736 --- [skyBackend] [tomcat-shutdown] o.s.b.w.e.tomcat.GracefulShutdown        : Graceful shutdown complete
2025-08-16T14:19:36.184+08:00  INFO 20140 --- [skyBackend] [main] c.sky.skybackend.SkyBackendApplication   : Starting SkyBackendApplication using Java 21.0.4 with PID 20140 (D:\software\GitProject\skyBackend\target\classes started by W71one in D:\software\GitProject\skyBackend)
2025-08-16T14:19:36.186+08:00  INFO 20140 --- [skyBackend] [main] c.sky.skybackend.SkyBackendApplication   : No active profile set, falling back to 1 default profile: "default"
2025-08-16T14:19:36.896+08:00  INFO 20140 --- [skyBackend] [main] .s.d.r.c.RepositoryConfigurationDelegate : Multiple Spring Data modules found, entering strict repository configuration mode
2025-08-16T14:19:36.898+08:00  INFO 20140 --- [skyBackend] [main] .s.d.r.c.RepositoryConfigurationDelegate : Bootstrapping Spring Data Redis repositories in DEFAULT mode.
2025-08-16T14:19:36.926+08:00  INFO 20140 --- [skyBackend] [main] .s.d.r.c.RepositoryConfigurationDelegate : Finished Spring Data repository scanning in 14 ms. Found 0 Redis repository interfaces.
2025-08-16T14:19:37.393+08:00  INFO 20140 --- [skyBackend] [main] o.s.b.w.embedded.tomcat.TomcatWebServer  : Tomcat initialized with port 8081 (http)
2025-08-16T14:19:37.405+08:00  INFO 20140 --- [skyBackend] [main] o.apache.catalina.core.StandardService   : Starting service [Tomcat]
2025-08-16T14:19:37.406+08:00  INFO 20140 --- [skyBackend] [main] o.apache.catalina.core.StandardEngine    : Starting Servlet engine: [Apache Tomcat/10.1.43]
2025-08-16T14:19:37.458+08:00  INFO 20140 --- [skyBackend] [main] o.a.c.c.C.[Tomcat].[localhost].[/]       : Initializing Spring embedded WebApplicationContext
2025-08-16T14:19:37.458+08:00  INFO 20140 --- [skyBackend] [main] w.s.c.ServletWebServerApplicationContext : Root WebApplicationContext: initialization completed in 1231 ms
2025-08-16T14:19:38.826+08:00  INFO 20140 --- [skyBackend] [main] com.sky.skybackend.config.RedisConfig    : RedisTemplate配置完成
2025-08-16T14:19:39.199+08:00  INFO 20140 --- [skyBackend] [main] o.s.b.w.embedded.tomcat.TomcatWebServer  : Tomcat started on port 8081 (http) with context path '/'
2025-08-16T14:19:39.206+08:00  INFO 20140 --- [skyBackend] [main] c.sky.skybackend.SkyBackendApplication   : Started SkyBackendApplication in 3.433 seconds (process running for 3.963)
2025-08-16T14:20:03.419+08:00  INFO 20140 --- [skyBackend] [SpringApplicationShutdownHook] o.s.b.w.e.tomcat.GracefulShutdown        : Commencing graceful shutdown. Waiting for active requests to complete
2025-08-16T14:20:03.428+08:00  INFO 20140 --- [skyBackend] [tomcat-shutdown] o.s.b.w.e.tomcat.GracefulShutdown        : Graceful shutdown complete
2025-08-16T14:20:06.608+08:00  INFO 22092 --- [skyBackend] [main] c.sky.skybackend.SkyBackendApplication   : Starting SkyBackendApplication using Java 21.0.4 with PID 22092 (D:\software\GitProject\skyBackend\target\classes started by W71one in D:\software\GitProject\skyBackend)
2025-08-16T14:20:06.610+08:00  INFO 22092 --- [skyBackend] [main] c.sky.skybackend.SkyBackendApplication   : No active profile set, falling back to 1 default profile: "default"
2025-08-16T14:20:07.228+08:00  INFO 22092 --- [skyBackend] [main] .s.d.r.c.RepositoryConfigurationDelegate : Multiple Spring Data modules found, entering strict repository configuration mode
2025-08-16T14:20:07.230+08:00  INFO 22092 --- [skyBackend] [main] .s.d.r.c.RepositoryConfigurationDelegate : Bootstrapping Spring Data Redis repositories in DEFAULT mode.
2025-08-16T14:20:07.255+08:00  INFO 22092 --- [skyBackend] [main] .s.d.r.c.RepositoryConfigurationDelegate : Finished Spring Data repository scanning in 12 ms. Found 0 Redis repository interfaces.
2025-08-16T14:20:07.713+08:00  INFO 22092 --- [skyBackend] [main] o.s.b.w.embedded.tomcat.TomcatWebServer  : Tomcat initialized with port 8081 (http)
2025-08-16T14:20:07.726+08:00  INFO 22092 --- [skyBackend] [main] o.apache.catalina.core.StandardService   : Starting service [Tomcat]
2025-08-16T14:20:07.726+08:00  INFO 22092 --- [skyBackend] [main] o.apache.catalina.core.StandardEngine    : Starting Servlet engine: [Apache Tomcat/10.1.43]
2025-08-16T14:20:07.780+08:00  INFO 22092 --- [skyBackend] [main] o.a.c.c.C.[Tomcat].[localhost].[/]       : Initializing Spring embedded WebApplicationContext
2025-08-16T14:20:07.780+08:00  INFO 22092 --- [skyBackend] [main] w.s.c.ServletWebServerApplicationContext : Root WebApplicationContext: initialization completed in 1139 ms
2025-08-16T14:20:09.113+08:00  INFO 22092 --- [skyBackend] [main] com.sky.skybackend.config.RedisConfig    : RedisTemplate配置完成
2025-08-16T14:20:09.511+08:00  INFO 22092 --- [skyBackend] [main] o.s.b.w.embedded.tomcat.TomcatWebServer  : Tomcat started on port 8081 (http) with context path '/'
2025-08-16T14:20:09.518+08:00  INFO 22092 --- [skyBackend] [main] c.sky.skybackend.SkyBackendApplication   : Started SkyBackendApplication in 3.292 seconds (process running for 3.784)
2025-08-16T14:20:12.708+08:00  INFO 22092 --- [skyBackend] [http-nio-8081-exec-1] o.a.c.c.C.[Tomcat].[localhost].[/]       : Initializing Spring DispatcherServlet 'dispatcherServlet'
2025-08-16T14:20:12.708+08:00  INFO 22092 --- [skyBackend] [http-nio-8081-exec-1] o.s.web.servlet.DispatcherServlet        : Initializing Servlet 'dispatcherServlet'
2025-08-16T14:20:12.708+08:00  INFO 22092 --- [skyBackend] [http-nio-8081-exec-1] o.s.web.servlet.DispatcherServlet        : Completed initialization in 0 ms
2025-08-16T14:20:12.711+08:00  INFO 22092 --- [skyBackend] [http-nio-8081-exec-1] com.sky.skybackend.filter.TokenFilter    : 通用请求, 放行
2025-08-16T14:20:12.712+08:00  INFO 22092 --- [skyBackend] [http-nio-8081-exec-1] com.sky.skybackend.filter.TokenFilter    : 通用请求, 放行
2025-08-16T14:20:12.751+08:00 DEBUG 22092 --- [skyBackend] [http-nio-8081-exec-1] o.s.a.c.c.a.PromptChatMemoryAdvisor      : [PromptChatMemoryAdvisor.before] Memory before processing for conversationId=1: []
2025-08-16T14:20:17.729+08:00 DEBUG 22092 --- [skyBackend] [http-nio-8081-exec-1] o.s.a.c.c.a.PromptChatMemoryAdvisor      : [PromptChatMemoryAdvisor.after] Added ASSISTANT messages to memory for conversationId=1: [AssistantMessage [messageType=ASSISTANT, toolCalls=[], textContent=我是这个项目的负责人，你可以叫我小负责人。我负责开发和维护这个集发布帖子、实时聊天、浏览短视频、商城购物、关注好友动态以及收藏点赞评论等功能于一体的平台。目前我正在研究如何将SpringAI、Agent以及Workflow等新技术应用到项目中，以期为大家带来更好的体验。

很高兴认识你！(脸红了一下) 顺便说一句，我可是一个动漫迷呢，平时也喜欢唱唱歌、听听歌，尤其是深夜的时候听一些安静的歌曲特别享受。如果你也有类似的兴趣爱好，我们完全可以一起交流交流哦！, metadata={finishReason=STOP, id=825b48fc-4276-9512-a921-ad2e7db32c99, role=ASSISTANT, messageType=ASSISTANT, reasoningContent=}]]
2025-08-16T14:20:17.730+08:00 DEBUG 22092 --- [skyBackend] [http-nio-8081-exec-1] o.s.a.c.c.a.PromptChatMemoryAdvisor      : [PromptChatMemoryAdvisor.after] Memory after ASSISTANT add for conversationId=1: [UserMessage{content='你是谁', properties={messageType=USER}, messageType=USER}, AssistantMessage [messageType=ASSISTANT, toolCalls=[], textContent=我是这个项目的负责人，你可以叫我小负责人。我负责开发和维护这个集发布帖子、实时聊天、浏览短视频、商城购物、关注好友动态以及收藏点赞评论等功能于一体的平台。目前我正在研究如何将SpringAI、Agent以及Workflow等新技术应用到项目中，以期为大家带来更好的体验。

很高兴认识你！(脸红了一下) 顺便说一句，我可是一个动漫迷呢，平时也喜欢唱唱歌、听听歌，尤其是深夜的时候听一些安静的歌曲特别享受。如果你也有类似的兴趣爱好，我们完全可以一起交流交流哦！, metadata={finishReason=STOP, id=825b48fc-4276-9512-a921-ad2e7db32c99, role=ASSISTANT, messageType=ASSISTANT, reasoningContent=}]]
2025-08-16T14:22:20.309+08:00  INFO 22092 --- [skyBackend] [SpringApplicationShutdownHook] o.s.b.w.e.tomcat.GracefulShutdown        : Commencing graceful shutdown. Waiting for active requests to complete
2025-08-16T14:22:20.318+08:00  INFO 22092 --- [skyBackend] [tomcat-shutdown] o.s.b.w.e.tomcat.GracefulShutdown        : Graceful shutdown complete
2025-08-16T14:22:23.530+08:00  INFO 15052 --- [skyBackend] [main] c.sky.skybackend.SkyBackendApplication   : Starting SkyBackendApplication using Java 21.0.4 with PID 15052 (D:\software\GitProject\skyBackend\target\classes started by W71one in D:\software\GitProject\skyBackend)
2025-08-16T14:22:23.532+08:00  INFO 15052 --- [skyBackend] [main] c.sky.skybackend.SkyBackendApplication   : No active profile set, falling back to 1 default profile: "default"
2025-08-16T14:22:24.259+08:00  INFO 15052 --- [skyBackend] [main] .s.d.r.c.RepositoryConfigurationDelegate : Multiple Spring Data modules found, entering strict repository configuration mode
2025-08-16T14:22:24.261+08:00  INFO 15052 --- [skyBackend] [main] .s.d.r.c.RepositoryConfigurationDelegate : Bootstrapping Spring Data Redis repositories in DEFAULT mode.
2025-08-16T14:22:24.290+08:00  INFO 15052 --- [skyBackend] [main] .s.d.r.c.RepositoryConfigurationDelegate : Finished Spring Data repository scanning in 14 ms. Found 0 Redis repository interfaces.
2025-08-16T14:22:24.748+08:00  INFO 15052 --- [skyBackend] [main] o.s.b.w.embedded.tomcat.TomcatWebServer  : Tomcat initialized with port 8081 (http)
2025-08-16T14:22:24.767+08:00  INFO 15052 --- [skyBackend] [main] o.apache.catalina.core.StandardService   : Starting service [Tomcat]
2025-08-16T14:22:24.768+08:00  INFO 15052 --- [skyBackend] [main] o.apache.catalina.core.StandardEngine    : Starting Servlet engine: [Apache Tomcat/10.1.43]
2025-08-16T14:22:24.813+08:00  INFO 15052 --- [skyBackend] [main] o.a.c.c.C.[Tomcat].[localhost].[/]       : Initializing Spring embedded WebApplicationContext
2025-08-16T14:22:24.813+08:00  INFO 15052 --- [skyBackend] [main] w.s.c.ServletWebServerApplicationContext : Root WebApplicationContext: initialization completed in 1247 ms
2025-08-16T14:22:26.170+08:00  INFO 15052 --- [skyBackend] [main] com.sky.skybackend.config.RedisConfig    : RedisTemplate配置完成
2025-08-16T14:22:26.556+08:00  INFO 15052 --- [skyBackend] [main] o.s.b.w.embedded.tomcat.TomcatWebServer  : Tomcat started on port 8081 (http) with context path '/'
2025-08-16T14:22:26.563+08:00  INFO 15052 --- [skyBackend] [main] c.sky.skybackend.SkyBackendApplication   : Started SkyBackendApplication in 3.428 seconds (process running for 3.96)
2025-08-16T14:22:27.899+08:00  INFO 15052 --- [skyBackend] [http-nio-8081-exec-1] o.a.c.c.C.[Tomcat].[localhost].[/]       : Initializing Spring DispatcherServlet 'dispatcherServlet'
2025-08-16T14:22:27.900+08:00  INFO 15052 --- [skyBackend] [http-nio-8081-exec-1] o.s.web.servlet.DispatcherServlet        : Initializing Servlet 'dispatcherServlet'
2025-08-16T14:22:27.901+08:00  INFO 15052 --- [skyBackend] [http-nio-8081-exec-1] o.s.web.servlet.DispatcherServlet        : Completed initialization in 1 ms
2025-08-16T14:22:27.904+08:00  INFO 15052 --- [skyBackend] [http-nio-8081-exec-1] com.sky.skybackend.filter.TokenFilter    : 通用请求, 放行
2025-08-16T14:22:27.905+08:00  INFO 15052 --- [skyBackend] [http-nio-8081-exec-1] com.sky.skybackend.filter.TokenFilter    : 通用请求, 放行
2025-08-16T14:22:27.944+08:00 DEBUG 15052 --- [skyBackend] [http-nio-8081-exec-1] o.s.a.c.c.a.PromptChatMemoryAdvisor      : [PromptChatMemoryAdvisor.before] Memory before processing for conversationId=2: []
2025-08-16T14:22:29.073+08:00 DEBUG 15052 --- [skyBackend] [http-nio-8081-exec-1] o.s.a.c.c.a.PromptChatMemoryAdvisor      : [PromptChatMemoryAdvisor.after] Added ASSISTANT messages to memory for conversationId=2: [AssistantMessage [messageType=ASSISTANT, toolCalls=[], textContent=我是这个项目的负责人，一个热爱二次元、喜欢分享的开发者。很高兴认识你！, metadata={finishReason=STOP, id=0ebe7b30-92f3-92fe-b293-3b43a43ffcc0, role=ASSISTANT, messageType=ASSISTANT, reasoningContent=}]]
2025-08-16T14:22:29.073+08:00 DEBUG 15052 --- [skyBackend] [http-nio-8081-exec-1] o.s.a.c.c.a.PromptChatMemoryAdvisor      : [PromptChatMemoryAdvisor.after] Memory after ASSISTANT add for conversationId=2: [UserMessage{content='你是谁', properties={messageType=USER}, messageType=USER}, AssistantMessage [messageType=ASSISTANT, toolCalls=[], textContent=我是这个项目的负责人，一个热爱二次元、喜欢分享的开发者。很高兴认识你！, metadata={finishReason=STOP, id=0ebe7b30-92f3-92fe-b293-3b43a43ffcc0, role=ASSISTANT, messageType=ASSISTANT, reasoningContent=}]]
2025-08-16T14:35:10.776+08:00  INFO 15052 --- [skyBackend] [SpringApplicationShutdownHook] o.s.b.w.e.tomcat.GracefulShutdown        : Commencing graceful shutdown. Waiting for active requests to complete
2025-08-16T14:35:10.786+08:00  INFO 15052 --- [skyBackend] [tomcat-shutdown] o.s.b.w.e.tomcat.GracefulShutdown        : Graceful shutdown complete
2025-08-16T14:35:16.912+08:00  INFO 14604 --- [skyBackend] [main] c.sky.skybackend.SkyBackendApplication   : Starting SkyBackendApplication using Java 21.0.4 with PID 14604 (D:\software\GitProject\skyBackend\target\classes started by W71one in D:\software\GitProject\skyBackend)
2025-08-16T14:35:16.914+08:00  INFO 14604 --- [skyBackend] [main] c.sky.skybackend.SkyBackendApplication   : No active profile set, falling back to 1 default profile: "default"
2025-08-16T14:35:17.568+08:00  INFO 14604 --- [skyBackend] [main] .s.d.r.c.RepositoryConfigurationDelegate : Multiple Spring Data modules found, entering strict repository configuration mode
2025-08-16T14:35:17.570+08:00  INFO 14604 --- [skyBackend] [main] .s.d.r.c.RepositoryConfigurationDelegate : Bootstrapping Spring Data Redis repositories in DEFAULT mode.
2025-08-16T14:35:17.597+08:00  INFO 14604 --- [skyBackend] [main] .s.d.r.c.RepositoryConfigurationDelegate : Finished Spring Data repository scanning in 13 ms. Found 0 Redis repository interfaces.
2025-08-16T14:35:18.031+08:00  INFO 14604 --- [skyBackend] [main] o.s.b.w.embedded.tomcat.TomcatWebServer  : Tomcat initialized with port 8081 (http)
2025-08-16T14:35:18.050+08:00  INFO 14604 --- [skyBackend] [main] o.apache.catalina.core.StandardService   : Starting service [Tomcat]
2025-08-16T14:35:18.051+08:00  INFO 14604 --- [skyBackend] [main] o.apache.catalina.core.StandardEngine    : Starting Servlet engine: [Apache Tomcat/10.1.43]
2025-08-16T14:35:18.097+08:00  INFO 14604 --- [skyBackend] [main] o.a.c.c.C.[Tomcat].[localhost].[/]       : Initializing Spring embedded WebApplicationContext
2025-08-16T14:35:18.097+08:00  INFO 14604 --- [skyBackend] [main] w.s.c.ServletWebServerApplicationContext : Root WebApplicationContext: initialization completed in 1150 ms
2025-08-16T14:35:18.192+08:00  WARN 14604 --- [skyBackend] [main] ConfigServletWebServerApplicationContext : Exception encountered during context initialization - cancelling refresh attempt: org.springframework.beans.factory.UnsatisfiedDependencyException: Error creating bean with name 'skyBackendApplication': Unsatisfied dependency expressed through field 'webSocketServer': Error creating bean with name 'webSocketServer': Unsatisfied dependency expressed through field 'webSocketChannelInitializer': Error creating bean with name 'webSocketChannelInitializer': Unsatisfied dependency expressed through field 'chatService': Error creating bean with name 'chatServiceImpl': Unsatisfied dependency expressed through field 'baseMapper': Error creating bean with name 'chatMapper' defined in file [D:\software\GitProject\skyBackend\target\classes\com\sky\skybackend\mapper\ChatMapper.class]: Cannot resolve reference to bean 'sqlSessionTemplate' while setting bean property 'sqlSessionTemplate'
2025-08-16T14:35:18.194+08:00  INFO 14604 --- [skyBackend] [main] o.apache.catalina.core.StandardService   : Stopping service [Tomcat]
2025-08-16T14:35:18.203+08:00  INFO 14604 --- [skyBackend] [main] .s.b.a.l.ConditionEvaluationReportLogger : 

Error starting ApplicationContext. To display the condition evaluation report re-run your application with 'debug' enabled.
2025-08-16T14:35:18.216+08:00 ERROR 14604 --- [skyBackend] [main] o.s.boot.SpringApplication               : Application run failed

org.springframework.beans.factory.UnsatisfiedDependencyException: Error creating bean with name 'skyBackendApplication': Unsatisfied dependency expressed through field 'webSocketServer': Error creating bean with name 'webSocketServer': Unsatisfied dependency expressed through field 'webSocketChannelInitializer': Error creating bean with name 'webSocketChannelInitializer': Unsatisfied dependency expressed through field 'chatService': Error creating bean with name 'chatServiceImpl': Unsatisfied dependency expressed through field 'baseMapper': Error creating bean with name 'chatMapper' defined in file [D:\software\GitProject\skyBackend\target\classes\com\sky\skybackend\mapper\ChatMapper.class]: Cannot resolve reference to bean 'sqlSessionTemplate' while setting bean property 'sqlSessionTemplate'
	at org.springframework.beans.factory.annotation.AutowiredAnnotationBeanPostProcessor$AutowiredFieldElement.resolveFieldValue(AutowiredAnnotationBeanPostProcessor.java:788) ~[spring-beans-6.2.9.jar:6.2.9]
	at org.springframework.beans.factory.annotation.AutowiredAnnotationBeanPostProcessor$AutowiredFieldElement.inject(AutowiredAnnotationBeanPostProcessor.java:768) ~[spring-beans-6.2.9.jar:6.2.9]
	at org.springframework.beans.factory.annotation.InjectionMetadata.inject(InjectionMetadata.java:146) ~[spring-beans-6.2.9.jar:6.2.9]
	at org.springframework.beans.factory.annotation.AutowiredAnnotationBeanPostProcessor.postProcessProperties(AutowiredAnnotationBeanPostProcessor.java:509) ~[spring-beans-6.2.9.jar:6.2.9]
	at org.springframework.beans.factory.support.AbstractAutowireCapableBeanFactory.populateBean(AbstractAutowireCapableBeanFactory.java:1459) ~[spring-beans-6.2.9.jar:6.2.9]
	at org.springframework.beans.factory.support.AbstractAutowireCapableBeanFactory.doCreateBean(AbstractAutowireCapableBeanFactory.java:606) ~[spring-beans-6.2.9.jar:6.2.9]
	at org.springframework.beans.factory.support.AbstractAutowireCapableBeanFactory.createBean(AbstractAutowireCapableBeanFactory.java:529) ~[spring-beans-6.2.9.jar:6.2.9]
	at org.springframework.beans.factory.support.AbstractBeanFactory.lambda$doGetBean$0(AbstractBeanFactory.java:339) ~[spring-beans-6.2.9.jar:6.2.9]
	at org.springframework.beans.factory.support.DefaultSingletonBeanRegistry.getSingleton(DefaultSingletonBeanRegistry.java:373) ~[spring-beans-6.2.9.jar:6.2.9]
	at org.springframework.beans.factory.support.AbstractBeanFactory.doGetBean(AbstractBeanFactory.java:337) ~[spring-beans-6.2.9.jar:6.2.9]
	at org.springframework.beans.factory.support.AbstractBeanFactory.getBean(AbstractBeanFactory.java:202) ~[spring-beans-6.2.9.jar:6.2.9]
	at org.springframework.beans.factory.support.DefaultListableBeanFactory.instantiateSingleton(DefaultListableBeanFactory.java:1222) ~[spring-beans-6.2.9.jar:6.2.9]
	at org.springframework.beans.factory.support.DefaultListableBeanFactory.preInstantiateSingleton(DefaultListableBeanFactory.java:1188) ~[spring-beans-6.2.9.jar:6.2.9]
	at org.springframework.beans.factory.support.DefaultListableBeanFactory.preInstantiateSingletons(DefaultListableBeanFactory.java:1123) ~[spring-beans-6.2.9.jar:6.2.9]
	at org.springframework.context.support.AbstractApplicationContext.finishBeanFactoryInitialization(AbstractApplicationContext.java:987) ~[spring-context-6.2.9.jar:6.2.9]
	at org.springframework.context.support.AbstractApplicationContext.refresh(AbstractApplicationContext.java:627) ~[spring-context-6.2.9.jar:6.2.9]
	at org.springframework.boot.web.servlet.context.ServletWebServerApplicationContext.refresh(ServletWebServerApplicationContext.java:146) ~[spring-boot-3.5.4.jar:3.5.4]
	at org.springframework.boot.SpringApplication.refresh(SpringApplication.java:752) ~[spring-boot-3.5.4.jar:3.5.4]
	at org.springframework.boot.SpringApplication.refreshContext(SpringApplication.java:439) ~[spring-boot-3.5.4.jar:3.5.4]
	at org.springframework.boot.SpringApplication.run(SpringApplication.java:318) ~[spring-boot-3.5.4.jar:3.5.4]
	at org.springframework.boot.SpringApplication.run(SpringApplication.java:1361) ~[spring-boot-3.5.4.jar:3.5.4]
	at org.springframework.boot.SpringApplication.run(SpringApplication.java:1350) ~[spring-boot-3.5.4.jar:3.5.4]
	at com.sky.skybackend.SkyBackendApplication.main(SkyBackendApplication.java:19) ~[classes/:na]
Caused by: org.springframework.beans.factory.UnsatisfiedDependencyException: Error creating bean with name 'webSocketServer': Unsatisfied dependency expressed through field 'webSocketChannelInitializer': Error creating bean with name 'webSocketChannelInitializer': Unsatisfied dependency expressed through field 'chatService': Error creating bean with name 'chatServiceImpl': Unsatisfied dependency expressed through field 'baseMapper': Error creating bean with name 'chatMapper' defined in file [D:\software\GitProject\skyBackend\target\classes\com\sky\skybackend\mapper\ChatMapper.class]: Cannot resolve reference to bean 'sqlSessionTemplate' while setting bean property 'sqlSessionTemplate'
	at org.springframework.beans.factory.annotation.AutowiredAnnotationBeanPostProcessor$AutowiredFieldElement.resolveFieldValue(AutowiredAnnotationBeanPostProcessor.java:788) ~[spring-beans-6.2.9.jar:6.2.9]
	at org.springframework.beans.factory.annotation.AutowiredAnnotationBeanPostProcessor$AutowiredFieldElement.inject(AutowiredAnnotationBeanPostProcessor.java:768) ~[spring-beans-6.2.9.jar:6.2.9]
	at org.springframework.beans.factory.annotation.InjectionMetadata.inject(InjectionMetadata.java:146) ~[spring-beans-6.2.9.jar:6.2.9]
	at org.springframework.beans.factory.annotation.AutowiredAnnotationBeanPostProcessor.postProcessProperties(AutowiredAnnotationBeanPostProcessor.java:509) ~[spring-beans-6.2.9.jar:6.2.9]
	at org.springframework.beans.factory.support.AbstractAutowireCapableBeanFactory.populateBean(AbstractAutowireCapableBeanFactory.java:1459) ~[spring-beans-6.2.9.jar:6.2.9]
	at org.springframework.beans.factory.support.AbstractAutowireCapableBeanFactory.doCreateBean(AbstractAutowireCapableBeanFactory.java:606) ~[spring-beans-6.2.9.jar:6.2.9]
	at org.springframework.beans.factory.support.AbstractAutowireCapableBeanFactory.createBean(AbstractAutowireCapableBeanFactory.java:529) ~[spring-beans-6.2.9.jar:6.2.9]
	at org.springframework.beans.factory.support.AbstractBeanFactory.lambda$doGetBean$0(AbstractBeanFactory.java:339) ~[spring-beans-6.2.9.jar:6.2.9]
	at org.springframework.beans.factory.support.DefaultSingletonBeanRegistry.getSingleton(DefaultSingletonBeanRegistry.java:373) ~[spring-beans-6.2.9.jar:6.2.9]
	at org.springframework.beans.factory.support.AbstractBeanFactory.doGetBean(AbstractBeanFactory.java:337) ~[spring-beans-6.2.9.jar:6.2.9]
	at org.springframework.beans.factory.support.AbstractBeanFactory.getBean(AbstractBeanFactory.java:202) ~[spring-beans-6.2.9.jar:6.2.9]
	at org.springframework.beans.factory.support.DefaultListableBeanFactory.doResolveDependency(DefaultListableBeanFactory.java:1683) ~[spring-beans-6.2.9.jar:6.2.9]
	at org.springframework.beans.factory.support.DefaultListableBeanFactory.resolveDependency(DefaultListableBeanFactory.java:1628) ~[spring-beans-6.2.9.jar:6.2.9]
	at org.springframework.beans.factory.annotation.AutowiredAnnotationBeanPostProcessor$AutowiredFieldElement.resolveFieldValue(AutowiredAnnotationBeanPostProcessor.java:785) ~[spring-beans-6.2.9.jar:6.2.9]
	... 22 common frames omitted
Caused by: org.springframework.beans.factory.UnsatisfiedDependencyException: Error creating bean with name 'webSocketChannelInitializer': Unsatisfied dependency expressed through field 'chatService': Error creating bean with name 'chatServiceImpl': Unsatisfied dependency expressed through field 'baseMapper': Error creating bean with name 'chatMapper' defined in file [D:\software\GitProject\skyBackend\target\classes\com\sky\skybackend\mapper\ChatMapper.class]: Cannot resolve reference to bean 'sqlSessionTemplate' while setting bean property 'sqlSessionTemplate'
	at org.springframework.beans.factory.annotation.AutowiredAnnotationBeanPostProcessor$AutowiredFieldElement.resolveFieldValue(AutowiredAnnotationBeanPostProcessor.java:788) ~[spring-beans-6.2.9.jar:6.2.9]
	at org.springframework.beans.factory.annotation.AutowiredAnnotationBeanPostProcessor$AutowiredFieldElement.inject(AutowiredAnnotationBeanPostProcessor.java:768) ~[spring-beans-6.2.9.jar:6.2.9]
	at org.springframework.beans.factory.annotation.InjectionMetadata.inject(InjectionMetadata.java:146) ~[spring-beans-6.2.9.jar:6.2.9]
	at org.springframework.beans.factory.annotation.AutowiredAnnotationBeanPostProcessor.postProcessProperties(AutowiredAnnotationBeanPostProcessor.java:509) ~[spring-beans-6.2.9.jar:6.2.9]
	at org.springframework.beans.factory.support.AbstractAutowireCapableBeanFactory.populateBean(AbstractAutowireCapableBeanFactory.java:1459) ~[spring-beans-6.2.9.jar:6.2.9]
	at org.springframework.beans.factory.support.AbstractAutowireCapableBeanFactory.doCreateBean(AbstractAutowireCapableBeanFactory.java:606) ~[spring-beans-6.2.9.jar:6.2.9]
	at org.springframework.beans.factory.support.AbstractAutowireCapableBeanFactory.createBean(AbstractAutowireCapableBeanFactory.java:529) ~[spring-beans-6.2.9.jar:6.2.9]
	at org.springframework.beans.factory.support.AbstractBeanFactory.lambda$doGetBean$0(AbstractBeanFactory.java:339) ~[spring-beans-6.2.9.jar:6.2.9]
	at org.springframework.beans.factory.support.DefaultSingletonBeanRegistry.getSingleton(DefaultSingletonBeanRegistry.java:373) ~[spring-beans-6.2.9.jar:6.2.9]
	at org.springframework.beans.factory.support.AbstractBeanFactory.doGetBean(AbstractBeanFactory.java:337) ~[spring-beans-6.2.9.jar:6.2.9]
	at org.springframework.beans.factory.support.AbstractBeanFactory.getBean(AbstractBeanFactory.java:202) ~[spring-beans-6.2.9.jar:6.2.9]
	at org.springframework.beans.factory.support.DefaultListableBeanFactory.doResolveDependency(DefaultListableBeanFactory.java:1683) ~[spring-beans-6.2.9.jar:6.2.9]
	at org.springframework.beans.factory.support.DefaultListableBeanFactory.resolveDependency(DefaultListableBeanFactory.java:1628) ~[spring-beans-6.2.9.jar:6.2.9]
	at org.springframework.beans.factory.annotation.AutowiredAnnotationBeanPostProcessor$AutowiredFieldElement.resolveFieldValue(AutowiredAnnotationBeanPostProcessor.java:785) ~[spring-beans-6.2.9.jar:6.2.9]
	... 35 common frames omitted
Caused by: org.springframework.beans.factory.UnsatisfiedDependencyException: Error creating bean with name 'chatServiceImpl': Unsatisfied dependency expressed through field 'baseMapper': Error creating bean with name 'chatMapper' defined in file [D:\software\GitProject\skyBackend\target\classes\com\sky\skybackend\mapper\ChatMapper.class]: Cannot resolve reference to bean 'sqlSessionTemplate' while setting bean property 'sqlSessionTemplate'
	at org.springframework.beans.factory.annotation.AutowiredAnnotationBeanPostProcessor$AutowiredFieldElement.resolveFieldValue(AutowiredAnnotationBeanPostProcessor.java:788) ~[spring-beans-6.2.9.jar:6.2.9]
	at org.springframework.beans.factory.annotation.AutowiredAnnotationBeanPostProcessor$AutowiredFieldElement.inject(AutowiredAnnotationBeanPostProcessor.java:768) ~[spring-beans-6.2.9.jar:6.2.9]
	at org.springframework.beans.factory.annotation.InjectionMetadata.inject(InjectionMetadata.java:146) ~[spring-beans-6.2.9.jar:6.2.9]
	at org.springframework.beans.factory.annotation.AutowiredAnnotationBeanPostProcessor.postProcessProperties(AutowiredAnnotationBeanPostProcessor.java:509) ~[spring-beans-6.2.9.jar:6.2.9]
	at org.springframework.beans.factory.support.AbstractAutowireCapableBeanFactory.populateBean(AbstractAutowireCapableBeanFactory.java:1459) ~[spring-beans-6.2.9.jar:6.2.9]
	at org.springframework.beans.factory.support.AbstractAutowireCapableBeanFactory.doCreateBean(AbstractAutowireCapableBeanFactory.java:606) ~[spring-beans-6.2.9.jar:6.2.9]
	at org.springframework.beans.factory.support.AbstractAutowireCapableBeanFactory.createBean(AbstractAutowireCapableBeanFactory.java:529) ~[spring-beans-6.2.9.jar:6.2.9]
	at org.springframework.beans.factory.support.AbstractBeanFactory.lambda$doGetBean$0(AbstractBeanFactory.java:339) ~[spring-beans-6.2.9.jar:6.2.9]
	at org.springframework.beans.factory.support.DefaultSingletonBeanRegistry.getSingleton(DefaultSingletonBeanRegistry.java:373) ~[spring-beans-6.2.9.jar:6.2.9]
	at org.springframework.beans.factory.support.AbstractBeanFactory.doGetBean(AbstractBeanFactory.java:337) ~[spring-beans-6.2.9.jar:6.2.9]
	at org.springframework.beans.factory.support.AbstractBeanFactory.getBean(AbstractBeanFactory.java:202) ~[spring-beans-6.2.9.jar:6.2.9]
	at org.springframework.beans.factory.config.DependencyDescriptor.resolveCandidate(DependencyDescriptor.java:254) ~[spring-beans-6.2.9.jar:6.2.9]
	at org.springframework.beans.factory.support.DefaultListableBeanFactory.doResolveDependency(DefaultListableBeanFactory.java:1745) ~[spring-beans-6.2.9.jar:6.2.9]
	at org.springframework.beans.factory.support.DefaultListableBeanFactory.resolveDependency(DefaultListableBeanFactory.java:1628) ~[spring-beans-6.2.9.jar:6.2.9]
	at org.springframework.beans.factory.annotation.AutowiredAnnotationBeanPostProcessor$AutowiredFieldElement.resolveFieldValue(AutowiredAnnotationBeanPostProcessor.java:785) ~[spring-beans-6.2.9.jar:6.2.9]
	... 48 common frames omitted
Caused by: org.springframework.beans.factory.BeanCreationException: Error creating bean with name 'chatMapper' defined in file [D:\software\GitProject\skyBackend\target\classes\com\sky\skybackend\mapper\ChatMapper.class]: Cannot resolve reference to bean 'sqlSessionTemplate' while setting bean property 'sqlSessionTemplate'
	at org.springframework.beans.factory.support.BeanDefinitionValueResolver.resolveReference(BeanDefinitionValueResolver.java:377) ~[spring-beans-6.2.9.jar:6.2.9]
	at org.springframework.beans.factory.support.BeanDefinitionValueResolver.resolveValueIfNecessary(BeanDefinitionValueResolver.java:135) ~[spring-beans-6.2.9.jar:6.2.9]
	at org.springframework.beans.factory.support.AbstractAutowireCapableBeanFactory.applyPropertyValues(AbstractAutowireCapableBeanFactory.java:1725) ~[spring-beans-6.2.9.jar:6.2.9]
	at org.springframework.beans.factory.support.AbstractAutowireCapableBeanFactory.populateBean(AbstractAutowireCapableBeanFactory.java:1474) ~[spring-beans-6.2.9.jar:6.2.9]
	at org.springframework.beans.factory.support.AbstractAutowireCapableBeanFactory.doCreateBean(AbstractAutowireCapableBeanFactory.java:606) ~[spring-beans-6.2.9.jar:6.2.9]
	at org.springframework.beans.factory.support.AbstractAutowireCapableBeanFactory.createBean(AbstractAutowireCapableBeanFactory.java:529) ~[spring-beans-6.2.9.jar:6.2.9]
	at org.springframework.beans.factory.support.AbstractBeanFactory.lambda$doGetBean$0(AbstractBeanFactory.java:339) ~[spring-beans-6.2.9.jar:6.2.9]
	at org.springframework.beans.factory.support.DefaultSingletonBeanRegistry.getSingleton(DefaultSingletonBeanRegistry.java:373) ~[spring-beans-6.2.9.jar:6.2.9]
	at org.springframework.beans.factory.support.AbstractBeanFactory.doGetBean(AbstractBeanFactory.java:337) ~[spring-beans-6.2.9.jar:6.2.9]
	at org.springframework.beans.factory.support.AbstractBeanFactory.getBean(AbstractBeanFactory.java:202) ~[spring-beans-6.2.9.jar:6.2.9]
	at org.springframework.beans.factory.config.DependencyDescriptor.resolveCandidate(DependencyDescriptor.java:254) ~[spring-beans-6.2.9.jar:6.2.9]
	at org.springframework.beans.factory.support.DefaultListableBeanFactory.doResolveDependency(DefaultListableBeanFactory.java:1745) ~[spring-beans-6.2.9.jar:6.2.9]
	at org.springframework.beans.factory.support.DefaultListableBeanFactory.resolveDependency(DefaultListableBeanFactory.java:1628) ~[spring-beans-6.2.9.jar:6.2.9]
	at org.springframework.beans.factory.annotation.AutowiredAnnotationBeanPostProcessor$AutowiredFieldElement.resolveFieldValue(AutowiredAnnotationBeanPostProcessor.java:785) ~[spring-beans-6.2.9.jar:6.2.9]
	... 62 common frames omitted
Caused by: org.springframework.beans.factory.BeanCreationException: Error creating bean with name 'jdbcChatMemoryScriptDatabaseInitializer' defined in class path resource [org/springframework/ai/model/chat/memory/repository/jdbc/autoconfigure/JdbcChatMemoryRepositoryAutoConfiguration.class]: No schema scripts found at location 'classpath:/schema-mysql.sql'
	at org.springframework.beans.factory.support.AbstractAutowireCapableBeanFactory.initializeBean(AbstractAutowireCapableBeanFactory.java:1826) ~[spring-beans-6.2.9.jar:6.2.9]
	at org.springframework.beans.factory.support.AbstractAutowireCapableBeanFactory.doCreateBean(AbstractAutowireCapableBeanFactory.java:607) ~[spring-beans-6.2.9.jar:6.2.9]
	at org.springframework.beans.factory.support.AbstractAutowireCapableBeanFactory.createBean(AbstractAutowireCapableBeanFactory.java:529) ~[spring-beans-6.2.9.jar:6.2.9]
	at org.springframework.beans.factory.support.AbstractBeanFactory.lambda$doGetBean$0(AbstractBeanFactory.java:339) ~[spring-beans-6.2.9.jar:6.2.9]
	at org.springframework.beans.factory.support.DefaultSingletonBeanRegistry.getSingleton(DefaultSingletonBeanRegistry.java:373) ~[spring-beans-6.2.9.jar:6.2.9]
	at org.springframework.beans.factory.support.AbstractBeanFactory.doGetBean(AbstractBeanFactory.java:337) ~[spring-beans-6.2.9.jar:6.2.9]
	at org.springframework.beans.factory.support.AbstractBeanFactory.getBean(AbstractBeanFactory.java:202) ~[spring-beans-6.2.9.jar:6.2.9]
	at org.springframework.beans.factory.support.AbstractBeanFactory.doGetBean(AbstractBeanFactory.java:315) ~[spring-beans-6.2.9.jar:6.2.9]
	at org.springframework.beans.factory.support.AbstractBeanFactory.getBean(AbstractBeanFactory.java:202) ~[spring-beans-6.2.9.jar:6.2.9]
	at org.springframework.beans.factory.support.BeanDefinitionValueResolver.resolveReference(BeanDefinitionValueResolver.java:365) ~[spring-beans-6.2.9.jar:6.2.9]
	... 75 common frames omitted
Caused by: java.lang.IllegalStateException: No schema scripts found at location 'classpath:/schema-mysql.sql'
	at org.springframework.boot.sql.init.AbstractScriptDatabaseInitializer.getScripts(AbstractScriptDatabaseInitializer.java:129) ~[spring-boot-3.5.4.jar:3.5.4]
	at org.springframework.boot.sql.init.AbstractScriptDatabaseInitializer.applyScripts(AbstractScriptDatabaseInitializer.java:106) ~[spring-boot-3.5.4.jar:3.5.4]
	at org.springframework.boot.sql.init.AbstractScriptDatabaseInitializer.applySchemaScripts(AbstractScriptDatabaseInitializer.java:98) ~[spring-boot-3.5.4.jar:3.5.4]
	at org.springframework.boot.sql.init.AbstractScriptDatabaseInitializer.initializeDatabase(AbstractScriptDatabaseInitializer.java:76) ~[spring-boot-3.5.4.jar:3.5.4]
	at org.springframework.boot.sql.init.AbstractScriptDatabaseInitializer.afterPropertiesSet(AbstractScriptDatabaseInitializer.java:66) ~[spring-boot-3.5.4.jar:3.5.4]
	at org.springframework.beans.factory.support.AbstractAutowireCapableBeanFactory.invokeInitMethods(AbstractAutowireCapableBeanFactory.java:1873) ~[spring-beans-6.2.9.jar:6.2.9]
	at org.springframework.beans.factory.support.AbstractAutowireCapableBeanFactory.initializeBean(AbstractAutowireCapableBeanFactory.java:1822) ~[spring-beans-6.2.9.jar:6.2.9]
	... 84 common frames omitted

2025-08-16T14:36:27.742+08:00  INFO 21724 --- [skyBackend] [main] c.sky.skybackend.SkyBackendApplication   : Starting SkyBackendApplication using Java 21.0.4 with PID 21724 (D:\software\GitProject\skyBackend\target\classes started by W71one in D:\software\GitProject\skyBackend)
2025-08-16T14:36:27.743+08:00  INFO 21724 --- [skyBackend] [main] c.sky.skybackend.SkyBackendApplication   : No active profile set, falling back to 1 default profile: "default"
2025-08-16T14:36:28.366+08:00  INFO 21724 --- [skyBackend] [main] .s.d.r.c.RepositoryConfigurationDelegate : Multiple Spring Data modules found, entering strict repository configuration mode
2025-08-16T14:36:28.368+08:00  INFO 21724 --- [skyBackend] [main] .s.d.r.c.RepositoryConfigurationDelegate : Bootstrapping Spring Data Redis repositories in DEFAULT mode.
2025-08-16T14:36:28.393+08:00  INFO 21724 --- [skyBackend] [main] .s.d.r.c.RepositoryConfigurationDelegate : Finished Spring Data repository scanning in 12 ms. Found 0 Redis repository interfaces.
2025-08-16T14:36:28.811+08:00  INFO 21724 --- [skyBackend] [main] o.s.b.w.embedded.tomcat.TomcatWebServer  : Tomcat initialized with port 8081 (http)
2025-08-16T14:36:28.823+08:00  INFO 21724 --- [skyBackend] [main] o.apache.catalina.core.StandardService   : Starting service [Tomcat]
2025-08-16T14:36:28.823+08:00  INFO 21724 --- [skyBackend] [main] o.apache.catalina.core.StandardEngine    : Starting Servlet engine: [Apache Tomcat/10.1.43]
2025-08-16T14:36:28.865+08:00  INFO 21724 --- [skyBackend] [main] o.a.c.c.C.[Tomcat].[localhost].[/]       : Initializing Spring embedded WebApplicationContext
2025-08-16T14:36:28.865+08:00  INFO 21724 --- [skyBackend] [main] w.s.c.ServletWebServerApplicationContext : Root WebApplicationContext: initialization completed in 1091 ms
2025-08-16T14:36:28.967+08:00  INFO 21724 --- [skyBackend] [main] com.zaxxer.hikari.HikariDataSource       : HikariPool-1 - Starting...
2025-08-16T14:36:29.231+08:00  INFO 21724 --- [skyBackend] [main] com.zaxxer.hikari.pool.HikariPool        : HikariPool-1 - Added connection com.mysql.cj.jdbc.ConnectionImpl@6d3163a6
2025-08-16T14:36:29.233+08:00  INFO 21724 --- [skyBackend] [main] com.zaxxer.hikari.HikariDataSource       : HikariPool-1 - Start completed.
2025-08-16T14:36:29.241+08:00  WARN 21724 --- [skyBackend] [main] ConfigServletWebServerApplicationContext : Exception encountered during context initialization - cancelling refresh attempt: org.springframework.beans.factory.UnsatisfiedDependencyException: Error creating bean with name 'skyBackendApplication': Unsatisfied dependency expressed through field 'webSocketServer': Error creating bean with name 'webSocketServer': Unsatisfied dependency expressed through field 'webSocketChannelInitializer': Error creating bean with name 'webSocketChannelInitializer': Unsatisfied dependency expressed through field 'chatService': Error creating bean with name 'chatServiceImpl': Unsatisfied dependency expressed through field 'baseMapper': Error creating bean with name 'chatMapper' defined in file [D:\software\GitProject\skyBackend\target\classes\com\sky\skybackend\mapper\ChatMapper.class]: Cannot resolve reference to bean 'sqlSessionTemplate' while setting bean property 'sqlSessionTemplate'
2025-08-16T14:36:29.241+08:00  INFO 21724 --- [skyBackend] [main] com.zaxxer.hikari.HikariDataSource       : HikariPool-1 - Shutdown initiated...
2025-08-16T14:36:29.244+08:00  INFO 21724 --- [skyBackend] [main] com.zaxxer.hikari.HikariDataSource       : HikariPool-1 - Shutdown completed.
2025-08-16T14:36:29.246+08:00  INFO 21724 --- [skyBackend] [main] o.apache.catalina.core.StandardService   : Stopping service [Tomcat]
2025-08-16T14:36:29.255+08:00  INFO 21724 --- [skyBackend] [main] .s.b.a.l.ConditionEvaluationReportLogger : 

Error starting ApplicationContext. To display the condition evaluation report re-run your application with 'debug' enabled.
2025-08-16T14:36:29.267+08:00 ERROR 21724 --- [skyBackend] [main] o.s.boot.SpringApplication               : Application run failed

org.springframework.beans.factory.UnsatisfiedDependencyException: Error creating bean with name 'skyBackendApplication': Unsatisfied dependency expressed through field 'webSocketServer': Error creating bean with name 'webSocketServer': Unsatisfied dependency expressed through field 'webSocketChannelInitializer': Error creating bean with name 'webSocketChannelInitializer': Unsatisfied dependency expressed through field 'chatService': Error creating bean with name 'chatServiceImpl': Unsatisfied dependency expressed through field 'baseMapper': Error creating bean with name 'chatMapper' defined in file [D:\software\GitProject\skyBackend\target\classes\com\sky\skybackend\mapper\ChatMapper.class]: Cannot resolve reference to bean 'sqlSessionTemplate' while setting bean property 'sqlSessionTemplate'
	at org.springframework.beans.factory.annotation.AutowiredAnnotationBeanPostProcessor$AutowiredFieldElement.resolveFieldValue(AutowiredAnnotationBeanPostProcessor.java:788) ~[spring-beans-6.2.9.jar:6.2.9]
	at org.springframework.beans.factory.annotation.AutowiredAnnotationBeanPostProcessor$AutowiredFieldElement.inject(AutowiredAnnotationBeanPostProcessor.java:768) ~[spring-beans-6.2.9.jar:6.2.9]
	at org.springframework.beans.factory.annotation.InjectionMetadata.inject(InjectionMetadata.java:146) ~[spring-beans-6.2.9.jar:6.2.9]
	at org.springframework.beans.factory.annotation.AutowiredAnnotationBeanPostProcessor.postProcessProperties(AutowiredAnnotationBeanPostProcessor.java:509) ~[spring-beans-6.2.9.jar:6.2.9]
	at org.springframework.beans.factory.support.AbstractAutowireCapableBeanFactory.populateBean(AbstractAutowireCapableBeanFactory.java:1459) ~[spring-beans-6.2.9.jar:6.2.9]
	at org.springframework.beans.factory.support.AbstractAutowireCapableBeanFactory.doCreateBean(AbstractAutowireCapableBeanFactory.java:606) ~[spring-beans-6.2.9.jar:6.2.9]
	at org.springframework.beans.factory.support.AbstractAutowireCapableBeanFactory.createBean(AbstractAutowireCapableBeanFactory.java:529) ~[spring-beans-6.2.9.jar:6.2.9]
	at org.springframework.beans.factory.support.AbstractBeanFactory.lambda$doGetBean$0(AbstractBeanFactory.java:339) ~[spring-beans-6.2.9.jar:6.2.9]
	at org.springframework.beans.factory.support.DefaultSingletonBeanRegistry.getSingleton(DefaultSingletonBeanRegistry.java:373) ~[spring-beans-6.2.9.jar:6.2.9]
	at org.springframework.beans.factory.support.AbstractBeanFactory.doGetBean(AbstractBeanFactory.java:337) ~[spring-beans-6.2.9.jar:6.2.9]
	at org.springframework.beans.factory.support.AbstractBeanFactory.getBean(AbstractBeanFactory.java:202) ~[spring-beans-6.2.9.jar:6.2.9]
	at org.springframework.beans.factory.support.DefaultListableBeanFactory.instantiateSingleton(DefaultListableBeanFactory.java:1222) ~[spring-beans-6.2.9.jar:6.2.9]
	at org.springframework.beans.factory.support.DefaultListableBeanFactory.preInstantiateSingleton(DefaultListableBeanFactory.java:1188) ~[spring-beans-6.2.9.jar:6.2.9]
	at org.springframework.beans.factory.support.DefaultListableBeanFactory.preInstantiateSingletons(DefaultListableBeanFactory.java:1123) ~[spring-beans-6.2.9.jar:6.2.9]
	at org.springframework.context.support.AbstractApplicationContext.finishBeanFactoryInitialization(AbstractApplicationContext.java:987) ~[spring-context-6.2.9.jar:6.2.9]
	at org.springframework.context.support.AbstractApplicationContext.refresh(AbstractApplicationContext.java:627) ~[spring-context-6.2.9.jar:6.2.9]
	at org.springframework.boot.web.servlet.context.ServletWebServerApplicationContext.refresh(ServletWebServerApplicationContext.java:146) ~[spring-boot-3.5.4.jar:3.5.4]
	at org.springframework.boot.SpringApplication.refresh(SpringApplication.java:752) ~[spring-boot-3.5.4.jar:3.5.4]
	at org.springframework.boot.SpringApplication.refreshContext(SpringApplication.java:439) ~[spring-boot-3.5.4.jar:3.5.4]
	at org.springframework.boot.SpringApplication.run(SpringApplication.java:318) ~[spring-boot-3.5.4.jar:3.5.4]
	at org.springframework.boot.SpringApplication.run(SpringApplication.java:1361) ~[spring-boot-3.5.4.jar:3.5.4]
	at org.springframework.boot.SpringApplication.run(SpringApplication.java:1350) ~[spring-boot-3.5.4.jar:3.5.4]
	at com.sky.skybackend.SkyBackendApplication.main(SkyBackendApplication.java:19) ~[classes/:na]
Caused by: org.springframework.beans.factory.UnsatisfiedDependencyException: Error creating bean with name 'webSocketServer': Unsatisfied dependency expressed through field 'webSocketChannelInitializer': Error creating bean with name 'webSocketChannelInitializer': Unsatisfied dependency expressed through field 'chatService': Error creating bean with name 'chatServiceImpl': Unsatisfied dependency expressed through field 'baseMapper': Error creating bean with name 'chatMapper' defined in file [D:\software\GitProject\skyBackend\target\classes\com\sky\skybackend\mapper\ChatMapper.class]: Cannot resolve reference to bean 'sqlSessionTemplate' while setting bean property 'sqlSessionTemplate'
	at org.springframework.beans.factory.annotation.AutowiredAnnotationBeanPostProcessor$AutowiredFieldElement.resolveFieldValue(AutowiredAnnotationBeanPostProcessor.java:788) ~[spring-beans-6.2.9.jar:6.2.9]
	at org.springframework.beans.factory.annotation.AutowiredAnnotationBeanPostProcessor$AutowiredFieldElement.inject(AutowiredAnnotationBeanPostProcessor.java:768) ~[spring-beans-6.2.9.jar:6.2.9]
	at org.springframework.beans.factory.annotation.InjectionMetadata.inject(InjectionMetadata.java:146) ~[spring-beans-6.2.9.jar:6.2.9]
	at org.springframework.beans.factory.annotation.AutowiredAnnotationBeanPostProcessor.postProcessProperties(AutowiredAnnotationBeanPostProcessor.java:509) ~[spring-beans-6.2.9.jar:6.2.9]
	at org.springframework.beans.factory.support.AbstractAutowireCapableBeanFactory.populateBean(AbstractAutowireCapableBeanFactory.java:1459) ~[spring-beans-6.2.9.jar:6.2.9]
	at org.springframework.beans.factory.support.AbstractAutowireCapableBeanFactory.doCreateBean(AbstractAutowireCapableBeanFactory.java:606) ~[spring-beans-6.2.9.jar:6.2.9]
	at org.springframework.beans.factory.support.AbstractAutowireCapableBeanFactory.createBean(AbstractAutowireCapableBeanFactory.java:529) ~[spring-beans-6.2.9.jar:6.2.9]
	at org.springframework.beans.factory.support.AbstractBeanFactory.lambda$doGetBean$0(AbstractBeanFactory.java:339) ~[spring-beans-6.2.9.jar:6.2.9]
	at org.springframework.beans.factory.support.DefaultSingletonBeanRegistry.getSingleton(DefaultSingletonBeanRegistry.java:373) ~[spring-beans-6.2.9.jar:6.2.9]
	at org.springframework.beans.factory.support.AbstractBeanFactory.doGetBean(AbstractBeanFactory.java:337) ~[spring-beans-6.2.9.jar:6.2.9]
	at org.springframework.beans.factory.support.AbstractBeanFactory.getBean(AbstractBeanFactory.java:202) ~[spring-beans-6.2.9.jar:6.2.9]
	at org.springframework.beans.factory.support.DefaultListableBeanFactory.doResolveDependency(DefaultListableBeanFactory.java:1683) ~[spring-beans-6.2.9.jar:6.2.9]
	at org.springframework.beans.factory.support.DefaultListableBeanFactory.resolveDependency(DefaultListableBeanFactory.java:1628) ~[spring-beans-6.2.9.jar:6.2.9]
	at org.springframework.beans.factory.annotation.AutowiredAnnotationBeanPostProcessor$AutowiredFieldElement.resolveFieldValue(AutowiredAnnotationBeanPostProcessor.java:785) ~[spring-beans-6.2.9.jar:6.2.9]
	... 22 common frames omitted
Caused by: org.springframework.beans.factory.UnsatisfiedDependencyException: Error creating bean with name 'webSocketChannelInitializer': Unsatisfied dependency expressed through field 'chatService': Error creating bean with name 'chatServiceImpl': Unsatisfied dependency expressed through field 'baseMapper': Error creating bean with name 'chatMapper' defined in file [D:\software\GitProject\skyBackend\target\classes\com\sky\skybackend\mapper\ChatMapper.class]: Cannot resolve reference to bean 'sqlSessionTemplate' while setting bean property 'sqlSessionTemplate'
	at org.springframework.beans.factory.annotation.AutowiredAnnotationBeanPostProcessor$AutowiredFieldElement.resolveFieldValue(AutowiredAnnotationBeanPostProcessor.java:788) ~[spring-beans-6.2.9.jar:6.2.9]
	at org.springframework.beans.factory.annotation.AutowiredAnnotationBeanPostProcessor$AutowiredFieldElement.inject(AutowiredAnnotationBeanPostProcessor.java:768) ~[spring-beans-6.2.9.jar:6.2.9]
	at org.springframework.beans.factory.annotation.InjectionMetadata.inject(InjectionMetadata.java:146) ~[spring-beans-6.2.9.jar:6.2.9]
	at org.springframework.beans.factory.annotation.AutowiredAnnotationBeanPostProcessor.postProcessProperties(AutowiredAnnotationBeanPostProcessor.java:509) ~[spring-beans-6.2.9.jar:6.2.9]
	at org.springframework.beans.factory.support.AbstractAutowireCapableBeanFactory.populateBean(AbstractAutowireCapableBeanFactory.java:1459) ~[spring-beans-6.2.9.jar:6.2.9]
	at org.springframework.beans.factory.support.AbstractAutowireCapableBeanFactory.doCreateBean(AbstractAutowireCapableBeanFactory.java:606) ~[spring-beans-6.2.9.jar:6.2.9]
	at org.springframework.beans.factory.support.AbstractAutowireCapableBeanFactory.createBean(AbstractAutowireCapableBeanFactory.java:529) ~[spring-beans-6.2.9.jar:6.2.9]
	at org.springframework.beans.factory.support.AbstractBeanFactory.lambda$doGetBean$0(AbstractBeanFactory.java:339) ~[spring-beans-6.2.9.jar:6.2.9]
	at org.springframework.beans.factory.support.DefaultSingletonBeanRegistry.getSingleton(DefaultSingletonBeanRegistry.java:373) ~[spring-beans-6.2.9.jar:6.2.9]
	at org.springframework.beans.factory.support.AbstractBeanFactory.doGetBean(AbstractBeanFactory.java:337) ~[spring-beans-6.2.9.jar:6.2.9]
	at org.springframework.beans.factory.support.AbstractBeanFactory.getBean(AbstractBeanFactory.java:202) ~[spring-beans-6.2.9.jar:6.2.9]
	at org.springframework.beans.factory.support.DefaultListableBeanFactory.doResolveDependency(DefaultListableBeanFactory.java:1683) ~[spring-beans-6.2.9.jar:6.2.9]
	at org.springframework.beans.factory.support.DefaultListableBeanFactory.resolveDependency(DefaultListableBeanFactory.java:1628) ~[spring-beans-6.2.9.jar:6.2.9]
	at org.springframework.beans.factory.annotation.AutowiredAnnotationBeanPostProcessor$AutowiredFieldElement.resolveFieldValue(AutowiredAnnotationBeanPostProcessor.java:785) ~[spring-beans-6.2.9.jar:6.2.9]
	... 35 common frames omitted
Caused by: org.springframework.beans.factory.UnsatisfiedDependencyException: Error creating bean with name 'chatServiceImpl': Unsatisfied dependency expressed through field 'baseMapper': Error creating bean with name 'chatMapper' defined in file [D:\software\GitProject\skyBackend\target\classes\com\sky\skybackend\mapper\ChatMapper.class]: Cannot resolve reference to bean 'sqlSessionTemplate' while setting bean property 'sqlSessionTemplate'
	at org.springframework.beans.factory.annotation.AutowiredAnnotationBeanPostProcessor$AutowiredFieldElement.resolveFieldValue(AutowiredAnnotationBeanPostProcessor.java:788) ~[spring-beans-6.2.9.jar:6.2.9]
	at org.springframework.beans.factory.annotation.AutowiredAnnotationBeanPostProcessor$AutowiredFieldElement.inject(AutowiredAnnotationBeanPostProcessor.java:768) ~[spring-beans-6.2.9.jar:6.2.9]
	at org.springframework.beans.factory.annotation.InjectionMetadata.inject(InjectionMetadata.java:146) ~[spring-beans-6.2.9.jar:6.2.9]
	at org.springframework.beans.factory.annotation.AutowiredAnnotationBeanPostProcessor.postProcessProperties(AutowiredAnnotationBeanPostProcessor.java:509) ~[spring-beans-6.2.9.jar:6.2.9]
	at org.springframework.beans.factory.support.AbstractAutowireCapableBeanFactory.populateBean(AbstractAutowireCapableBeanFactory.java:1459) ~[spring-beans-6.2.9.jar:6.2.9]
	at org.springframework.beans.factory.support.AbstractAutowireCapableBeanFactory.doCreateBean(AbstractAutowireCapableBeanFactory.java:606) ~[spring-beans-6.2.9.jar:6.2.9]
	at org.springframework.beans.factory.support.AbstractAutowireCapableBeanFactory.createBean(AbstractAutowireCapableBeanFactory.java:529) ~[spring-beans-6.2.9.jar:6.2.9]
	at org.springframework.beans.factory.support.AbstractBeanFactory.lambda$doGetBean$0(AbstractBeanFactory.java:339) ~[spring-beans-6.2.9.jar:6.2.9]
	at org.springframework.beans.factory.support.DefaultSingletonBeanRegistry.getSingleton(DefaultSingletonBeanRegistry.java:373) ~[spring-beans-6.2.9.jar:6.2.9]
	at org.springframework.beans.factory.support.AbstractBeanFactory.doGetBean(AbstractBeanFactory.java:337) ~[spring-beans-6.2.9.jar:6.2.9]
	at org.springframework.beans.factory.support.AbstractBeanFactory.getBean(AbstractBeanFactory.java:202) ~[spring-beans-6.2.9.jar:6.2.9]
	at org.springframework.beans.factory.config.DependencyDescriptor.resolveCandidate(DependencyDescriptor.java:254) ~[spring-beans-6.2.9.jar:6.2.9]
	at org.springframework.beans.factory.support.DefaultListableBeanFactory.doResolveDependency(DefaultListableBeanFactory.java:1745) ~[spring-beans-6.2.9.jar:6.2.9]
	at org.springframework.beans.factory.support.DefaultListableBeanFactory.resolveDependency(DefaultListableBeanFactory.java:1628) ~[spring-beans-6.2.9.jar:6.2.9]
	at org.springframework.beans.factory.annotation.AutowiredAnnotationBeanPostProcessor$AutowiredFieldElement.resolveFieldValue(AutowiredAnnotationBeanPostProcessor.java:785) ~[spring-beans-6.2.9.jar:6.2.9]
	... 48 common frames omitted
Caused by: org.springframework.beans.factory.BeanCreationException: Error creating bean with name 'chatMapper' defined in file [D:\software\GitProject\skyBackend\target\classes\com\sky\skybackend\mapper\ChatMapper.class]: Cannot resolve reference to bean 'sqlSessionTemplate' while setting bean property 'sqlSessionTemplate'
	at org.springframework.beans.factory.support.BeanDefinitionValueResolver.resolveReference(BeanDefinitionValueResolver.java:377) ~[spring-beans-6.2.9.jar:6.2.9]
	at org.springframework.beans.factory.support.BeanDefinitionValueResolver.resolveValueIfNecessary(BeanDefinitionValueResolver.java:135) ~[spring-beans-6.2.9.jar:6.2.9]
	at org.springframework.beans.factory.support.AbstractAutowireCapableBeanFactory.applyPropertyValues(AbstractAutowireCapableBeanFactory.java:1725) ~[spring-beans-6.2.9.jar:6.2.9]
	at org.springframework.beans.factory.support.AbstractAutowireCapableBeanFactory.populateBean(AbstractAutowireCapableBeanFactory.java:1474) ~[spring-beans-6.2.9.jar:6.2.9]
	at org.springframework.beans.factory.support.AbstractAutowireCapableBeanFactory.doCreateBean(AbstractAutowireCapableBeanFactory.java:606) ~[spring-beans-6.2.9.jar:6.2.9]
	at org.springframework.beans.factory.support.AbstractAutowireCapableBeanFactory.createBean(AbstractAutowireCapableBeanFactory.java:529) ~[spring-beans-6.2.9.jar:6.2.9]
	at org.springframework.beans.factory.support.AbstractBeanFactory.lambda$doGetBean$0(AbstractBeanFactory.java:339) ~[spring-beans-6.2.9.jar:6.2.9]
	at org.springframework.beans.factory.support.DefaultSingletonBeanRegistry.getSingleton(DefaultSingletonBeanRegistry.java:373) ~[spring-beans-6.2.9.jar:6.2.9]
	at org.springframework.beans.factory.support.AbstractBeanFactory.doGetBean(AbstractBeanFactory.java:337) ~[spring-beans-6.2.9.jar:6.2.9]
	at org.springframework.beans.factory.support.AbstractBeanFactory.getBean(AbstractBeanFactory.java:202) ~[spring-beans-6.2.9.jar:6.2.9]
	at org.springframework.beans.factory.config.DependencyDescriptor.resolveCandidate(DependencyDescriptor.java:254) ~[spring-beans-6.2.9.jar:6.2.9]
	at org.springframework.beans.factory.support.DefaultListableBeanFactory.doResolveDependency(DefaultListableBeanFactory.java:1745) ~[spring-beans-6.2.9.jar:6.2.9]
	at org.springframework.beans.factory.support.DefaultListableBeanFactory.resolveDependency(DefaultListableBeanFactory.java:1628) ~[spring-beans-6.2.9.jar:6.2.9]
	at org.springframework.beans.factory.annotation.AutowiredAnnotationBeanPostProcessor$AutowiredFieldElement.resolveFieldValue(AutowiredAnnotationBeanPostProcessor.java:785) ~[spring-beans-6.2.9.jar:6.2.9]
	... 62 common frames omitted
Caused by: org.springframework.beans.factory.BeanCreationException: Error creating bean with name 'jdbcChatMemoryScriptDatabaseInitializer' defined in class path resource [org/springframework/ai/model/chat/memory/repository/jdbc/autoconfigure/JdbcChatMemoryRepositoryAutoConfiguration.class]: No schema scripts found at location 'classpath:org/springframework/ai/chat/memory/repository/jdbc/schema-mysql.sql'
	at org.springframework.beans.factory.support.AbstractAutowireCapableBeanFactory.initializeBean(AbstractAutowireCapableBeanFactory.java:1826) ~[spring-beans-6.2.9.jar:6.2.9]
	at org.springframework.beans.factory.support.AbstractAutowireCapableBeanFactory.doCreateBean(AbstractAutowireCapableBeanFactory.java:607) ~[spring-beans-6.2.9.jar:6.2.9]
	at org.springframework.beans.factory.support.AbstractAutowireCapableBeanFactory.createBean(AbstractAutowireCapableBeanFactory.java:529) ~[spring-beans-6.2.9.jar:6.2.9]
	at org.springframework.beans.factory.support.AbstractBeanFactory.lambda$doGetBean$0(AbstractBeanFactory.java:339) ~[spring-beans-6.2.9.jar:6.2.9]
	at org.springframework.beans.factory.support.DefaultSingletonBeanRegistry.getSingleton(DefaultSingletonBeanRegistry.java:373) ~[spring-beans-6.2.9.jar:6.2.9]
	at org.springframework.beans.factory.support.AbstractBeanFactory.doGetBean(AbstractBeanFactory.java:337) ~[spring-beans-6.2.9.jar:6.2.9]
	at org.springframework.beans.factory.support.AbstractBeanFactory.getBean(AbstractBeanFactory.java:202) ~[spring-beans-6.2.9.jar:6.2.9]
	at org.springframework.beans.factory.support.AbstractBeanFactory.doGetBean(AbstractBeanFactory.java:315) ~[spring-beans-6.2.9.jar:6.2.9]
	at org.springframework.beans.factory.support.AbstractBeanFactory.getBean(AbstractBeanFactory.java:202) ~[spring-beans-6.2.9.jar:6.2.9]
	at org.springframework.beans.factory.support.BeanDefinitionValueResolver.resolveReference(BeanDefinitionValueResolver.java:365) ~[spring-beans-6.2.9.jar:6.2.9]
	... 75 common frames omitted
Caused by: java.lang.IllegalStateException: No schema scripts found at location 'classpath:org/springframework/ai/chat/memory/repository/jdbc/schema-mysql.sql'
	at org.springframework.boot.sql.init.AbstractScriptDatabaseInitializer.getScripts(AbstractScriptDatabaseInitializer.java:129) ~[spring-boot-3.5.4.jar:3.5.4]
	at org.springframework.boot.sql.init.AbstractScriptDatabaseInitializer.applyScripts(AbstractScriptDatabaseInitializer.java:106) ~[spring-boot-3.5.4.jar:3.5.4]
	at org.springframework.boot.sql.init.AbstractScriptDatabaseInitializer.applySchemaScripts(AbstractScriptDatabaseInitializer.java:98) ~[spring-boot-3.5.4.jar:3.5.4]
	at org.springframework.boot.sql.init.AbstractScriptDatabaseInitializer.initializeDatabase(AbstractScriptDatabaseInitializer.java:76) ~[spring-boot-3.5.4.jar:3.5.4]
	at org.springframework.boot.sql.init.AbstractScriptDatabaseInitializer.afterPropertiesSet(AbstractScriptDatabaseInitializer.java:66) ~[spring-boot-3.5.4.jar:3.5.4]
	at org.springframework.beans.factory.support.AbstractAutowireCapableBeanFactory.invokeInitMethods(AbstractAutowireCapableBeanFactory.java:1873) ~[spring-beans-6.2.9.jar:6.2.9]
	at org.springframework.beans.factory.support.AbstractAutowireCapableBeanFactory.initializeBean(AbstractAutowireCapableBeanFactory.java:1822) ~[spring-beans-6.2.9.jar:6.2.9]
	... 84 common frames omitted

2025-08-16T14:38:43.094+08:00  INFO 16968 --- [skyBackend] [main] c.sky.skybackend.SkyBackendApplication   : Starting SkyBackendApplication using Java 21.0.4 with PID 16968 (D:\software\GitProject\skyBackend\target\classes started by W71one in D:\software\GitProject\skyBackend)
2025-08-16T14:38:43.097+08:00  INFO 16968 --- [skyBackend] [main] c.sky.skybackend.SkyBackendApplication   : No active profile set, falling back to 1 default profile: "default"
2025-08-16T14:38:43.753+08:00  INFO 16968 --- [skyBackend] [main] .s.d.r.c.RepositoryConfigurationDelegate : Multiple Spring Data modules found, entering strict repository configuration mode
2025-08-16T14:38:43.755+08:00  INFO 16968 --- [skyBackend] [main] .s.d.r.c.RepositoryConfigurationDelegate : Bootstrapping Spring Data Redis repositories in DEFAULT mode.
2025-08-16T14:38:43.779+08:00  INFO 16968 --- [skyBackend] [main] .s.d.r.c.RepositoryConfigurationDelegate : Finished Spring Data repository scanning in 12 ms. Found 0 Redis repository interfaces.
2025-08-16T14:38:44.203+08:00  INFO 16968 --- [skyBackend] [main] o.s.b.w.embedded.tomcat.TomcatWebServer  : Tomcat initialized with port 8081 (http)
2025-08-16T14:38:44.223+08:00  INFO 16968 --- [skyBackend] [main] o.apache.catalina.core.StandardService   : Starting service [Tomcat]
2025-08-16T14:38:44.224+08:00  INFO 16968 --- [skyBackend] [main] o.apache.catalina.core.StandardEngine    : Starting Servlet engine: [Apache Tomcat/10.1.43]
2025-08-16T14:38:44.268+08:00  INFO 16968 --- [skyBackend] [main] o.a.c.c.C.[Tomcat].[localhost].[/]       : Initializing Spring embedded WebApplicationContext
2025-08-16T14:38:44.268+08:00  INFO 16968 --- [skyBackend] [main] w.s.c.ServletWebServerApplicationContext : Root WebApplicationContext: initialization completed in 1136 ms
2025-08-16T14:38:44.378+08:00  INFO 16968 --- [skyBackend] [main] com.zaxxer.hikari.HikariDataSource       : HikariPool-1 - Starting...
2025-08-16T14:38:44.630+08:00  INFO 16968 --- [skyBackend] [main] com.zaxxer.hikari.pool.HikariPool        : HikariPool-1 - Added connection com.mysql.cj.jdbc.ConnectionImpl@660296d5
2025-08-16T14:38:44.631+08:00  INFO 16968 --- [skyBackend] [main] com.zaxxer.hikari.HikariDataSource       : HikariPool-1 - Start completed.
2025-08-16T14:38:45.950+08:00  INFO 16968 --- [skyBackend] [main] com.sky.skybackend.config.RedisConfig    : RedisTemplate配置完成
2025-08-16T14:38:46.284+08:00  INFO 16968 --- [skyBackend] [main] o.s.b.w.embedded.tomcat.TomcatWebServer  : Tomcat started on port 8081 (http) with context path '/'
2025-08-16T14:38:46.294+08:00  INFO 16968 --- [skyBackend] [main] c.sky.skybackend.SkyBackendApplication   : Started SkyBackendApplication in 3.594 seconds (process running for 4.092)
2025-08-16T14:39:05.666+08:00  INFO 16968 --- [skyBackend] [http-nio-8081-exec-1] o.a.c.c.C.[Tomcat].[localhost].[/]       : Initializing Spring DispatcherServlet 'dispatcherServlet'
2025-08-16T14:39:05.667+08:00  INFO 16968 --- [skyBackend] [http-nio-8081-exec-1] o.s.web.servlet.DispatcherServlet        : Initializing Servlet 'dispatcherServlet'
2025-08-16T14:39:05.668+08:00  INFO 16968 --- [skyBackend] [http-nio-8081-exec-1] o.s.web.servlet.DispatcherServlet        : Completed initialization in 1 ms
2025-08-16T14:39:05.671+08:00  INFO 16968 --- [skyBackend] [http-nio-8081-exec-1] com.sky.skybackend.filter.TokenFilter    : 通用请求, 放行
2025-08-16T14:39:05.671+08:00  INFO 16968 --- [skyBackend] [http-nio-8081-exec-1] com.sky.skybackend.filter.TokenFilter    : 通用请求, 放行
2025-08-16T14:39:05.735+08:00 DEBUG 16968 --- [skyBackend] [http-nio-8081-exec-1] o.s.a.c.c.a.PromptChatMemoryAdvisor      : [PromptChatMemoryAdvisor.before] Memory before processing for conversationId=2: []
2025-08-16T14:39:07.355+08:00 DEBUG 16968 --- [skyBackend] [http-nio-8081-exec-1] o.s.a.c.c.a.PromptChatMemoryAdvisor      : [PromptChatMemoryAdvisor.after] Added ASSISTANT messages to memory for conversationId=2: [AssistantMessage [messageType=ASSISTANT, toolCalls=[], textContent=1+1等于2哦~(≧▽≦), metadata={finishReason=STOP, id=58057fc2-5736-9fb0-a1b4-91cc6511eeb8, role=ASSISTANT, messageType=ASSISTANT, reasoningContent=}]]
2025-08-16T14:39:07.357+08:00 DEBUG 16968 --- [skyBackend] [http-nio-8081-exec-1] o.s.a.c.c.a.PromptChatMemoryAdvisor      : [PromptChatMemoryAdvisor.after] Memory after ASSISTANT add for conversationId=2: [UserMessage{content='1 1是多少', properties={messageType=USER}, messageType=USER}, AssistantMessage [messageType=ASSISTANT, toolCalls=[], textContent=1+1等于2哦~(≧▽≦), metadata={messageType=ASSISTANT}]]
2025-08-16T14:39:34.199+08:00  INFO 16968 --- [skyBackend] [SpringApplicationShutdownHook] o.s.b.w.e.tomcat.GracefulShutdown        : Commencing graceful shutdown. Waiting for active requests to complete
2025-08-16T14:39:34.208+08:00  INFO 16968 --- [skyBackend] [tomcat-shutdown] o.s.b.w.e.tomcat.GracefulShutdown        : Graceful shutdown complete
2025-08-16T14:39:34.220+08:00  INFO 16968 --- [skyBackend] [SpringApplicationShutdownHook] com.zaxxer.hikari.HikariDataSource       : HikariPool-1 - Shutdown initiated...
2025-08-16T14:39:34.223+08:00  INFO 16968 --- [skyBackend] [SpringApplicationShutdownHook] com.zaxxer.hikari.HikariDataSource       : HikariPool-1 - Shutdown completed.
2025-08-16T14:39:37.027+08:00  INFO 16628 --- [skyBackend] [main] c.sky.skybackend.SkyBackendApplication   : Starting SkyBackendApplication using Java 21.0.4 with PID 16628 (D:\software\GitProject\skyBackend\target\classes started by W71one in D:\software\GitProject\skyBackend)
2025-08-16T14:39:37.029+08:00  INFO 16628 --- [skyBackend] [main] c.sky.skybackend.SkyBackendApplication   : No active profile set, falling back to 1 default profile: "default"
2025-08-16T14:39:37.676+08:00  INFO 16628 --- [skyBackend] [main] .s.d.r.c.RepositoryConfigurationDelegate : Multiple Spring Data modules found, entering strict repository configuration mode
2025-08-16T14:39:37.678+08:00  INFO 16628 --- [skyBackend] [main] .s.d.r.c.RepositoryConfigurationDelegate : Bootstrapping Spring Data Redis repositories in DEFAULT mode.
2025-08-16T14:39:37.702+08:00  INFO 16628 --- [skyBackend] [main] .s.d.r.c.RepositoryConfigurationDelegate : Finished Spring Data repository scanning in 12 ms. Found 0 Redis repository interfaces.
2025-08-16T14:39:38.124+08:00  INFO 16628 --- [skyBackend] [main] o.s.b.w.embedded.tomcat.TomcatWebServer  : Tomcat initialized with port 8081 (http)
2025-08-16T14:39:38.135+08:00  INFO 16628 --- [skyBackend] [main] o.apache.catalina.core.StandardService   : Starting service [Tomcat]
2025-08-16T14:39:38.136+08:00  INFO 16628 --- [skyBackend] [main] o.apache.catalina.core.StandardEngine    : Starting Servlet engine: [Apache Tomcat/10.1.43]
2025-08-16T14:39:38.186+08:00  INFO 16628 --- [skyBackend] [main] o.a.c.c.C.[Tomcat].[localhost].[/]       : Initializing Spring embedded WebApplicationContext
2025-08-16T14:39:38.187+08:00  INFO 16628 --- [skyBackend] [main] w.s.c.ServletWebServerApplicationContext : Root WebApplicationContext: initialization completed in 1125 ms
2025-08-16T14:39:38.282+08:00  INFO 16628 --- [skyBackend] [main] com.zaxxer.hikari.HikariDataSource       : HikariPool-1 - Starting...
2025-08-16T14:39:38.533+08:00  INFO 16628 --- [skyBackend] [main] com.zaxxer.hikari.pool.HikariPool        : HikariPool-1 - Added connection com.mysql.cj.jdbc.ConnectionImpl@1bfa3893
2025-08-16T14:39:38.534+08:00  INFO 16628 --- [skyBackend] [main] com.zaxxer.hikari.HikariDataSource       : HikariPool-1 - Start completed.
2025-08-16T14:39:39.728+08:00  INFO 16628 --- [skyBackend] [main] com.sky.skybackend.config.RedisConfig    : RedisTemplate配置完成
2025-08-16T14:39:40.075+08:00  INFO 16628 --- [skyBackend] [main] o.s.b.w.embedded.tomcat.TomcatWebServer  : Tomcat started on port 8081 (http) with context path '/'
2025-08-16T14:39:40.082+08:00  INFO 16628 --- [skyBackend] [main] c.sky.skybackend.SkyBackendApplication   : Started SkyBackendApplication in 3.439 seconds (process running for 3.946)
2025-08-16T14:39:51.488+08:00  INFO 16628 --- [skyBackend] [http-nio-8081-exec-1] o.a.c.c.C.[Tomcat].[localhost].[/]       : Initializing Spring DispatcherServlet 'dispatcherServlet'
2025-08-16T14:39:51.489+08:00  INFO 16628 --- [skyBackend] [http-nio-8081-exec-1] o.s.web.servlet.DispatcherServlet        : Initializing Servlet 'dispatcherServlet'
2025-08-16T14:39:51.489+08:00  INFO 16628 --- [skyBackend] [http-nio-8081-exec-1] o.s.web.servlet.DispatcherServlet        : Completed initialization in 0 ms
2025-08-16T14:39:51.493+08:00  INFO 16628 --- [skyBackend] [http-nio-8081-exec-1] com.sky.skybackend.filter.TokenFilter    : 通用请求, 放行
2025-08-16T14:39:51.493+08:00  INFO 16628 --- [skyBackend] [http-nio-8081-exec-1] com.sky.skybackend.filter.TokenFilter    : 通用请求, 放行
2025-08-16T14:39:51.555+08:00 DEBUG 16628 --- [skyBackend] [http-nio-8081-exec-1] o.s.a.c.c.a.PromptChatMemoryAdvisor      : [PromptChatMemoryAdvisor.before] Memory before processing for conversationId=2: [UserMessage{content='1 1是多少', properties={messageType=USER}, messageType=USER}, AssistantMessage [messageType=ASSISTANT, toolCalls=[], textContent=1+1等于2哦~(≧▽≦), metadata={messageType=ASSISTANT}]]
2025-08-16T14:39:52.589+08:00 DEBUG 16628 --- [skyBackend] [http-nio-8081-exec-1] o.s.a.c.c.a.PromptChatMemoryAdvisor      : [PromptChatMemoryAdvisor.after] Added ASSISTANT messages to memory for conversationId=2: [AssistantMessage [messageType=ASSISTANT, toolCalls=[], textContent=1+1等于2哦~(≧▽≦), metadata={finishReason=STOP, id=b49d654b-678d-9eb2-9be7-28e6071c2475, role=ASSISTANT, messageType=ASSISTANT, reasoningContent=}]]
2025-08-16T14:39:52.590+08:00 DEBUG 16628 --- [skyBackend] [http-nio-8081-exec-1] o.s.a.c.c.a.PromptChatMemoryAdvisor      : [PromptChatMemoryAdvisor.after] Memory after ASSISTANT add for conversationId=2: [UserMessage{content='1 1是多少', properties={messageType=USER}, messageType=USER}, AssistantMessage [messageType=ASSISTANT, toolCalls=[], textContent=1+1等于2哦~(≧▽≦), metadata={messageType=ASSISTANT}], UserMessage{content='1 1是多少', properties={messageType=USER}, messageType=USER}, AssistantMessage [messageType=ASSISTANT, toolCalls=[], textContent=1+1等于2哦~(≧▽≦), metadata={messageType=ASSISTANT}]]
2025-08-16T14:40:09.618+08:00  INFO 16628 --- [skyBackend] [SpringApplicationShutdownHook] o.s.b.w.e.tomcat.GracefulShutdown        : Commencing graceful shutdown. Waiting for active requests to complete
2025-08-16T14:40:09.627+08:00  INFO 16628 --- [skyBackend] [tomcat-shutdown] o.s.b.w.e.tomcat.GracefulShutdown        : Graceful shutdown complete
2025-08-16T14:40:09.639+08:00  INFO 16628 --- [skyBackend] [SpringApplicationShutdownHook] com.zaxxer.hikari.HikariDataSource       : HikariPool-1 - Shutdown initiated...
2025-08-16T14:40:09.642+08:00  INFO 16628 --- [skyBackend] [SpringApplicationShutdownHook] com.zaxxer.hikari.HikariDataSource       : HikariPool-1 - Shutdown completed.
2025-08-16T14:40:43.810+08:00  INFO 22152 --- [skyBackend] [main] c.sky.skybackend.SkyBackendApplication   : Starting SkyBackendApplication using Java 21.0.4 with PID 22152 (D:\software\GitProject\skyBackend\target\classes started by W71one in D:\software\GitProject\skyBackend)
2025-08-16T14:40:43.812+08:00  INFO 22152 --- [skyBackend] [main] c.sky.skybackend.SkyBackendApplication   : No active profile set, falling back to 1 default profile: "default"
2025-08-16T14:40:44.451+08:00  INFO 22152 --- [skyBackend] [main] .s.d.r.c.RepositoryConfigurationDelegate : Multiple Spring Data modules found, entering strict repository configuration mode
2025-08-16T14:40:44.453+08:00  INFO 22152 --- [skyBackend] [main] .s.d.r.c.RepositoryConfigurationDelegate : Bootstrapping Spring Data Redis repositories in DEFAULT mode.
2025-08-16T14:40:44.478+08:00  INFO 22152 --- [skyBackend] [main] .s.d.r.c.RepositoryConfigurationDelegate : Finished Spring Data repository scanning in 12 ms. Found 0 Redis repository interfaces.
2025-08-16T14:40:44.905+08:00  INFO 22152 --- [skyBackend] [main] o.s.b.w.embedded.tomcat.TomcatWebServer  : Tomcat initialized with port 8081 (http)
2025-08-16T14:40:44.916+08:00  INFO 22152 --- [skyBackend] [main] o.apache.catalina.core.StandardService   : Starting service [Tomcat]
2025-08-16T14:40:44.917+08:00  INFO 22152 --- [skyBackend] [main] o.apache.catalina.core.StandardEngine    : Starting Servlet engine: [Apache Tomcat/10.1.43]
2025-08-16T14:40:44.959+08:00  INFO 22152 --- [skyBackend] [main] o.a.c.c.C.[Tomcat].[localhost].[/]       : Initializing Spring embedded WebApplicationContext
2025-08-16T14:40:44.959+08:00  INFO 22152 --- [skyBackend] [main] w.s.c.ServletWebServerApplicationContext : Root WebApplicationContext: initialization completed in 1116 ms
2025-08-16T14:40:45.057+08:00  INFO 22152 --- [skyBackend] [main] com.zaxxer.hikari.HikariDataSource       : HikariPool-1 - Starting...
2025-08-16T14:40:45.313+08:00  INFO 22152 --- [skyBackend] [main] com.zaxxer.hikari.pool.HikariPool        : HikariPool-1 - Added connection com.mysql.cj.jdbc.ConnectionImpl@722b2728
2025-08-16T14:40:45.315+08:00  INFO 22152 --- [skyBackend] [main] com.zaxxer.hikari.HikariDataSource       : HikariPool-1 - Start completed.
2025-08-16T14:40:46.529+08:00  INFO 22152 --- [skyBackend] [main] com.sky.skybackend.config.RedisConfig    : RedisTemplate配置完成
2025-08-16T14:40:46.898+08:00  INFO 22152 --- [skyBackend] [main] o.s.b.w.embedded.tomcat.TomcatWebServer  : Tomcat started on port 8081 (http) with context path '/'
2025-08-16T14:40:46.905+08:00  INFO 22152 --- [skyBackend] [main] c.sky.skybackend.SkyBackendApplication   : Started SkyBackendApplication in 3.472 seconds (process running for 3.961)
2025-08-16T14:41:41.566+08:00  INFO 22152 --- [skyBackend] [SpringApplicationShutdownHook] o.s.b.w.e.tomcat.GracefulShutdown        : Commencing graceful shutdown. Waiting for active requests to complete
2025-08-16T14:41:41.575+08:00  INFO 22152 --- [skyBackend] [tomcat-shutdown] o.s.b.w.e.tomcat.GracefulShutdown        : Graceful shutdown complete
2025-08-16T14:41:41.586+08:00  INFO 22152 --- [skyBackend] [SpringApplicationShutdownHook] com.zaxxer.hikari.HikariDataSource       : HikariPool-1 - Shutdown initiated...
2025-08-16T14:41:41.590+08:00  INFO 22152 --- [skyBackend] [SpringApplicationShutdownHook] com.zaxxer.hikari.HikariDataSource       : HikariPool-1 - Shutdown completed.
2025-08-16T14:41:45.024+08:00  INFO 16196 --- [skyBackend] [main] c.sky.skybackend.SkyBackendApplication   : Starting SkyBackendApplication using Java 21.0.4 with PID 16196 (D:\software\GitProject\skyBackend\target\classes started by W71one in D:\software\GitProject\skyBackend)
2025-08-16T14:41:45.026+08:00  INFO 16196 --- [skyBackend] [main] c.sky.skybackend.SkyBackendApplication   : No active profile set, falling back to 1 default profile: "default"
2025-08-16T14:41:45.711+08:00  INFO 16196 --- [skyBackend] [main] .s.d.r.c.RepositoryConfigurationDelegate : Multiple Spring Data modules found, entering strict repository configuration mode
2025-08-16T14:41:45.713+08:00  INFO 16196 --- [skyBackend] [main] .s.d.r.c.RepositoryConfigurationDelegate : Bootstrapping Spring Data Redis repositories in DEFAULT mode.
2025-08-16T14:41:45.738+08:00  INFO 16196 --- [skyBackend] [main] .s.d.r.c.RepositoryConfigurationDelegate : Finished Spring Data repository scanning in 13 ms. Found 0 Redis repository interfaces.
2025-08-16T14:41:46.167+08:00  INFO 16196 --- [skyBackend] [main] o.s.b.w.embedded.tomcat.TomcatWebServer  : Tomcat initialized with port 8081 (http)
2025-08-16T14:41:46.187+08:00  INFO 16196 --- [skyBackend] [main] o.apache.catalina.core.StandardService   : Starting service [Tomcat]
2025-08-16T14:41:46.187+08:00  INFO 16196 --- [skyBackend] [main] o.apache.catalina.core.StandardEngine    : Starting Servlet engine: [Apache Tomcat/10.1.43]
2025-08-16T14:41:46.229+08:00  INFO 16196 --- [skyBackend] [main] o.a.c.c.C.[Tomcat].[localhost].[/]       : Initializing Spring embedded WebApplicationContext
2025-08-16T14:41:46.230+08:00  INFO 16196 --- [skyBackend] [main] w.s.c.ServletWebServerApplicationContext : Root WebApplicationContext: initialization completed in 1172 ms
2025-08-16T14:41:46.327+08:00  INFO 16196 --- [skyBackend] [main] com.zaxxer.hikari.HikariDataSource       : HikariPool-1 - Starting...
2025-08-16T14:41:46.580+08:00  INFO 16196 --- [skyBackend] [main] com.zaxxer.hikari.pool.HikariPool        : HikariPool-1 - Added connection com.mysql.cj.jdbc.ConnectionImpl@5ca22e19
2025-08-16T14:41:46.582+08:00  INFO 16196 --- [skyBackend] [main] com.zaxxer.hikari.HikariDataSource       : HikariPool-1 - Start completed.
2025-08-16T14:41:47.779+08:00  INFO 16196 --- [skyBackend] [main] com.sky.skybackend.config.RedisConfig    : RedisTemplate配置完成
2025-08-16T14:41:48.132+08:00  INFO 16196 --- [skyBackend] [main] o.s.b.w.embedded.tomcat.TomcatWebServer  : Tomcat started on port 8081 (http) with context path '/'
2025-08-16T14:41:48.140+08:00  INFO 16196 --- [skyBackend] [main] c.sky.skybackend.SkyBackendApplication   : Started SkyBackendApplication in 3.503 seconds (process running for 4.033)
2025-08-16T14:42:49.664+08:00  INFO 16196 --- [skyBackend] [http-nio-8081-exec-2] o.a.c.c.C.[Tomcat].[localhost].[/]       : Initializing Spring DispatcherServlet 'dispatcherServlet'
2025-08-16T14:42:49.665+08:00  INFO 16196 --- [skyBackend] [http-nio-8081-exec-2] o.s.web.servlet.DispatcherServlet        : Initializing Servlet 'dispatcherServlet'
2025-08-16T14:42:49.666+08:00  INFO 16196 --- [skyBackend] [http-nio-8081-exec-2] o.s.web.servlet.DispatcherServlet        : Completed initialization in 1 ms
2025-08-16T14:42:49.670+08:00  INFO 16196 --- [skyBackend] [http-nio-8081-exec-2] com.sky.skybackend.filter.TokenFilter    : 通用请求, 放行
2025-08-16T14:42:49.670+08:00  INFO 16196 --- [skyBackend] [http-nio-8081-exec-2] com.sky.skybackend.filter.TokenFilter    : 通用请求, 放行
2025-08-16T14:42:49.699+08:00  WARN 16196 --- [skyBackend] [http-nio-8081-exec-2] .w.s.m.s.DefaultHandlerExceptionResolver : Resolved [org.springframework.web.HttpRequestMethodNotSupportedException: Request method 'GET' is not supported]
2025-08-16T14:42:57.363+08:00  INFO 16196 --- [skyBackend] [http-nio-8081-exec-1] com.sky.skybackend.filter.TokenFilter    : 通用请求, 放行
2025-08-16T14:42:57.364+08:00  INFO 16196 --- [skyBackend] [http-nio-8081-exec-1] com.sky.skybackend.filter.TokenFilter    : 通用请求, 放行
2025-08-16T14:42:57.561+08:00  INFO 16196 --- [skyBackend] [http-nio-8081-exec-1] com.sky.skybackend.utils.MinioUtil       : 上传失败java.net.NoRouteToHostException: No route to host: getsockopt
2025-08-16T14:42:57.562+08:00  INFO 16196 --- [skyBackend] [http-nio-8081-exec-1] com.sky.skybackend.utils.MinioUtil       : 文件上传成功！本地源文件路径：C:\Users\W71one\AppData\Local\Temp\minio10409193030447887299.temp，minio目标文件路径：sky/63afda6939ba2466be19158c4c77f98c.mp4
2025-08-16T14:44:48.389+08:00  INFO 16196 --- [skyBackend] [SpringApplicationShutdownHook] o.s.b.w.e.tomcat.GracefulShutdown        : Commencing graceful shutdown. Waiting for active requests to complete
2025-08-16T14:44:48.399+08:00  INFO 16196 --- [skyBackend] [tomcat-shutdown] o.s.b.w.e.tomcat.GracefulShutdown        : Graceful shutdown complete
2025-08-16T14:44:48.410+08:00  INFO 16196 --- [skyBackend] [SpringApplicationShutdownHook] com.zaxxer.hikari.HikariDataSource       : HikariPool-1 - Shutdown initiated...
2025-08-16T14:44:48.415+08:00  INFO 16196 --- [skyBackend] [SpringApplicationShutdownHook] com.zaxxer.hikari.HikariDataSource       : HikariPool-1 - Shutdown completed.
2025-08-16T14:44:51.708+08:00  INFO 19420 --- [skyBackend] [main] c.sky.skybackend.SkyBackendApplication   : Starting SkyBackendApplication using Java 21.0.4 with PID 19420 (D:\software\GitProject\skyBackend\target\classes started by W71one in D:\software\GitProject\skyBackend)
2025-08-16T14:44:51.709+08:00  INFO 19420 --- [skyBackend] [main] c.sky.skybackend.SkyBackendApplication   : No active profile set, falling back to 1 default profile: "default"
2025-08-16T14:44:52.405+08:00  INFO 19420 --- [skyBackend] [main] .s.d.r.c.RepositoryConfigurationDelegate : Multiple Spring Data modules found, entering strict repository configuration mode
2025-08-16T14:44:52.407+08:00  INFO 19420 --- [skyBackend] [main] .s.d.r.c.RepositoryConfigurationDelegate : Bootstrapping Spring Data Redis repositories in DEFAULT mode.
2025-08-16T14:44:52.437+08:00  INFO 19420 --- [skyBackend] [main] .s.d.r.c.RepositoryConfigurationDelegate : Finished Spring Data repository scanning in 15 ms. Found 0 Redis repository interfaces.
2025-08-16T14:44:52.902+08:00  INFO 19420 --- [skyBackend] [main] o.s.b.w.embedded.tomcat.TomcatWebServer  : Tomcat initialized with port 8081 (http)
2025-08-16T14:44:52.916+08:00  INFO 19420 --- [skyBackend] [main] o.apache.catalina.core.StandardService   : Starting service [Tomcat]
2025-08-16T14:44:52.916+08:00  INFO 19420 --- [skyBackend] [main] o.apache.catalina.core.StandardEngine    : Starting Servlet engine: [Apache Tomcat/10.1.43]
2025-08-16T14:44:52.969+08:00  INFO 19420 --- [skyBackend] [main] o.a.c.c.C.[Tomcat].[localhost].[/]       : Initializing Spring embedded WebApplicationContext
2025-08-16T14:44:52.970+08:00  INFO 19420 --- [skyBackend] [main] w.s.c.ServletWebServerApplicationContext : Root WebApplicationContext: initialization completed in 1229 ms
2025-08-16T14:44:53.075+08:00  INFO 19420 --- [skyBackend] [main] com.zaxxer.hikari.HikariDataSource       : HikariPool-1 - Starting...
2025-08-16T14:44:53.335+08:00  INFO 19420 --- [skyBackend] [main] com.zaxxer.hikari.pool.HikariPool        : HikariPool-1 - Added connection com.mysql.cj.jdbc.ConnectionImpl@3d6778d5
2025-08-16T14:44:53.336+08:00  INFO 19420 --- [skyBackend] [main] com.zaxxer.hikari.HikariDataSource       : HikariPool-1 - Start completed.
2025-08-16T14:44:54.595+08:00  INFO 19420 --- [skyBackend] [main] com.sky.skybackend.config.RedisConfig    : RedisTemplate配置完成
2025-08-16T14:44:54.971+08:00  INFO 19420 --- [skyBackend] [main] o.s.b.w.embedded.tomcat.TomcatWebServer  : Tomcat started on port 8081 (http) with context path '/'
2025-08-16T14:44:54.979+08:00  INFO 19420 --- [skyBackend] [main] c.sky.skybackend.SkyBackendApplication   : Started SkyBackendApplication in 3.663 seconds (process running for 4.164)
2025-08-16T14:44:58.994+08:00  INFO 19420 --- [skyBackend] [http-nio-8081-exec-1] o.a.c.c.C.[Tomcat].[localhost].[/]       : Initializing Spring DispatcherServlet 'dispatcherServlet'
2025-08-16T14:44:58.994+08:00  INFO 19420 --- [skyBackend] [http-nio-8081-exec-1] o.s.web.servlet.DispatcherServlet        : Initializing Servlet 'dispatcherServlet'
2025-08-16T14:44:58.995+08:00  INFO 19420 --- [skyBackend] [http-nio-8081-exec-1] o.s.web.servlet.DispatcherServlet        : Completed initialization in 0 ms
2025-08-16T14:44:58.999+08:00  INFO 19420 --- [skyBackend] [http-nio-8081-exec-1] com.sky.skybackend.filter.TokenFilter    : 通用请求, 放行
2025-08-16T14:44:58.999+08:00  INFO 19420 --- [skyBackend] [http-nio-8081-exec-1] com.sky.skybackend.filter.TokenFilter    : 通用请求, 放行
2025-08-16T14:44:59.444+08:00  INFO 19420 --- [skyBackend] [http-nio-8081-exec-1] com.sky.skybackend.utils.MinioUtil       : 文件已存在，返回已存在的路径
2025-08-16T14:45:25.132+08:00  INFO 19420 --- [skyBackend] [http-nio-8081-exec-2] com.sky.skybackend.filter.TokenFilter    : 通用请求, 放行
2025-08-16T14:45:25.132+08:00  INFO 19420 --- [skyBackend] [http-nio-8081-exec-2] com.sky.skybackend.filter.TokenFilter    : 通用请求, 放行
2025-08-16T14:45:26.563+08:00  INFO 19420 --- [skyBackend] [http-nio-8081-exec-2] com.sky.skybackend.utils.MinioUtil       : 上传成功
2025-08-16T14:46:00.293+08:00  INFO 19420 --- [skyBackend] [http-nio-8081-exec-3] com.sky.skybackend.filter.TokenFilter    : 通用请求, 放行
2025-08-16T14:46:00.293+08:00  INFO 19420 --- [skyBackend] [http-nio-8081-exec-3] com.sky.skybackend.filter.TokenFilter    : 通用请求, 放行
2025-08-16T14:46:00.361+08:00  INFO 19420 --- [skyBackend] [http-nio-8081-exec-3] com.sky.skybackend.utils.MinioUtil       : 文件已存在，返回已存在的路径
2025-08-16T14:46:35.426+08:00  INFO 19420 --- [skyBackend] [http-nio-8081-exec-4] com.sky.skybackend.filter.TokenFilter    : 通用请求, 放行
2025-08-16T14:46:35.427+08:00  INFO 19420 --- [skyBackend] [http-nio-8081-exec-4] com.sky.skybackend.filter.TokenFilter    : 通用请求, 放行
2025-08-16T14:46:36.421+08:00  INFO 19420 --- [skyBackend] [http-nio-8081-exec-4] com.sky.skybackend.utils.MinioUtil       : 上传成功
2025-08-16T14:46:48.957+08:00  INFO 19420 --- [skyBackend] [SpringApplicationShutdownHook] o.s.b.w.e.tomcat.GracefulShutdown        : Commencing graceful shutdown. Waiting for active requests to complete
2025-08-16T14:46:48.966+08:00  INFO 19420 --- [skyBackend] [tomcat-shutdown] o.s.b.w.e.tomcat.GracefulShutdown        : Graceful shutdown complete
2025-08-16T14:46:48.978+08:00  INFO 19420 --- [skyBackend] [SpringApplicationShutdownHook] com.zaxxer.hikari.HikariDataSource       : HikariPool-1 - Shutdown initiated...
2025-08-16T14:46:48.982+08:00  INFO 19420 --- [skyBackend] [SpringApplicationShutdownHook] com.zaxxer.hikari.HikariDataSource       : HikariPool-1 - Shutdown completed.
